startUserId,endStoryId,createdAt
U0714,S0001,2025-12-24T11:41:22
U0352,S0002,2024-12-11T07:14:58
U0758,S0003,2025-05-02T18:37:27
U0591,S0004,2025-10-13T10:30:14
U0605,S0005,2026-03-28T06:53:54
U0572,S0006,2025-11-05T07:48:49
U0226,S0007,2026-03-05T04:08:47
U0500,S0008,2026-01-02T11:49:24
U0765,S0009,2025-06-20T05:50:04
U0629,S0010,2025-10-11T10:53:56
U0558,S0011,2024-08-17T15:18:12
U0847,S0012,2025-10-14T12:46:59
U0794,S0013,2024-10-16T15:33:18
U0489,S0014,2025-07-22T00:16:47
U0644,S0015,2026-03-05T15:52:59
U0155,S0016,2025-08-19T06:30:54
U0432,S0017,2025-12-13T10:07:22
U0113,S0018,2025-06-24T19:12:31
U0459,S0019,2026-02-26T22:21:31
U0853,S0020,2025-11-06T07:23:22
U0105,S0021,2025-04-14T20:09:17
U0436,S0022,2025-08-14T07:45:36
U0426,S0023,2025-12-19T00:30:07
U0167,S0024,2026-02-25T02:24:25
U0042,S0025,2024-02-19T11:02:45
U0352,S0026,2024-11-03T02:07:15
U0528,S0027,2026-02-04T04:37:31
U0503,S0028,2026-02-11T12:17:52
U0808,S0029,2026-01-19T02:45:25
U0062,S0030,2025-03-01T11:21:31
U0197,S0031,2025-07-11T15:57:03
U0425,S0032,2025-08-30T06:40:30
U0114,S0033,2026-01-05T08:07:23
U0387,S0034,2026-02-26T02:47:23
U0538,S0035,2024-05-30T15:22:21
U0634,S0036,2024-06-17T15:14:27
U0708,S0037,2026-03-20T16:32:09
U0203,S0038,2026-03-10T23:49:39
U0095,S0039,2025-05-01T17:53:13
U0286,S0040,2025-12-09T18:05:36
U0166,S0041,2026-03-24T02:41:21
U0873,S0042,2026-02-16T11:10:03
U0044,S0043,2025-04-21T11:07:12
U0575,S0044,2026-01-01T15:17:37
U0896,S0045,2025-04-22T19:53:45
U0857,S0046,2026-01-21T06:34:01
U0808,S0047,2025-01-20T17:36:41
U0677,S0048,2024-09-28T10:56:21
U0461,S0049,2025-11-18T06:16:09
U0297,S0050,2024-10-10T03:31:37
U0579,S0051,2025-11-14T12:42:37
U0660,S0052,2025-10-09T16:19:45
U0770,S0053,2025-10-07T16:42:42
U0646,S0054,2025-11-19T00:52:17
U0281,S0055,2025-09-27T16:31:51
U0502,S0056,2026-02-17T19:51:09
U0574,S0057,2024-07-08T07:35:57
U0581,S0058,2025-07-17T01:20:20
U0680,S0059,2026-02-14T12:50:29
U0776,S0060,2025-09-23T10:46:07
U0014,S0061,2024-08-11T13:57:16
U0025,S0062,2025-10-27T14:42:58
U0322,S0063,2025-04-30T21:43:40
U0776,S0064,2025-11-12T09:32:02
U0301,S0065,2025-10-25T02:42:06
U0741,S0066,2025-05-19T02:16:00
U0663,S0067,2026-03-12T19:04:38
U0040,S0068,2026-02-14T10:50:12
U0740,S0069,2025-12-15T03:45:08
U0380,S0070,2026-02-02T02:55:27
U0448,S0071,2026-02-21T12:33:02
U0008,S0072,2025-09-13T04:27:42
U0347,S0073,2025-11-20T08:52:20
U0617,S0074,2026-03-16T23:03:28
U0256,S0075,2025-11-26T23:12:13
U0165,S0076,2025-07-31T16:30:59
U0202,S0077,2025-11-15T12:43:44
U0606,S0078,2025-07-29T12:13:00
U0030,S0079,2024-04-17T17:41:52
U0535,S0080,2025-11-21T13:17:37
U0212,S0081,2025-09-24T00:44:17
U0178,S0082,2026-03-10T23:42:27
U0494,S0083,2025-12-26T13:13:12
U0735,S0084,2025-12-31T03:18:13
U0819,S0085,2025-05-20T04:04:26
U0567,S0086,2025-01-23T06:41:40
U0827,S0087,2026-03-27T04:26:54
U0552,S0088,2025-05-22T18:58:58
U0156,S0089,2026-03-25T20:43:03
U0897,S0090,2025-08-10T19:47:38
U0298,S0091,2026-01-06T05:43:34
U0306,S0092,2025-11-15T17:12:28
U0263,S0093,2026-02-02T12:15:38
U0803,S0094,2025-03-09T03:56:50
U0220,S0095,2024-08-18T08:34:25
U0425,S0096,2025-07-10T14:34:13
U0673,S0097,2025-06-30T22:45:32
U0652,S0098,2025-03-16T22:04:40
U0650,S0099,2025-11-27T22:15:47
U0644,S0100,2025-10-07T03:46:36
U0259,S0101,2026-02-22T11:30:11
U0393,S0102,2026-03-05T08:47:47
U0849,S0103,2026-01-13T07:22:14
U0169,S0104,2025-01-21T00:20:40
U0089,S0105,2026-03-17T02:14:01
U0768,S0106,2025-03-18T12:37:22
U0189,S0107,2026-01-31T03:22:25
U0330,S0108,2025-07-26T17:48:41
U0012,S0109,2025-02-16T21:43:46
U0171,S0110,2026-03-15T14:18:53
U0543,S0111,2025-11-14T19:19:00
U0175,S0112,2024-11-18T16:01:00
U0015,S0113,2026-03-25T14:09:26
U0614,S0114,2025-11-21T23:55:04
U0831,S0115,2025-05-26T12:09:02
U0082,S0116,2024-03-19T13:35:26
U0300,S0117,2025-10-27T09:53:16
U0525,S0118,2025-02-17T11:38:29
U0282,S0119,2026-01-08T04:47:03
U0251,S0120,2025-10-20T03:13:13
U0795,S0121,2026-03-01T18:51:42
U0707,S0122,2026-02-09T12:03:17
U0760,S0123,2025-09-21T16:15:03
U0368,S0124,2025-08-22T16:15:09
U0163,S0125,2025-03-21T06:01:32
U0586,S0126,2026-03-06T07:50:53
U0548,S0127,2025-08-14T09:13:37
U0168,S0128,2026-02-04T10:59:21
U0833,S0129,2026-01-21T23:23:23
U0200,S0130,2026-01-25T15:35:06
U0269,S0131,2025-04-18T15:57:25
U0402,S0132,2026-01-23T14:43:50
U0892,S0133,2026-01-22T21:53:11
U0878,S0134,2025-02-13T05:44:48
U0654,S0135,2025-02-27T22:39:23
U0465,S0136,2025-04-02T17:11:36
U0437,S0137,2026-02-27T13:53:30
U0367,S0138,2025-12-14T05:00:30
U0023,S0139,2025-01-18T10:49:26
U0785,S0140,2026-01-13T11:42:20
U0163,S0141,2024-08-26T12:21:00
U0298,S0142,2025-03-07T09:57:13
U0024,S0143,2025-11-09T23:09:53
U0793,S0144,2025-10-17T12:21:07
U0026,S0145,2026-03-20T22:25:34
U0713,S0146,2026-03-12T14:29:55
U0436,S0147,2025-08-20T05:50:57
U0440,S0148,2026-03-19T21:21:34
U0572,S0149,2025-07-14T08:40:22
U0365,S0150,2026-03-28T16:46:35
U0562,S0151,2025-08-12T06:21:36
U0184,S0152,2025-09-23T17:12:20
U0418,S0153,2026-01-12T17:11:18
U0506,S0154,2026-03-28T21:13:37
U0826,S0155,2026-02-16T16:42:42
U0333,S0156,2025-10-20T07:52:39
U0721,S0157,2026-03-29T03:16:25
U0610,S0158,2025-03-22T09:57:44
U0514,S0159,2025-04-24T05:17:54
U0431,S0160,2025-07-25T23:03:50
U0199,S0161,2025-01-04T15:40:01
U0492,S0162,2025-02-26T14:04:37
U0850,S0163,2026-04-01T01:33:37
U0469,S0164,2026-03-20T03:12:34
U0469,S0165,2025-02-11T17:42:45
U0107,S0166,2026-01-12T12:05:58
U0340,S0167,2024-10-11T13:54:18
U0326,S0168,2026-03-04T02:07:29
U0150,S0169,2026-03-30T18:43:12
U0342,S0170,2026-02-04T04:31:09
U0264,S0171,2024-06-25T07:12:07
U0163,S0172,2024-11-14T10:21:46
U0578,S0173,2024-06-20T03:59:28
U0049,S0174,2025-03-15T15:32:42
U0894,S0175,2025-09-17T23:14:32
U0254,S0176,2026-03-20T11:32:32
U0268,S0177,2026-03-05T14:04:43
U0071,S0178,2026-01-14T10:31:11
U0531,S0179,2025-08-18T08:31:13
U0049,S0180,2025-09-14T14:04:04
U0796,S0181,2025-07-28T03:28:40
U0600,S0182,2026-03-13T18:27:15
U0572,S0183,2026-01-27T16:25:49
U0601,S0184,2024-04-08T01:49:23
U0445,S0185,2025-07-22T18:27:36
U0875,S0186,2025-10-04T08:04:18
U0281,S0187,2024-10-18T04:14:25
U0854,S0188,2026-02-21T14:03:54
U0652,S0189,2025-05-08T20:49:15
U0748,S0190,2026-02-02T18:49:36
U0784,S0191,2026-03-04T03:41:33
U0018,S0192,2025-07-26T00:28:23
U0492,S0193,2025-10-08T03:16:07
U0261,S0194,2025-11-20T16:22:29
U0116,S0195,2025-11-17T01:10:21
U0385,S0196,2026-01-12T18:01:26
U0417,S0197,2025-07-31T16:59:32
U0515,S0198,2025-12-25T08:14:33
U0050,S0199,2026-02-15T00:17:39
U0785,S0200,2026-02-18T06:55:54
U0103,S0201,2024-05-29T21:34:47
U0779,S0202,2025-05-29T23:49:58
U0690,S0203,2026-01-09T08:48:05
U0824,S0204,2026-03-28T05:51:52
U0412,S0205,2025-10-15T09:08:47
U0404,S0206,2026-01-06T22:51:08
U0385,S0207,2026-01-18T13:12:18
U0701,S0208,2025-04-23T12:27:11
U0685,S0209,2024-05-20T12:48:36
U0492,S0210,2026-03-07T13:53:57
U0206,S0211,2026-03-19T08:07:35
U0651,S0212,2026-02-04T10:39:38
U0238,S0213,2025-03-10T04:26:06
U0082,S0214,2025-09-09T05:40:53
U0856,S0215,2025-10-03T02:40:17
U0359,S0216,2026-03-17T17:09:53
U0562,S0217,2025-02-21T21:47:42
U0190,S0218,2026-03-08T01:40:18
U0026,S0219,2026-02-08T11:48:50
U0116,S0220,2025-12-01T13:25:46
U0544,S0221,2025-04-10T02:05:53
U0232,S0222,2025-07-26T00:59:58
U0551,S0223,2025-09-25T06:23:18
U0217,S0224,2025-06-07T09:40:09
U0005,S0225,2025-08-02T16:09:36
U0431,S0226,2025-07-03T14:18:02
U0163,S0227,2025-06-20T17:09:32
U0409,S0228,2026-01-30T11:30:30
U0188,S0229,2024-12-25T23:53:30
U0031,S0230,2025-05-02T10:06:09
U0151,S0231,2025-12-09T15:17:04
U0531,S0232,2025-09-01T17:48:51
U0102,S0233,2025-07-18T17:48:26
U0701,S0234,2025-03-31T02:19:10
U0557,S0235,2025-02-06T23:37:23
U0862,S0236,2025-09-07T08:33:08
U0704,S0237,2025-11-07T17:51:59
U0301,S0238,2026-02-20T21:46:18
U0888,S0239,2026-02-12T04:39:12
U0429,S0240,2025-06-27T08:29:35
U0400,S0241,2025-09-24T19:17:01
U0772,S0242,2025-10-01T21:26:15
U0015,S0243,2026-01-06T12:28:54
U0586,S0244,2026-03-09T03:32:27
U0533,S0245,2026-04-01T04:24:33
U0865,S0246,2026-03-15T00:51:46
U0042,S0247,2025-05-10T18:33:08
U0566,S0248,2024-11-14T10:42:05
U0504,S0249,2025-04-03T23:01:01
U0105,S0250,2024-09-20T06:16:39
