startUserId,endNotificationId
U0201,N0001
U0569,N0002
U0353,N0003
U0278,N0004
U0391,N0005
U0042,N0006
U0899,N0007
U0869,N0008
U0279,N0009
U0073,N0010
U0792,N0011
U0337,N0012
U0491,N0013
U0111,N0014
U0031,N0015
U0835,N0016
U0423,N0017
U0708,N0018
U0316,N0019
U0296,N0020
U0385,N0021
U0773,N0022
U0312,N0023
U0440,N0024
U0710,N0025
U0586,N0026
U0377,N0027
U0025,N0028
U0719,N0029
U0627,N0030
U0443,N0031
U0783,N0032
U0731,N0033
U0794,N0034
U0728,N0035
U0050,N0036
U0253,N0037
U0212,N0038
U0216,N0039
U0703,N0040
U0173,N0041
U0084,N0042
U0010,N0043
U0368,N0044
U0349,N0045
U0636,N0046
U0289,N0047
U0377,N0048
U0856,N0049
U0034,N0050
U0445,N0051
U0232,N0052
U0877,N0053
U0317,N0054
U0584,N0055
U0467,N0056
U0080,N0057
U0125,N0058
U0715,N0059
U0761,N0060
U0867,N0061
U0423,N0062
U0189,N0063
U0688,N0064
U0536,N0065
U0341,N0066
U0842,N0067
U0096,N0068
U0726,N0069
U0753,N0070
U0873,N0071
U0847,N0072
U0875,N0073
U0634,N0074
U0106,N0075
U0464,N0076
U0030,N0077
U0522,N0078
U0701,N0079
U0608,N0080
U0893,N0081
U0621,N0082
U0812,N0083
U0354,N0084
U0054,N0085
U0613,N0086
U0205,N0087
U0383,N0088
U0587,N0089
U0347,N0090
U0309,N0091
U0046,N0092
U0475,N0093
U0132,N0094
U0234,N0095
U0724,N0096
U0233,N0097
U0316,N0098
U0414,N0099
U0351,N0100
U0133,N0101
U0745,N0102
U0650,N0103
U0476,N0104
U0378,N0105
U0377,N0106
U0785,N0107
U0697,N0108
U0093,N0109
U0575,N0110
U0755,N0111
U0564,N0112
U0105,N0113
U0451,N0114
U0149,N0115
U0288,N0116
U0689,N0117
U0632,N0118
U0577,N0119
U0631,N0120
