startPostId,endCommentId
P00255,C00001
P01189,C00002
P01081,C00003
P01067,C00004
P01253,C00005
P01205,C00006
P01664,C00007
P00559,C00008
P01481,C00009
P00152,C00010
P00610,C00011
P01729,C00012
P00087,C00013
P01190,C00014
P00731,C00015
P00491,C00016
P00991,C00017
P00279,C00018
P00015,C00019
P00556,C00020
P01599,C00021
P01046,C00022
P00649,C00023
P00613,C00024
P01325,C00025
P01538,C00026
P01626,C00027
P00955,C00028
P01563,C00029
P00553,C00030
P00949,C00031
P00600,C00032
P01783,C00033
P01371,C00034
P00304,C00035
P00635,C00036
P00356,C00037
P00317,C00038
P00464,C00039
P00533,C00040
P01771,C00041
P00800,C00042
P01714,C00043
P00253,C00044
P01291,C00045
P01376,C00046
P01507,C00047
P00830,C00048
P01785,C00049
P01392,C00050
P01647,C00051
P00159,C00052
P00061,C00053
P00008,C00054
P00613,C00055
P01058,C00056
P01037,C00057
P01757,C00058
P00763,C00059
P01314,C00060
P00004,C00061
P00076,C00062
P01530,C00063
P01689,C00064
P01449,C00065
P01276,C00066
P01130,C00067
P01129,C00068
P01274,C00069
P01147,C00070
P01499,C00071
P01598,C00072
P01790,C00073
P00673,C00074
P01063,C00075
P00988,C00076
P01580,C00077
P01243,C00078
P00848,C00079
P01310,C00080
P00676,C00081
P01406,C00082
P00713,C00083
P00681,C00084
P01392,C00085
P00435,C00086
P01630,C00087
P01356,C00088
P01356,C00089
P01410,C00090
P00058,C00091
P01234,C00092
P01012,C00093
P00108,C00094
P01368,C00095
P00545,C00096
P00128,C00097
P00064,C00098
P00430,C00099
P00824,C00100
P01098,C00101
P01387,C00102
P01696,C00103
P01413,C00104
P00555,C00105
P01059,C00106
P00736,C00107
P01080,C00108
P00852,C00109
P01616,C00110
P00926,C00111
P00903,C00112
P00529,C00113
P00010,C00114
P00575,C00115
P00434,C00116
P01644,C00117
P00650,C00118
P00344,C00119
P01796,C00120
P00191,C00121
P00899,C00122
P00278,C00123
P01560,C00124
P00982,C00125
P01640,C00126
P00484,C00127
P01333,C00128
P01560,C00129
P01647,C00130
P01795,C00131
P00609,C00132
P00501,C00133
P00038,C00134
P00254,C00135
P00729,C00136
P00637,C00137
P01245,C00138
P00650,C00139
P00864,C00140
P00715,C00141
P01352,C00142
P01014,C00143
P01348,C00144
P00346,C00145
P01338,C00146
P01344,C00147
P01726,C00148
P00230,C00149
P01741,C00150
P01782,C00151
P00294,C00152
P00493,C00153
P00670,C00154
P00153,C00155
P01699,C00156
P01502,C00157
P01059,C00158
P00434,C00159
P00397,C00160
P01249,C00161
P00787,C00162
P01750,C00163
P00833,C00164
P00744,C00165
P00762,C00166
P00753,C00167
P00531,C00168
P00909,C00169
P01176,C00170
P00405,C00171
P01782,C00172
P00286,C00173
P00912,C00174
P01776,C00175
P01189,C00176
P01332,C00177
P01525,C00178
P01263,C00179
P00040,C00180
P00006,C00181
P00532,C00182
P00709,C00183
P01011,C00184
P00163,C00185
P00018,C00186
P01455,C00187
P00157,C00188
P00428,C00189
P01619,C00190
P00630,C00191
P01800,C00192
P00861,C00193
P00602,C00194
P01528,C00195
P00649,C00196
P01591,C00197
P01021,C00198
P00218,C00199
P01688,C00200
P00260,C00201
P00781,C00202
P01611,C00203
P00720,C00204
P00598,C00205
P01606,C00206
P00918,C00207
P00781,C00208
P01178,C00209
P00709,C00210
P00128,C00211
P01049,C00212
P00712,C00213
P00427,C00214
P00634,C00215
P00883,C00216
P00832,C00217
P00919,C00218
P01294,C00219
P01717,C00220
P01450,C00221
P00796,C00222
P01310,C00223
P00369,C00224
P00137,C00225
P01145,C00226
P00991,C00227
P00733,C00228
P01446,C00229
P01658,C00230
P00602,C00231
P01562,C00232
P00742,C00233
P01503,C00234
P01768,C00235
P00438,C00236
P01332,C00237
P00126,C00238
P00634,C00239
P00394,C00240
P01731,C00241
P00686,C00242
P01343,C00243
P01383,C00244
P01239,C00245
P00230,C00246
P00257,C00247
P01591,C00248
P01340,C00249
P01750,C00250
P00729,C00251
P00141,C00252
P01388,C00253
P01151,C00254
P00128,C00255
P01347,C00256
P00296,C00257
P00601,C00258
P01780,C00259
P01453,C00260
P00665,C00261
P00466,C00262
P01655,C00263
P01589,C00264
P01409,C00265
P01177,C00266
P01293,C00267
P01340,C00268
P00186,C00269
P01517,C00270
P00260,C00271
P01323,C00272
P01002,C00273
P01551,C00274
P00369,C00275
P01788,C00276
P01465,C00277
P00633,C00278
P00479,C00279
P01296,C00280
P00477,C00281
P00649,C00282
P01123,C00283
P00796,C00284
P00437,C00285
P00342,C00286
P00619,C00287
P00869,C00288
P01232,C00289
P00322,C00290
P01580,C00291
P01697,C00292
P01459,C00293
P00676,C00294
P00388,C00295
P01259,C00296
P01722,C00297
P00064,C00298
P01428,C00299
P01593,C00300
P00382,C00301
P00734,C00302
P01474,C00303
P01390,C00304
P01306,C00305
P01555,C00306
P00096,C00307
P00139,C00308
P00772,C00309
P01696,C00310
P00340,C00311
P00896,C00312
P01292,C00313
P00291,C00314
P00697,C00315
P01365,C00316
P00967,C00317
P00551,C00318
P00547,C00319
P00470,C00320
P01585,C00321
P00051,C00322
P00410,C00323
P01482,C00324
P01782,C00325
P01631,C00326
P00428,C00327
P01787,C00328
P00521,C00329
P00052,C00330
P00084,C00331
P01434,C00332
P01177,C00333
P00536,C00334
P01565,C00335
P00203,C00336
P01006,C00337
P00470,C00338
P01553,C00339
P00983,C00340
P00177,C00341
P01017,C00342
P00375,C00343
P00167,C00344
P01622,C00345
P01017,C00346
P01589,C00347
P01385,C00348
P01555,C00349
P01479,C00350
P01696,C00351
P00176,C00352
P01761,C00353
P00640,C00354
P00608,C00355
P01343,C00356
P01004,C00357
P00909,C00358
P00343,C00359
P00876,C00360
P00630,C00361
P01088,C00362
P01755,C00363
P01040,C00364
P01014,C00365
P00410,C00366
P00663,C00367
P01530,C00368
P00307,C00369
P00982,C00370
P01466,C00371
P01571,C00372
P01106,C00373
P00688,C00374
P01527,C00375
P01456,C00376
P01335,C00377
P00812,C00378
P00561,C00379
P01065,C00380
P00066,C00381
P01262,C00382
P01316,C00383
P00504,C00384
P00586,C00385
P01183,C00386
P00027,C00387
P00685,C00388
P00712,C00389
P00869,C00390
P00830,C00391
P00535,C00392
P01634,C00393
P00695,C00394
P00764,C00395
P00505,C00396
P01579,C00397
P00696,C00398
P01131,C00399
P01383,C00400
P00964,C00401
P00015,C00402
P00255,C00403
P00083,C00404
P00619,C00405
P00721,C00406
P01112,C00407
P01611,C00408
P01283,C00409
P00569,C00410
P00578,C00411
P01056,C00412
P00708,C00413
P00394,C00414
P00064,C00415
P01327,C00416
P01484,C00417
P00660,C00418
P00026,C00419
P00657,C00420
P00749,C00421
P00145,C00422
P00164,C00423
P00312,C00424
P00718,C00425
P00413,C00426
P00263,C00427
P01540,C00428
P00469,C00429
P00926,C00430
P01788,C00431
P00096,C00432
P01716,C00433
P00893,C00434
P00310,C00435
P00258,C00436
P01074,C00437
P01441,C00438
P01788,C00439
P01593,C00440
P01296,C00441
P00784,C00442
P01627,C00443
P00633,C00444
P00458,C00445
P00464,C00446
P00143,C00447
P00578,C00448
P00389,C00449
P00449,C00450
P00823,C00451
P01578,C00452
P01150,C00453
P01748,C00454
P00703,C00455
P00026,C00456
P01644,C00457
P01460,C00458
P01672,C00459
P00646,C00460
P01758,C00461
P00372,C00462
P00279,C00463
P00782,C00464
P00241,C00465
P01502,C00466
P00786,C00467
P01046,C00468
P01417,C00469
P00802,C00470
P00013,C00471
P01769,C00472
P00889,C00473
P00647,C00474
P00293,C00475
P00184,C00476
P01469,C00477
P00833,C00478
P01787,C00479
P00785,C00480
P00619,C00481
P01053,C00482
P00359,C00483
P01472,C00484
P01542,C00485
P00200,C00486
P01563,C00487
P01631,C00488
P00763,C00489
P01552,C00490
P00400,C00491
P00679,C00492
P00358,C00493
P00104,C00494
P00282,C00495
P00200,C00496
P00474,C00497
P01232,C00498
P00072,C00499
P01546,C00500
P00245,C00501
P01141,C00502
P00628,C00503
P00989,C00504
P00429,C00505
P01565,C00506
P01770,C00507
P01744,C00508
P01528,C00509
P00861,C00510
P01224,C00511
P00771,C00512
P00383,C00513
P01498,C00514
P01717,C00515
P00719,C00516
P01434,C00517
P00350,C00518
P01525,C00519
P00965,C00520
P00319,C00521
P01106,C00522
P00400,C00523
P00170,C00524
P00692,C00525
P00123,C00526
P01328,C00527
P00466,C00528
P01386,C00529
P00488,C00530
P01685,C00531
P01710,C00532
P01703,C00533
P01384,C00534
P01168,C00535
P00561,C00536
P01328,C00537
P00015,C00538
P00051,C00539
P01404,C00540
P00557,C00541
P00939,C00542
P01075,C00543
P01757,C00544
P01434,C00545
P01626,C00546
P01134,C00547
P00431,C00548
P00499,C00549
P01184,C00550
P00499,C00551
P00136,C00552
P01512,C00553
P01278,C00554
P01029,C00555
P01195,C00556
P00806,C00557
P01663,C00558
P00782,C00559
P00555,C00560
P00755,C00561
P01071,C00562
P00917,C00563
P01673,C00564
P00425,C00565
P00407,C00566
P00525,C00567
P00735,C00568
P00070,C00569
P01577,C00570
P00962,C00571
P01660,C00572
P00315,C00573
P01678,C00574
P01558,C00575
P01733,C00576
P01675,C00577
P00392,C00578
P00438,C00579
P01712,C00580
P01054,C00581
P00095,C00582
P00615,C00583
P01753,C00584
P00934,C00585
P00081,C00586
P01572,C00587
P01550,C00588
P00462,C00589
P01209,C00590
P01014,C00591
P00081,C00592
P00991,C00593
P00031,C00594
P00771,C00595
P00306,C00596
P00322,C00597
P01428,C00598
P01368,C00599
P01652,C00600
P00532,C00601
P00502,C00602
P00842,C00603
P00578,C00604
P01573,C00605
P01461,C00606
P00954,C00607
P00247,C00608
P01152,C00609
P01216,C00610
P01055,C00611
P00209,C00612
P01525,C00613
P00790,C00614
P00379,C00615
P00363,C00616
P01541,C00617
P00103,C00618
P00809,C00619
P01278,C00620
P01114,C00621
P00313,C00622
P01230,C00623
P01293,C00624
P01780,C00625
P01434,C00626
P00375,C00627
P00817,C00628
P01001,C00629
P01253,C00630
P01765,C00631
P00278,C00632
P01237,C00633
P01242,C00634
P00977,C00635
P01682,C00636
P00354,C00637
P00564,C00638
P01360,C00639
P00322,C00640
P00084,C00641
P00689,C00642
P01120,C00643
P01528,C00644
P01095,C00645
P01615,C00646
P01027,C00647
P00477,C00648
P00748,C00649
P01441,C00650
P01653,C00651
P00353,C00652
P01610,C00653
P00471,C00654
P00927,C00655
P00623,C00656
P01739,C00657
P01777,C00658
P01030,C00659
P00078,C00660
P00414,C00661
P01422,C00662
P00515,C00663
P00936,C00664
P00756,C00665
P00692,C00666
P00452,C00667
P00535,C00668
P01717,C00669
P00879,C00670
P01240,C00671
P00906,C00672
P00531,C00673
P01357,C00674
P00432,C00675
P00352,C00676
P01369,C00677
P00305,C00678
P00319,C00679
P00604,C00680
P01490,C00681
P01775,C00682
P00438,C00683
P00271,C00684
P00677,C00685
P01214,C00686
P00613,C00687
P00932,C00688
P00818,C00689
P00573,C00690
P00917,C00691
P01471,C00692
P00773,C00693
P01687,C00694
P01483,C00695
P00005,C00696
P00594,C00697
P00337,C00698
P00957,C00699
P00394,C00700
P01764,C00701
P00479,C00702
P00514,C00703
P00892,C00704
P01210,C00705
P01598,C00706
P00154,C00707
P00960,C00708
P00323,C00709
P00440,C00710
P01082,C00711
P00403,C00712
P01312,C00713
P01396,C00714
P00926,C00715
P00345,C00716
P00960,C00717
P01563,C00718
P00407,C00719
P00632,C00720
P00467,C00721
P00794,C00722
P01577,C00723
P01460,C00724
P00785,C00725
P00632,C00726
P00145,C00727
P01622,C00728
P00062,C00729
P00897,C00730
P00473,C00731
P01066,C00732
P00758,C00733
P01040,C00734
P00278,C00735
P01351,C00736
P00679,C00737
P01030,C00738
P00768,C00739
P01545,C00740
P01362,C00741
P00729,C00742
P01074,C00743
P00123,C00744
P00212,C00745
P01604,C00746
P01429,C00747
P01008,C00748
P01640,C00749
P01779,C00750
P01338,C00751
P01669,C00752
P01520,C00753
P00654,C00754
P01443,C00755
P01364,C00756
P00819,C00757
P01754,C00758
P01359,C00759
P01668,C00760
P00055,C00761
P00614,C00762
P00662,C00763
P00861,C00764
P01133,C00765
P00816,C00766
P00774,C00767
P01010,C00768
P01461,C00769
P00518,C00770
P01194,C00771
P00588,C00772
P00558,C00773
P00810,C00774
P01084,C00775
P00440,C00776
P01339,C00777
P00896,C00778
P00759,C00779
P00501,C00780
P00260,C00781
P00923,C00782
P01744,C00783
P00017,C00784
P01584,C00785
P01280,C00786
P00680,C00787
P00137,C00788
P00967,C00789
P01758,C00790
P01665,C00791
P00975,C00792
P00946,C00793
P00468,C00794
P00088,C00795
P01006,C00796
P00130,C00797
P01124,C00798
P01570,C00799
P00920,C00800
P00530,C00801
P00181,C00802
P01765,C00803
P00396,C00804
P01569,C00805
P00350,C00806
P00050,C00807
P00091,C00808
P00482,C00809
P01050,C00810
P00325,C00811
P01228,C00812
P01077,C00813
P00033,C00814
P00313,C00815
P00826,C00816
P00234,C00817
P01193,C00818
P00250,C00819
P01630,C00820
P00779,C00821
P01511,C00822
P00438,C00823
P01411,C00824
P00480,C00825
P01350,C00826
P00340,C00827
P00312,C00828
P01097,C00829
P00050,C00830
P00561,C00831
P00195,C00832
P00183,C00833
P00254,C00834
P00182,C00835
P00921,C00836
P01150,C00837
P00447,C00838
P01686,C00839
P01263,C00840
P01736,C00841
P00676,C00842
P00761,C00843
P01491,C00844
P00492,C00845
P00299,C00846
P01431,C00847
P00524,C00848
P00053,C00849
P00820,C00850
P01145,C00851
P01520,C00852
P00938,C00853
P00256,C00854
P00991,C00855
P00262,C00856
P01024,C00857
P01075,C00858
P01066,C00859
P01471,C00860
P01482,C00861
P00285,C00862
P01770,C00863
P00446,C00864
P00947,C00865
P01448,C00866
P01339,C00867
P01616,C00868
P01729,C00869
P01325,C00870
P00294,C00871
P01173,C00872
P01141,C00873
P00089,C00874
P00661,C00875
P00896,C00876
P00760,C00877
P01608,C00878
P01657,C00879
P00330,C00880
P01352,C00881
P00834,C00882
P01363,C00883
P00502,C00884
P01104,C00885
P00043,C00886
P00167,C00887
P00786,C00888
P01110,C00889
P00243,C00890
P00017,C00891
P01184,C00892
P01131,C00893
P01440,C00894
P00781,C00895
P01490,C00896
P01234,C00897
P01253,C00898
P01378,C00899
P00172,C00900
P00884,C00901
P01786,C00902
P01515,C00903
P00371,C00904
P00828,C00905
P01220,C00906
P01127,C00907
P00873,C00908
P01095,C00909
P00281,C00910
P01584,C00911
P01599,C00912
P00098,C00913
P01217,C00914
P01350,C00915
P01558,C00916
P00117,C00917
P00445,C00918
P00902,C00919
P01157,C00920
P00030,C00921
P01374,C00922
P01127,C00923
P00656,C00924
P00737,C00925
P00134,C00926
P00700,C00927
P01454,C00928
P00703,C00929
P00208,C00930
P00162,C00931
P00640,C00932
P00966,C00933
P00058,C00934
P01400,C00935
P01398,C00936
P00995,C00937
P01613,C00938
P01711,C00939
P00925,C00940
P00950,C00941
P00038,C00942
P00611,C00943
P01657,C00944
P00575,C00945
P00202,C00946
P00861,C00947
P00885,C00948
P00434,C00949
P00783,C00950
P00943,C00951
P00293,C00952
P00285,C00953
P00929,C00954
P01447,C00955
P00897,C00956
P00588,C00957
P01433,C00958
P00054,C00959
P00444,C00960
P00150,C00961
P01256,C00962
P00028,C00963
P00853,C00964
P00257,C00965
P00470,C00966
P01631,C00967
P00629,C00968
P00526,C00969
P00671,C00970
P01008,C00971
P00096,C00972
P01673,C00973
P00007,C00974
P01549,C00975
P00452,C00976
P00739,C00977
P01674,C00978
P00044,C00979
P01096,C00980
P01795,C00981
P01034,C00982
P00973,C00983
P01791,C00984
P00507,C00985
P00280,C00986
P01451,C00987
P01122,C00988
P00892,C00989
P01175,C00990
P00797,C00991
P01695,C00992
P01186,C00993
P01366,C00994
P01766,C00995
P01408,C00996
P00541,C00997
P01530,C00998
P00799,C00999
P00709,C01000
P01439,C01001
P00890,C01002
P01290,C01003
P01746,C01004
P00680,C01005
P00231,C01006
P01555,C01007
P01092,C01008
P01024,C01009
P01295,C01010
P00040,C01011
P00104,C01012
P01206,C01013
P00317,C01014
P00808,C01015
P01025,C01016
P01448,C01017
P00253,C01018
P01160,C01019
P01762,C01020
P00463,C01021
P01487,C01022
P01418,C01023
P00679,C01024
P00067,C01025
P00772,C01026
P00217,C01027
P00645,C01028
P00775,C01029
P00872,C01030
P00765,C01031
P01648,C01032
P01266,C01033
P00278,C01034
P00589,C01035
P01366,C01036
P00728,C01037
P00254,C01038
P00230,C01039
P01165,C01040
P00323,C01041
P01757,C01042
P00199,C01043
P01547,C01044
P00767,C01045
P01490,C01046
P01587,C01047
P00970,C01048
P01352,C01049
P00439,C01050
P00107,C01051
P00885,C01052
P01663,C01053
P01027,C01054
P01710,C01055
P00866,C01056
P01538,C01057
P00727,C01058
P00626,C01059
P00125,C01060
P01412,C01061
P01604,C01062
P00808,C01063
P00925,C01064
P00846,C01065
P00495,C01066
P01215,C01067
P00066,C01068
P01495,C01069
P00740,C01070
P00834,C01071
P01613,C01072
P01523,C01073
P01699,C01074
P01383,C01075
P00132,C01076
P00222,C01077
P01390,C01078
P01475,C01079
P00608,C01080
P00033,C01081
P00538,C01082
P00181,C01083
P00454,C01084
P00503,C01085
P01447,C01086
P01119,C01087
P01017,C01088
P00292,C01089
P01062,C01090
P00299,C01091
P01347,C01092
P00527,C01093
P00748,C01094
P00501,C01095
P00011,C01096
P00567,C01097
P00201,C01098
P00840,C01099
P01422,C01100
P01162,C01101
P01407,C01102
P01123,C01103
P00302,C01104
P00687,C01105
P00797,C01106
P00317,C01107
P01471,C01108
P00026,C01109
P01373,C01110
P00998,C01111
P01518,C01112
P01240,C01113
P00574,C01114
P01076,C01115
P01375,C01116
P00143,C01117
P01705,C01118
P00452,C01119
P00807,C01120
P00571,C01121
P00683,C01122
P01713,C01123
P00418,C01124
P00546,C01125
P01644,C01126
P00359,C01127
P01733,C01128
P01002,C01129
P00133,C01130
P00849,C01131
P00257,C01132
P00006,C01133
P00469,C01134
P01082,C01135
P00937,C01136
P00791,C01137
P00895,C01138
P01674,C01139
P01048,C01140
P01068,C01141
P00692,C01142
P00276,C01143
P01602,C01144
P01583,C01145
P00295,C01146
P00611,C01147
P01769,C01148
P00847,C01149
P00076,C01150
P00981,C01151
P00546,C01152
P01289,C01153
P00076,C01154
P00422,C01155
P00686,C01156
P01473,C01157
P00264,C01158
P01688,C01159
P01419,C01160
P00030,C01161
P01494,C01162
P01660,C01163
P01769,C01164
P01149,C01165
P00577,C01166
P01769,C01167
P01745,C01168
P00402,C01169
P00417,C01170
P00518,C01171
P00730,C01172
P01792,C01173
P01659,C01174
P00626,C01175
P01664,C01176
P00368,C01177
P01096,C01178
P00155,C01179
P01495,C01180
P00094,C01181
P01722,C01182
P00184,C01183
P00942,C01184
P01029,C01185
P01520,C01186
P00661,C01187
P00172,C01188
P01354,C01189
P00314,C01190
P01154,C01191
P00378,C01192
P00164,C01193
P00961,C01194
P01628,C01195
P01054,C01196
P00416,C01197
P01685,C01198
P01340,C01199
P01418,C01200
P00129,C01201
P01003,C01202
P01271,C01203
P01056,C01204
P01309,C01205
P00611,C01206
P00340,C01207
P00938,C01208
P00980,C01209
P00983,C01210
P01043,C01211
P01453,C01212
P01367,C01213
P01753,C01214
P00553,C01215
P01157,C01216
P00015,C01217
P00063,C01218
P01340,C01219
P01353,C01220
P00421,C01221
P00126,C01222
P00161,C01223
P00237,C01224
P00916,C01225
P00607,C01226
P00852,C01227
P01739,C01228
P01393,C01229
P00371,C01230
P00898,C01231
P00601,C01232
P01575,C01233
P01194,C01234
P00151,C01235
P01591,C01236
P00749,C01237
P00820,C01238
P00949,C01239
P00075,C01240
P00579,C01241
P01534,C01242
P01205,C01243
P00099,C01244
P00491,C01245
P01484,C01246
P00718,C01247
P00173,C01248
P01771,C01249
P01113,C01250
P00943,C01251
P01078,C01252
P01761,C01253
P00731,C01254
P01122,C01255
P01021,C01256
P00289,C01257
P00987,C01258
P00416,C01259
P00342,C01260
P00639,C01261
P00929,C01262
P00797,C01263
P01368,C01264
P00161,C01265
P01748,C01266
P00060,C01267
P00535,C01268
P00524,C01269
P00343,C01270
P00639,C01271
P01468,C01272
P01279,C01273
P00908,C01274
P00281,C01275
P01686,C01276
P00002,C01277
P00630,C01278
P01273,C01279
P00767,C01280
P01169,C01281
P00360,C01282
P00570,C01283
P01424,C01284
P00029,C01285
P01136,C01286
P01187,C01287
P00155,C01288
P00590,C01289
P00574,C01290
P01651,C01291
P01341,C01292
P01053,C01293
P01581,C01294
P00536,C01295
P01640,C01296
P00335,C01297
P01638,C01298
P00336,C01299
P00473,C01300
P01107,C01301
P00324,C01302
P01046,C01303
P01001,C01304
P01593,C01305
P01472,C01306
P01217,C01307
P00857,C01308
P00764,C01309
P01444,C01310
P00518,C01311
P01464,C01312
P01786,C01313
P00173,C01314
P00079,C01315
P00025,C01316
P01418,C01317
P00522,C01318
P01437,C01319
P00738,C01320
P00615,C01321
P00284,C01322
P01700,C01323
P01191,C01324
P00499,C01325
P00296,C01326
P00947,C01327
P00723,C01328
P00976,C01329
P00405,C01330
P00728,C01331
P00888,C01332
P01141,C01333
P00803,C01334
P00633,C01335
P00638,C01336
P01693,C01337
P00006,C01338
P00019,C01339
P00659,C01340
P00143,C01341
P01367,C01342
P01008,C01343
P01015,C01344
P01032,C01345
P01064,C01346
P01399,C01347
P01114,C01348
P01479,C01349
P01186,C01350
P00759,C01351
P01463,C01352
P01125,C01353
P00020,C01354
P00483,C01355
P01563,C01356
P01418,C01357
P01619,C01358
P00443,C01359
P00472,C01360
P00876,C01361
P00101,C01362
P01154,C01363
P00129,C01364
P01152,C01365
P01726,C01366
P00152,C01367
P00530,C01368
P00638,C01369
P00881,C01370
P00402,C01371
P00576,C01372
P00815,C01373
P01629,C01374
P01191,C01375
P01192,C01376
P00742,C01377
P00262,C01378
P01342,C01379
P00104,C01380
P01048,C01381
P01581,C01382
P00872,C01383
P00447,C01384
P00905,C01385
P00544,C01386
P00694,C01387
P00518,C01388
P00167,C01389
P01760,C01390
P00873,C01391
P00012,C01392
P01619,C01393
P00823,C01394
P00138,C01395
P01273,C01396
P00493,C01397
P01104,C01398
P00521,C01399
P01623,C01400
P01454,C01401
P00299,C01402
P00251,C01403
P00751,C01404
P00880,C01405
P00544,C01406
P01285,C01407
P00665,C01408
P00398,C01409
P01702,C01410
P01789,C01411
P01454,C01412
P01086,C01413
P01723,C01414
P01009,C01415
P00643,C01416
P01791,C01417
P00597,C01418
P01372,C01419
P01694,C01420
P00670,C01421
P00253,C01422
P01154,C01423
P01104,C01424
P01409,C01425
P01217,C01426
P01586,C01427
P00552,C01428
P01369,C01429
P01237,C01430
P00732,C01431
P01073,C01432
P00923,C01433
P01635,C01434
P00612,C01435
P01384,C01436
P00141,C01437
P00538,C01438
P01629,C01439
P00498,C01440
P00156,C01441
P00297,C01442
P00672,C01443
P01352,C01444
P00837,C01445
P01279,C01446
P00985,C01447
P00931,C01448
P00864,C01449
P01490,C01450
P01156,C01451
P00871,C01452
P01792,C01453
P01250,C01454
P01619,C01455
P00146,C01456
P00673,C01457
P00197,C01458
P01409,C01459
P00913,C01460
P00760,C01461
P01570,C01462
P01559,C01463
P00946,C01464
P00754,C01465
P01624,C01466
P00576,C01467
P01754,C01468
P01302,C01469
P00297,C01470
P00284,C01471
P00196,C01472
P00525,C01473
P01381,C01474
P01593,C01475
P01546,C01476
P01667,C01477
P00937,C01478
P00779,C01479
P00693,C01480
P01315,C01481
P01681,C01482
P00028,C01483
P00199,C01484
P00846,C01485
P01165,C01486
P01604,C01487
P00876,C01488
P00430,C01489
P01707,C01490
P01737,C01491
P00477,C01492
P01203,C01493
P00721,C01494
P00412,C01495
P01539,C01496
P01563,C01497
P00556,C01498
P00172,C01499
P01692,C01500
P00016,C01501
P00540,C01502
P00716,C01503
P01653,C01504
P01244,C01505
P01125,C01506
P00034,C01507
P01711,C01508
P01748,C01509
P00489,C01510
P00611,C01511
P00464,C01512
P00584,C01513
P00275,C01514
P01240,C01515
P01386,C01516
P01050,C01517
P00609,C01518
P00511,C01519
P01033,C01520
P01776,C01521
P01330,C01522
P00027,C01523
P00958,C01524
P00724,C01525
P01750,C01526
P00813,C01527
P01355,C01528
P00989,C01529
P00117,C01530
P00543,C01531
P00553,C01532
P00506,C01533
P01093,C01534
P00296,C01535
P01507,C01536
P00946,C01537
P00611,C01538
P00409,C01539
P00793,C01540
P01610,C01541
P00583,C01542
P00759,C01543
P00596,C01544
P00174,C01545
P01515,C01546
P01730,C01547
P01234,C01548
P00194,C01549
P00333,C01550
P00059,C01551
P00010,C01552
P00305,C01553
P00038,C01554
P00823,C01555
P01631,C01556
P00538,C01557
P00378,C01558
P01412,C01559
P01718,C01560
P01635,C01561
P00775,C01562
P00829,C01563
P00044,C01564
P00125,C01565
P01258,C01566
P00587,C01567
P00471,C01568
P00455,C01569
P00654,C01570
P00264,C01571
P00654,C01572
P01475,C01573
P00365,C01574
P01760,C01575
P00365,C01576
P01080,C01577
P01020,C01578
P01715,C01579
P00578,C01580
P01793,C01581
P01306,C01582
P01136,C01583
P00399,C01584
P00427,C01585
P00341,C01586
P00930,C01587
P01322,C01588
P00899,C01589
P00280,C01590
P00137,C01591
P00497,C01592
P00436,C01593
P00500,C01594
P01000,C01595
P00896,C01596
P01298,C01597
P00554,C01598
P00495,C01599
P00394,C01600
P00542,C01601
P01035,C01602
P01551,C01603
P00729,C01604
P00792,C01605
P00708,C01606
P01042,C01607
P00237,C01608
P00066,C01609
P01669,C01610
P01346,C01611
P00578,C01612
P00753,C01613
P00498,C01614
P00782,C01615
P00739,C01616
P00968,C01617
P00068,C01618
P00189,C01619
P00301,C01620
P01497,C01621
P00521,C01622
P00483,C01623
P01200,C01624
P00317,C01625
P00345,C01626
P00261,C01627
P00392,C01628
P01330,C01629
P01591,C01630
P01293,C01631
P00870,C01632
P00511,C01633
P01576,C01634
P00947,C01635
P01047,C01636
P00581,C01637
P00026,C01638
P00439,C01639
P01579,C01640
P00356,C01641
P00855,C01642
P00691,C01643
P01273,C01644
P00964,C01645
P01632,C01646
P01762,C01647
P00622,C01648
P01132,C01649
P00416,C01650
P01228,C01651
P00353,C01652
P01041,C01653
P00323,C01654
P01302,C01655
P00060,C01656
P00654,C01657
P00207,C01658
P01255,C01659
P00917,C01660
P00074,C01661
P00573,C01662
P01096,C01663
P01002,C01664
P01701,C01665
P00616,C01666
P00324,C01667
P01559,C01668
P01497,C01669
P01687,C01670
P00723,C01671
P01626,C01672
P00428,C01673
P00674,C01674
P00310,C01675
P00698,C01676
P00222,C01677
P00247,C01678
P00744,C01679
P01183,C01680
P00386,C01681
P01554,C01682
P00722,C01683
P01376,C01684
P00963,C01685
P01366,C01686
P01244,C01687
P01526,C01688
P01311,C01689
P00688,C01690
P00536,C01691
P01130,C01692
P00906,C01693
P00832,C01694
P01491,C01695
P01381,C01696
P01167,C01697
P00048,C01698
P00547,C01699
P01207,C01700
P01308,C01701
P00655,C01702
P00757,C01703
P01066,C01704
P00694,C01705
P00691,C01706
P00270,C01707
P01224,C01708
P01345,C01709
P01420,C01710
P00730,C01711
P01320,C01712
P00239,C01713
P01715,C01714
P00769,C01715
P00614,C01716
P01333,C01717
P00139,C01718
P01745,C01719
P00829,C01720
P00318,C01721
P00486,C01722
P01533,C01723
P01327,C01724
P00210,C01725
P00541,C01726
P00758,C01727
P01750,C01728
P01736,C01729
P00297,C01730
P00091,C01731
P01500,C01732
P01770,C01733
P01435,C01734
P00022,C01735
P01799,C01736
P01578,C01737
P00389,C01738
P01119,C01739
P00485,C01740
P00041,C01741
P00228,C01742
P00885,C01743
P01486,C01744
P00197,C01745
P00758,C01746
P01220,C01747
P01334,C01748
P00319,C01749
P00363,C01750
P00770,C01751
P01500,C01752
P00724,C01753
P00790,C01754
P01371,C01755
P01234,C01756
P00400,C01757
P00356,C01758
P01202,C01759
P00971,C01760
P00906,C01761
P01640,C01762
P00549,C01763
P00311,C01764
P00339,C01765
P00852,C01766
P00477,C01767
P00471,C01768
P01691,C01769
P01093,C01770
P01284,C01771
P01543,C01772
P01278,C01773
P01550,C01774
P00650,C01775
P00284,C01776
P01695,C01777
P00825,C01778
P00650,C01779
P00941,C01780
P00400,C01781
P00768,C01782
P00405,C01783
P01067,C01784
P01429,C01785
P00475,C01786
P00100,C01787
P01330,C01788
P01311,C01789
P01057,C01790
P00221,C01791
P01238,C01792
P01264,C01793
P00076,C01794
P00935,C01795
P01662,C01796
P00419,C01797
P01044,C01798
P00735,C01799
P01002,C01800
P00931,C01801
P01716,C01802
P01566,C01803
P01571,C01804
P01286,C01805
P00772,C01806
P00795,C01807
P00531,C01808
P01695,C01809
P01390,C01810
P01495,C01811
P00917,C01812
P01023,C01813
P01059,C01814
P01302,C01815
P00725,C01816
P00740,C01817
P00278,C01818
P01757,C01819
P01540,C01820
P00410,C01821
P00097,C01822
P01431,C01823
P01729,C01824
P01092,C01825
P00645,C01826
P01081,C01827
P01757,C01828
P00553,C01829
P00807,C01830
P01369,C01831
P00933,C01832
P00659,C01833
P00342,C01834
P01004,C01835
P01283,C01836
P01433,C01837
P01553,C01838
P01333,C01839
P01456,C01840
P00156,C01841
P01479,C01842
P00954,C01843
P01663,C01844
P00111,C01845
P00393,C01846
P01051,C01847
P00395,C01848
P01673,C01849
P00412,C01850
P00002,C01851
P00148,C01852
P01168,C01853
P00797,C01854
P01556,C01855
P00105,C01856
P00488,C01857
P00634,C01858
P00830,C01859
P01153,C01860
P00494,C01861
P00062,C01862
P00158,C01863
P00934,C01864
P01195,C01865
P00001,C01866
P00051,C01867
P01485,C01868
P01385,C01869
P01643,C01870
P00914,C01871
P01713,C01872
P00878,C01873
P01598,C01874
P00367,C01875
P01357,C01876
P01488,C01877
P00760,C01878
P00018,C01879
P00671,C01880
P01677,C01881
P00857,C01882
P01530,C01883
P00690,C01884
P00228,C01885
P00272,C01886
P01762,C01887
P00837,C01888
P00631,C01889
P01525,C01890
P01490,C01891
P00376,C01892
P00123,C01893
P01574,C01894
P01149,C01895
P01751,C01896
P01690,C01897
P00026,C01898
P00220,C01899
P00860,C01900
P00488,C01901
P00850,C01902
P00292,C01903
P00693,C01904
P00008,C01905
P01196,C01906
P00171,C01907
P01166,C01908
P01110,C01909
P00839,C01910
P01012,C01911
P00541,C01912
P01102,C01913
P01193,C01914
P00191,C01915
P00457,C01916
P01729,C01917
P00029,C01918
P00567,C01919
P01016,C01920
P00942,C01921
P00691,C01922
P01105,C01923
P00635,C01924
P00099,C01925
P00724,C01926
P01188,C01927
P00193,C01928
P01620,C01929
P01181,C01930
P00039,C01931
P00380,C01932
P00219,C01933
P00955,C01934
P00270,C01935
P00768,C01936
P01313,C01937
P01094,C01938
P00148,C01939
P00609,C01940
P01584,C01941
P00754,C01942
P01287,C01943
P01457,C01944
P00166,C01945
P01187,C01946
P01786,C01947
P00957,C01948
P00927,C01949
P00602,C01950
P00521,C01951
P01403,C01952
P01024,C01953
P01083,C01954
P01407,C01955
P00827,C01956
P01334,C01957
P01729,C01958
P00945,C01959
P00376,C01960
P00597,C01961
P01223,C01962
P00134,C01963
P00703,C01964
P00787,C01965
P00276,C01966
P01282,C01967
P01445,C01968
P00101,C01969
P01686,C01970
P01027,C01971
P00107,C01972
P00283,C01973
P00286,C01974
P00149,C01975
P01715,C01976
P00909,C01977
P00565,C01978
P01061,C01979
P00051,C01980
P01348,C01981
P01163,C01982
P00601,C01983
P01777,C01984
P01010,C01985
P00720,C01986
P00183,C01987
P00613,C01988
P00047,C01989
P00598,C01990
P01413,C01991
P00946,C01992
P00937,C01993
P01095,C01994
P01580,C01995
P01270,C01996
P01374,C01997
P01248,C01998
P01077,C01999
P01588,C02000
P01497,C02001
P00095,C02002
P00253,C02003
P01585,C02004
P01013,C02005
P01528,C02006
P00052,C02007
P00721,C02008
P00646,C02009
P01735,C02010
P00220,C02011
P01066,C02012
P01699,C02013
P01170,C02014
P00974,C02015
P01124,C02016
P01642,C02017
P00570,C02018
P01363,C02019
P00741,C02020
P00509,C02021
P00375,C02022
P00246,C02023
P01513,C02024
P01141,C02025
P00148,C02026
P00998,C02027
P01153,C02028
P00226,C02029
P01413,C02030
P00250,C02031
P01341,C02032
P01416,C02033
P00653,C02034
P00025,C02035
P00390,C02036
P00313,C02037
P01500,C02038
P00260,C02039
P00183,C02040
P01107,C02041
P00018,C02042
P01019,C02043
P00511,C02044
P00017,C02045
P01190,C02046
P01349,C02047
P00319,C02048
P01674,C02049
P00661,C02050
P01076,C02051
P00283,C02052
P01273,C02053
P01060,C02054
P01070,C02055
P01424,C02056
P01105,C02057
P01544,C02058
P01770,C02059
P01233,C02060
P01413,C02061
P01482,C02062
P00822,C02063
P00193,C02064
P01354,C02065
P00563,C02066
P00902,C02067
P00501,C02068
P00943,C02069
P00679,C02070
P01250,C02071
P01252,C02072
P01501,C02073
P01528,C02074
P01016,C02075
P01541,C02076
P01135,C02077
P01353,C02078
P00809,C02079
P00749,C02080
P00337,C02081
P00652,C02082
P00036,C02083
P01171,C02084
P01292,C02085
P00872,C02086
P00214,C02087
P00941,C02088
P01428,C02089
P00876,C02090
P01619,C02091
P00244,C02092
P01691,C02093
P01755,C02094
P01118,C02095
P00259,C02096
P01699,C02097
P01507,C02098
P00191,C02099
P00708,C02100
P00944,C02101
P01297,C02102
P01198,C02103
P01291,C02104
P00578,C02105
P01193,C02106
P00360,C02107
P01031,C02108
P00527,C02109
P00453,C02110
P00087,C02111
P00521,C02112
P01301,C02113
P01587,C02114
P00810,C02115
P01341,C02116
P01739,C02117
P00994,C02118
P01554,C02119
P00499,C02120
P01233,C02121
P01298,C02122
P01580,C02123
P01593,C02124
P00615,C02125
P01348,C02126
P00229,C02127
P00275,C02128
P00071,C02129
P00393,C02130
P01337,C02131
P00422,C02132
P00569,C02133
P00031,C02134
P00009,C02135
P01799,C02136
P01074,C02137
P01220,C02138
P01561,C02139
P00808,C02140
P01095,C02141
P00478,C02142
P00644,C02143
P00830,C02144
P01634,C02145
P01532,C02146
P00537,C02147
P00106,C02148
P00377,C02149
P00073,C02150
P00832,C02151
P01468,C02152
P00354,C02153
P00538,C02154
P00951,C02155
P01717,C02156
P00483,C02157
P00995,C02158
P00320,C02159
P00410,C02160
P01714,C02161
P01160,C02162
P00844,C02163
P00716,C02164
P01794,C02165
P00027,C02166
P00269,C02167
P00378,C02168
P00866,C02169
P00270,C02170
P00937,C02171
P00925,C02172
P01613,C02173
P00488,C02174
P00105,C02175
P01752,C02176
P00439,C02177
P01643,C02178
P01095,C02179
P01392,C02180
P01161,C02181
P00161,C02182
P01086,C02183
P01405,C02184
P00903,C02185
P01061,C02186
P00889,C02187
P00112,C02188
P00679,C02189
P00030,C02190
P01211,C02191
P01476,C02192
P00902,C02193
P00470,C02194
P00640,C02195
P00830,C02196
P00712,C02197
P00540,C02198
P01321,C02199
P00688,C02200
