startUserId,endConversationId,hiddenAt
U0212,CV0121,2025-12-12T08:05:54
U0139,CV0126,2025-10-20T19:53:24
U0441,CV0127,2026-03-17T18:35:43
U0464,CV0129,2026-03-29T08:19:39
U0845,CV0135,2025-09-29T04:17:42
U0495,CV0140,2026-03-07T15:31:33
U0725,CV0140,2026-01-27T20:55:31
U0820,CV0142,2026-03-04T17:44:03
U0186,CV0143,2026-03-25T21:19:41
U0329,CV0147,2025-11-11T23:31:04
U0886,CV0147,2025-11-08T14:08:37
U0520,CV0156,2026-04-01T18:50:42
U0229,CV0158,2026-03-26T21:21:52
U0241,CV0158,2026-03-19T14:47:48
U0838,CV0159,2026-04-01T14:02:43
U0095,CV0160,2026-03-22T04:14:40
U0676,CV0161,2026-03-30T22:52:02
U0781,CV0161,2026-01-03T13:18:35
U0741,CV0164,2026-04-01T18:24:01
U0151,CV0165,2026-02-13T03:20:31
U0351,CV0169,2026-03-25T01:39:42
U0724,CV0173,2026-03-26T02:10:17
