startMessageId,endConversationId
M00001,CV0077
M00002,CV0028
M00003,CV0140
M00004,CV0133
M00005,CV0026
M00006,CV0004
M00007,CV0123
M00008,CV0099
M00009,CV0067
M00010,CV0056
M00011,CV0065
M00012,CV0101
M00013,CV0015
M00014,CV0013
M00015,CV0158
M00016,CV0125
M00017,CV0023
M00018,CV0008
M00019,CV0148
M00020,CV0143
M00021,CV0166
M00022,CV0074
M00023,CV0002
M00024,CV0169
M00025,CV0110
M00026,CV0028
M00027,CV0098
M00028,CV0174
M00029,CV0127
M00030,CV0136
M00031,CV0012
M00032,CV0038
M00033,CV0089
M00034,CV0178
M00035,CV0063
M00036,CV0031
M00037,CV0073
M00038,CV0074
M00039,CV0055
M00040,CV0027
M00041,CV0120
M00042,CV0129
M00043,CV0081
M00044,CV0103
M00045,CV0142
M00046,CV0163
M00047,CV0019
M00048,CV0173
M00049,CV0048
M00050,CV0055
M00051,CV0038
M00052,CV0023
M00053,CV0144
M00054,CV0025
M00055,CV0116
M00056,CV0082
M00057,CV0115
M00058,CV0077
M00059,CV0031
M00060,CV0174
M00061,CV0094
M00062,CV0033
M00063,CV0025
M00064,CV0059
M00065,CV0043
M00066,CV0109
M00067,CV0146
M00068,CV0029
M00069,CV0054
M00070,CV0167
M00071,CV0126
M00072,CV0154
M00073,CV0028
M00074,CV0151
M00075,CV0049
M00076,CV0027
M00077,CV0088
M00078,CV0112
M00079,CV0105
M00080,CV0001
M00081,CV0173
M00082,CV0164
M00083,CV0009
M00084,CV0137
M00085,CV0017
M00086,CV0179
M00087,CV0119
M00088,CV0004
M00089,CV0016
M00090,CV0003
M00091,CV0020
M00092,CV0173
M00093,CV0005
M00094,CV0043
M00095,CV0065
M00096,CV0105
M00097,CV0075
M00098,CV0179
M00099,CV0095
M00100,CV0101
M00101,CV0113
M00102,CV0051
M00103,CV0058
M00104,CV0167
M00105,CV0171
M00106,CV0045
M00107,CV0066
M00108,CV0021
M00109,CV0180
M00110,CV0126
M00111,CV0115
M00112,CV0024
M00113,CV0117
M00114,CV0010
M00115,CV0100
M00116,CV0176
M00117,CV0126
M00118,CV0051
M00119,CV0053
M00120,CV0134
M00121,CV0165
M00122,CV0174
M00123,CV0152
M00124,CV0033
M00125,CV0037
M00126,CV0172
M00127,CV0112
M00128,CV0009
M00129,CV0142
M00130,CV0028
M00131,CV0154
M00132,CV0151
M00133,CV0105
M00134,CV0068
M00135,CV0102
M00136,CV0095
M00137,CV0071
M00138,CV0043
M00139,CV0043
M00140,CV0151
M00141,CV0126
M00142,CV0025
M00143,CV0041
M00144,CV0110
M00145,CV0167
M00146,CV0021
M00147,CV0001
M00148,CV0140
M00149,CV0013
M00150,CV0126
M00151,CV0083
M00152,CV0060
M00153,CV0129
M00154,CV0156
M00155,CV0114
M00156,CV0109
M00157,CV0064
M00158,CV0049
M00159,CV0073
M00160,CV0027
M00161,CV0116
M00162,CV0020
M00163,CV0146
M00164,CV0071
M00165,CV0132
M00166,CV0161
M00167,CV0127
M00168,CV0044
M00169,CV0173
M00170,CV0080
M00171,CV0048
M00172,CV0044
M00173,CV0137
M00174,CV0015
M00175,CV0125
M00176,CV0114
M00177,CV0104
M00178,CV0089
M00179,CV0165
M00180,CV0176
M00181,CV0030
M00182,CV0172
M00183,CV0125
M00184,CV0090
M00185,CV0096
M00186,CV0090
M00187,CV0097
M00188,CV0170
M00189,CV0109
M00190,CV0179
M00191,CV0155
M00192,CV0004
M00193,CV0045
M00194,CV0126
M00195,CV0090
M00196,CV0093
M00197,CV0121
M00198,CV0065
M00199,CV0013
M00200,CV0097
M00201,CV0001
M00202,CV0168
M00203,CV0067
M00204,CV0009
M00205,CV0128
M00206,CV0092
M00207,CV0070
M00208,CV0149
M00209,CV0029
M00210,CV0061
M00211,CV0094
M00212,CV0074
M00213,CV0100
M00214,CV0046
M00215,CV0024
M00216,CV0111
M00217,CV0136
M00218,CV0139
M00219,CV0022
M00220,CV0117
M00221,CV0047
M00222,CV0037
M00223,CV0040
M00224,CV0095
M00225,CV0155
M00226,CV0101
M00227,CV0103
M00228,CV0043
M00229,CV0107
M00230,CV0078
M00231,CV0045
M00232,CV0005
M00233,CV0150
M00234,CV0176
M00235,CV0045
M00236,CV0126
M00237,CV0068
M00238,CV0148
M00239,CV0048
M00240,CV0090
M00241,CV0004
M00242,CV0149
M00243,CV0129
M00244,CV0098
M00245,CV0054
M00246,CV0084
M00247,CV0007
M00248,CV0062
M00249,CV0116
M00250,CV0040
M00251,CV0054
M00252,CV0139
M00253,CV0096
M00254,CV0012
M00255,CV0178
M00256,CV0149
M00257,CV0086
M00258,CV0101
M00259,CV0051
M00260,CV0125
M00261,CV0163
M00262,CV0091
M00263,CV0012
M00264,CV0163
M00265,CV0077
M00266,CV0102
M00267,CV0114
M00268,CV0152
M00269,CV0015
M00270,CV0175
M00271,CV0037
M00272,CV0022
M00273,CV0104
M00274,CV0130
M00275,CV0067
M00276,CV0051
M00277,CV0035
M00278,CV0061
M00279,CV0175
M00280,CV0151
M00281,CV0011
M00282,CV0150
M00283,CV0061
M00284,CV0041
M00285,CV0111
M00286,CV0176
M00287,CV0124
M00288,CV0064
M00289,CV0005
M00290,CV0077
M00291,CV0047
M00292,CV0019
M00293,CV0142
M00294,CV0024
M00295,CV0004
M00296,CV0158
M00297,CV0085
M00298,CV0168
M00299,CV0060
M00300,CV0056
M00301,CV0079
M00302,CV0065
M00303,CV0092
M00304,CV0157
M00305,CV0180
M00306,CV0121
M00307,CV0164
M00308,CV0065
M00309,CV0160
M00310,CV0079
M00311,CV0097
M00312,CV0073
M00313,CV0171
M00314,CV0078
M00315,CV0170
M00316,CV0080
M00317,CV0165
M00318,CV0132
M00319,CV0097
M00320,CV0063
M00321,CV0115
M00322,CV0137
M00323,CV0175
M00324,CV0130
M00325,CV0016
M00326,CV0129
M00327,CV0169
M00328,CV0087
M00329,CV0004
M00330,CV0100
M00331,CV0177
M00332,CV0159
M00333,CV0095
M00334,CV0085
M00335,CV0072
M00336,CV0023
M00337,CV0044
M00338,CV0116
M00339,CV0046
M00340,CV0066
M00341,CV0063
M00342,CV0099
M00343,CV0023
M00344,CV0033
M00345,CV0178
M00346,CV0056
M00347,CV0036
M00348,CV0099
M00349,CV0010
M00350,CV0180
M00351,CV0053
M00352,CV0118
M00353,CV0001
M00354,CV0013
M00355,CV0043
M00356,CV0090
M00357,CV0123
M00358,CV0021
M00359,CV0110
M00360,CV0033
M00361,CV0145
M00362,CV0058
M00363,CV0026
M00364,CV0179
M00365,CV0025
M00366,CV0054
M00367,CV0089
M00368,CV0054
M00369,CV0105
M00370,CV0153
M00371,CV0056
M00372,CV0123
M00373,CV0146
M00374,CV0135
M00375,CV0114
M00376,CV0177
M00377,CV0109
M00378,CV0071
M00379,CV0068
M00380,CV0156
M00381,CV0151
M00382,CV0084
M00383,CV0158
M00384,CV0055
M00385,CV0144
M00386,CV0097
M00387,CV0110
M00388,CV0060
M00389,CV0080
M00390,CV0121
M00391,CV0168
M00392,CV0103
M00393,CV0083
M00394,CV0011
M00395,CV0162
M00396,CV0011
M00397,CV0017
M00398,CV0122
M00399,CV0073
M00400,CV0149
M00401,CV0033
M00402,CV0056
M00403,CV0002
M00404,CV0088
M00405,CV0035
M00406,CV0128
M00407,CV0053
M00408,CV0122
M00409,CV0160
M00410,CV0087
M00411,CV0043
M00412,CV0001
M00413,CV0180
M00414,CV0163
M00415,CV0159
M00416,CV0128
M00417,CV0146
M00418,CV0013
M00419,CV0129
M00420,CV0179
M00421,CV0148
M00422,CV0177
M00423,CV0146
M00424,CV0079
M00425,CV0020
M00426,CV0170
M00427,CV0125
M00428,CV0020
M00429,CV0172
M00430,CV0091
M00431,CV0152
M00432,CV0099
M00433,CV0104
M00434,CV0076
M00435,CV0094
M00436,CV0139
M00437,CV0074
M00438,CV0165
M00439,CV0054
M00440,CV0009
M00441,CV0143
M00442,CV0081
M00443,CV0044
M00444,CV0047
M00445,CV0151
M00446,CV0071
M00447,CV0047
M00448,CV0012
M00449,CV0072
M00450,CV0154
M00451,CV0047
M00452,CV0157
M00453,CV0036
M00454,CV0022
M00455,CV0039
M00456,CV0038
M00457,CV0165
M00458,CV0089
M00459,CV0115
M00460,CV0097
M00461,CV0055
M00462,CV0098
M00463,CV0128
M00464,CV0165
M00465,CV0082
M00466,CV0135
M00467,CV0025
M00468,CV0005
M00469,CV0162
M00470,CV0078
M00471,CV0010
M00472,CV0049
M00473,CV0042
M00474,CV0007
M00475,CV0177
M00476,CV0161
M00477,CV0056
M00478,CV0123
M00479,CV0049
M00480,CV0091
M00481,CV0149
M00482,CV0145
M00483,CV0156
M00484,CV0013
M00485,CV0004
M00486,CV0118
M00487,CV0146
M00488,CV0020
M00489,CV0103
M00490,CV0014
M00491,CV0070
M00492,CV0041
M00493,CV0054
M00494,CV0149
M00495,CV0021
M00496,CV0014
M00497,CV0011
M00498,CV0085
M00499,CV0161
M00500,CV0179
M00501,CV0064
M00502,CV0098
M00503,CV0002
M00504,CV0016
M00505,CV0033
M00506,CV0074
M00507,CV0063
M00508,CV0096
M00509,CV0020
M00510,CV0044
M00511,CV0062
M00512,CV0155
M00513,CV0068
M00514,CV0048
M00515,CV0078
M00516,CV0028
M00517,CV0163
M00518,CV0161
M00519,CV0096
M00520,CV0136
M00521,CV0021
M00522,CV0121
M00523,CV0066
M00524,CV0082
M00525,CV0053
M00526,CV0166
M00527,CV0119
M00528,CV0100
M00529,CV0081
M00530,CV0099
M00531,CV0118
M00532,CV0170
M00533,CV0085
M00534,CV0078
M00535,CV0088
M00536,CV0031
M00537,CV0026
M00538,CV0173
M00539,CV0079
M00540,CV0077
M00541,CV0156
M00542,CV0147
M00543,CV0100
M00544,CV0066
M00545,CV0002
M00546,CV0009
M00547,CV0168
M00548,CV0050
M00549,CV0151
M00550,CV0127
M00551,CV0136
M00552,CV0076
M00553,CV0132
M00554,CV0041
M00555,CV0016
M00556,CV0051
M00557,CV0159
M00558,CV0159
M00559,CV0053
M00560,CV0093
M00561,CV0087
M00562,CV0032
M00563,CV0105
M00564,CV0016
M00565,CV0148
M00566,CV0095
M00567,CV0146
M00568,CV0006
M00569,CV0077
M00570,CV0086
M00571,CV0057
M00572,CV0007
M00573,CV0154
M00574,CV0092
M00575,CV0041
M00576,CV0075
M00577,CV0085
M00578,CV0054
M00579,CV0011
M00580,CV0045
M00581,CV0082
M00582,CV0041
M00583,CV0040
M00584,CV0055
M00585,CV0121
M00586,CV0068
M00587,CV0155
M00588,CV0148
M00589,CV0167
M00590,CV0061
M00591,CV0075
M00592,CV0064
M00593,CV0016
M00594,CV0041
M00595,CV0010
M00596,CV0162
M00597,CV0029
M00598,CV0076
M00599,CV0134
M00600,CV0013
M00601,CV0023
M00602,CV0021
M00603,CV0088
M00604,CV0017
M00605,CV0024
M00606,CV0040
M00607,CV0087
M00608,CV0030
M00609,CV0022
M00610,CV0023
M00611,CV0011
M00612,CV0012
M00613,CV0132
M00614,CV0155
M00615,CV0035
M00616,CV0074
M00617,CV0068
M00618,CV0022
M00619,CV0166
M00620,CV0061
M00621,CV0125
M00622,CV0120
M00623,CV0067
M00624,CV0146
M00625,CV0129
M00626,CV0134
M00627,CV0057
M00628,CV0043
M00629,CV0133
M00630,CV0053
M00631,CV0042
M00632,CV0037
M00633,CV0050
M00634,CV0065
M00635,CV0107
M00636,CV0177
M00637,CV0061
M00638,CV0173
M00639,CV0050
M00640,CV0004
M00641,CV0153
M00642,CV0010
M00643,CV0014
M00644,CV0019
M00645,CV0106
M00646,CV0037
M00647,CV0047
M00648,CV0150
M00649,CV0143
M00650,CV0132
M00651,CV0130
M00652,CV0149
M00653,CV0017
M00654,CV0136
M00655,CV0080
M00656,CV0089
M00657,CV0103
M00658,CV0008
M00659,CV0052
M00660,CV0179
M00661,CV0180
M00662,CV0024
M00663,CV0144
M00664,CV0143
M00665,CV0134
M00666,CV0075
M00667,CV0095
M00668,CV0105
M00669,CV0039
M00670,CV0097
M00671,CV0056
M00672,CV0056
M00673,CV0174
M00674,CV0161
M00675,CV0087
M00676,CV0069
M00677,CV0131
M00678,CV0116
M00679,CV0078
M00680,CV0115
M00681,CV0046
M00682,CV0125
M00683,CV0025
M00684,CV0095
M00685,CV0143
M00686,CV0108
M00687,CV0177
M00688,CV0002
M00689,CV0023
M00690,CV0024
M00691,CV0018
M00692,CV0080
M00693,CV0055
M00694,CV0165
M00695,CV0079
M00696,CV0126
M00697,CV0163
M00698,CV0145
M00699,CV0144
M00700,CV0055
M00701,CV0084
M00702,CV0071
M00703,CV0006
M00704,CV0177
M00705,CV0147
M00706,CV0055
M00707,CV0050
M00708,CV0155
M00709,CV0141
M00710,CV0144
M00711,CV0149
M00712,CV0139
M00713,CV0169
M00714,CV0114
M00715,CV0039
M00716,CV0161
M00717,CV0020
M00718,CV0006
M00719,CV0093
M00720,CV0007
M00721,CV0117
M00722,CV0018
M00723,CV0163
M00724,CV0058
M00725,CV0024
M00726,CV0056
M00727,CV0148
M00728,CV0161
M00729,CV0064
M00730,CV0118
M00731,CV0094
M00732,CV0012
M00733,CV0007
M00734,CV0038
M00735,CV0037
M00736,CV0039
M00737,CV0086
M00738,CV0110
M00739,CV0018
M00740,CV0022
M00741,CV0114
M00742,CV0136
M00743,CV0108
M00744,CV0003
M00745,CV0108
M00746,CV0179
M00747,CV0090
M00748,CV0050
M00749,CV0132
M00750,CV0171
M00751,CV0050
M00752,CV0144
M00753,CV0057
M00754,CV0109
M00755,CV0132
M00756,CV0093
M00757,CV0169
M00758,CV0097
M00759,CV0035
M00760,CV0037
M00761,CV0134
M00762,CV0056
M00763,CV0112
M00764,CV0032
M00765,CV0061
M00766,CV0108
M00767,CV0161
M00768,CV0019
M00769,CV0143
M00770,CV0143
M00771,CV0113
M00772,CV0138
M00773,CV0111
M00774,CV0021
M00775,CV0132
M00776,CV0044
M00777,CV0047
M00778,CV0044
M00779,CV0094
M00780,CV0172
M00781,CV0154
M00782,CV0063
M00783,CV0112
M00784,CV0054
M00785,CV0153
M00786,CV0171
M00787,CV0075
M00788,CV0097
M00789,CV0026
M00790,CV0019
M00791,CV0167
M00792,CV0152
M00793,CV0122
M00794,CV0047
M00795,CV0166
M00796,CV0061
M00797,CV0100
M00798,CV0127
M00799,CV0086
M00800,CV0085
M00801,CV0082
M00802,CV0123
M00803,CV0021
M00804,CV0070
M00805,CV0108
M00806,CV0178
M00807,CV0007
M00808,CV0157
M00809,CV0160
M00810,CV0064
M00811,CV0095
M00812,CV0078
M00813,CV0049
M00814,CV0021
M00815,CV0160
M00816,CV0127
M00817,CV0069
M00818,CV0134
M00819,CV0126
M00820,CV0135
M00821,CV0111
M00822,CV0096
M00823,CV0021
M00824,CV0053
M00825,CV0073
M00826,CV0045
M00827,CV0088
M00828,CV0146
M00829,CV0131
M00830,CV0159
M00831,CV0024
M00832,CV0057
M00833,CV0079
M00834,CV0044
M00835,CV0018
M00836,CV0017
M00837,CV0173
M00838,CV0026
M00839,CV0178
M00840,CV0022
M00841,CV0021
M00842,CV0158
M00843,CV0012
M00844,CV0136
M00845,CV0022
M00846,CV0116
M00847,CV0047
M00848,CV0085
M00849,CV0117
M00850,CV0076
M00851,CV0171
M00852,CV0035
M00853,CV0180
M00854,CV0129
M00855,CV0075
M00856,CV0130
M00857,CV0167
M00858,CV0128
M00859,CV0033
M00860,CV0133
M00861,CV0038
M00862,CV0130
M00863,CV0030
M00864,CV0108
M00865,CV0095
M00866,CV0138
M00867,CV0057
M00868,CV0028
M00869,CV0158
M00870,CV0119
M00871,CV0029
M00872,CV0089
M00873,CV0150
M00874,CV0096
M00875,CV0057
M00876,CV0093
M00877,CV0139
M00878,CV0064
M00879,CV0083
M00880,CV0103
M00881,CV0019
M00882,CV0092
M00883,CV0037
M00884,CV0037
M00885,CV0092
M00886,CV0118
M00887,CV0046
M00888,CV0099
M00889,CV0097
M00890,CV0068
M00891,CV0086
M00892,CV0057
M00893,CV0158
M00894,CV0142
M00895,CV0004
M00896,CV0060
M00897,CV0172
M00898,CV0172
M00899,CV0030
M00900,CV0005
