startPostId,endGroupId
P00002,G038
P00004,G068
P00007,G037
P00009,G033
P00010,G041
P00012,G047
P00013,G061
P00014,G036
P00018,G029
P00020,G019
P00021,G062
P00022,G049
P00028,G040
P00032,G062
P00034,G071
P00035,G039
P00036,G029
P00038,G024
P00039,G016
P00041,G087
P00042,G017
P00043,G018
P00045,G087
P00046,G040
P00051,G038
P00052,G018
P00053,G044
P00054,G044
P00055,G038
P00057,G049
P00058,G058
P00059,G015
P00061,G062
P00069,G008
P00070,G036
P00071,G048
P00072,G064
P00074,G044
P00078,G081
P00079,G009
P00080,G031
P00081,G030
P00086,G079
P00089,G082
P00090,G033
P00091,G068
P00093,G027
P00094,G048
P00096,G014
P00097,G077
P00099,G062
P00101,G059
P00102,G026
P00103,G033
P00105,G003
P00107,G038
P00108,G044
P00110,G040
P00112,G005
P00119,G047
P00120,G065
P00124,G008
P00125,G001
P00126,G061
P00128,G053
P00130,G037
P00131,G046
P00136,G025
P00137,G012
P00138,G040
P00139,G009
P00141,G027
P00142,G020
P00143,G053
P00144,G029
P00146,G009
P00147,G013
P00148,G002
P00151,G033
P00152,G045
P00155,G017
P00158,G051
P00159,G084
P00161,G009
P00165,G044
P00166,G051
P00168,G065
P00172,G063
P00173,G084
P00175,G040
P00176,G021
P00178,G041
P00179,G026
P00180,G058
P00181,G051
P00182,G083
P00183,G078
P00184,G089
P00185,G020
P00189,G049
P00190,G069
P00191,G027
P00193,G020
P00194,G038
P00198,G067
P00199,G070
P00203,G072
P00204,G008
P00205,G035
P00207,G077
P00208,G009
P00210,G088
P00211,G022
P00212,G075
P00213,G063
P00214,G060
P00215,G071
P00218,G033
P00222,G026
P00224,G045
P00226,G015
P00228,G022
P00230,G008
P00232,G042
P00233,G047
P00235,G008
P00236,G017
P00239,G062
P00240,G038
P00243,G029
P00244,G067
P00245,G073
P00246,G021
P00247,G015
P00248,G044
P00250,G018
P00251,G024
P00252,G058
P00253,G046
P00255,G060
P00258,G003
P00259,G017
P00260,G014
P00261,G046
P00262,G064
P00263,G067
P00264,G064
P00266,G037
P00267,G002
P00268,G078
P00269,G027
P00272,G056
P00273,G060
P00274,G078
P00276,G046
P00278,G046
P00279,G081
P00280,G037
P00281,G036
P00282,G007
P00283,G001
P00286,G043
P00287,G067
P00288,G026
P00290,G087
P00293,G010
P00294,G053
P00295,G069
P00296,G045
P00297,G027
P00299,G011
P00301,G036
P00302,G073
P00304,G027
P00305,G053
P00306,G009
P00307,G069
P00309,G047
P00310,G063
P00314,G047
P00317,G079
P00318,G090
P00321,G027
P00323,G037
P00324,G052
P00326,G063
P00327,G023
P00328,G045
P00329,G067
P00330,G044
P00332,G084
P00334,G023
P00335,G049
P00336,G010
P00337,G002
P00339,G013
P00340,G053
P00341,G066
P00344,G044
P00345,G069
P00346,G004
P00348,G069
P00351,G044
P00354,G002
P00355,G013
P00357,G046
P00361,G087
P00362,G024
P00364,G053
P00366,G064
P00371,G043
P00372,G067
P00373,G028
P00374,G044
P00376,G009
P00378,G039
P00379,G059
P00382,G063
P00384,G033
P00385,G027
P00389,G088
P00390,G029
P00392,G003
P00393,G038
P00396,G037
P00398,G045
P00400,G061
P00401,G044
P00405,G010
P00406,G089
P00409,G081
P00410,G003
P00411,G083
P00412,G009
P00415,G050
P00418,G075
P00419,G053
P00424,G047
P00426,G055
P00427,G057
P00431,G067
P00432,G004
P00434,G063
P00435,G045
P00437,G069
P00438,G060
P00439,G059
P00440,G037
P00443,G089
P00446,G074
P00448,G033
P00449,G023
P00450,G016
P00454,G048
P00457,G065
P00459,G008
P00460,G007
P00461,G065
P00462,G076
P00463,G020
P00466,G020
P00467,G045
P00470,G067
P00471,G037
P00473,G067
P00474,G060
P00475,G046
P00476,G027
P00477,G029
P00479,G063
P00480,G052
P00482,G002
P00483,G051
P00485,G015
P00486,G033
P00487,G083
P00489,G071
P00490,G046
P00491,G030
P00492,G089
P00494,G045
P00496,G008
P00497,G034
P00499,G029
P00500,G020
P00501,G028
P00504,G067
P00505,G060
P00506,G017
P00508,G066
P00509,G075
P00511,G046
P00512,G057
P00513,G051
P00514,G023
P00515,G013
P00518,G019
P00519,G045
P00520,G014
P00523,G020
P00524,G073
P00526,G053
P00527,G007
P00529,G037
P00531,G010
P00534,G087
P00538,G071
P00540,G047
P00542,G038
P00543,G046
P00544,G019
P00545,G057
P00547,G055
P00549,G025
P00551,G047
P00554,G062
P00555,G011
P00558,G076
P00559,G054
P00560,G041
P00561,G018
P00567,G036
P00569,G008
P00570,G043
P00574,G062
P00575,G090
P00576,G045
P00577,G011
P00578,G068
P00580,G078
P00582,G013
P00583,G080
P00584,G062
P00586,G015
P00588,G033
P00589,G025
P00590,G065
P00592,G045
P00593,G056
P00597,G064
P00598,G037
P00599,G083
P00601,G024
P00603,G030
P00604,G008
P00606,G040
P00608,G087
P00609,G022
P00610,G076
P00611,G049
P00615,G038
P00616,G067
P00618,G086
P00620,G044
P00621,G022
P00623,G004
P00624,G039
P00625,G080
P00628,G044
P00632,G011
P00633,G006
P00638,G008
P00639,G087
P00641,G062
P00642,G049
P00644,G026
P00645,G070
P00646,G020
P00648,G058
P00650,G038
P00651,G044
P00652,G078
P00654,G071
P00655,G035
P00660,G033
P00661,G011
P00662,G015
P00665,G078
P00667,G084
P00668,G006
P00669,G008
P00672,G009
P00673,G021
P00674,G074
P00676,G036
P00677,G036
P00678,G076
P00679,G072
P00680,G089
P00681,G028
P00683,G011
P00684,G047
P00685,G011
P00686,G061
P00687,G038
P00688,G066
P00690,G081
P00695,G080
P00696,G023
P00697,G018
P00701,G040
P00702,G074
P00703,G002
P00704,G084
P00706,G085
P00707,G061
P00711,G075
P00712,G011
P00713,G085
P00715,G033
P00716,G037
P00718,G050
P00719,G008
P00724,G045
P00727,G071
P00729,G049
P00731,G072
P00735,G018
P00736,G008
P00738,G033
P00739,G067
P00740,G030
P00746,G072
P00747,G014
P00748,G046
P00751,G062
P00752,G066
P00753,G059
P00756,G033
P00758,G062
P00759,G015
P00760,G030
P00762,G024
P00763,G065
P00765,G042
P00767,G008
P00771,G050
P00774,G071
P00775,G052
P00776,G056
P00782,G015
P00784,G019
P00785,G009
P00786,G089
P00787,G021
P00788,G069
P00789,G081
P00790,G008
P00791,G077
P00793,G044
P00795,G046
P00797,G032
P00798,G020
P00799,G008
P00800,G088
P00801,G057
P00802,G005
P00803,G026
P00809,G089
P00811,G055
P00812,G063
P00815,G047
P00819,G083
P00820,G021
P00821,G064
P00824,G075
P00826,G036
P00827,G067
P00828,G030
P00831,G006
P00833,G089
P00836,G005
P00840,G035
P00841,G032
P00842,G038
P00843,G015
P00846,G063
P00847,G089
P00848,G036
P00849,G087
P00851,G056
P00852,G047
P00855,G020
P00856,G045
P00857,G029
P00858,G003
P00864,G085
P00865,G009
P00867,G015
P00869,G040
P00870,G027
P00874,G045
P00876,G061
P00877,G073
P00880,G029
P00881,G014
P00882,G042
P00885,G084
P00888,G066
P00893,G057
P00894,G064
P00895,G031
P00899,G081
P00900,G071
P00901,G033
P00902,G074
P00906,G051
P00907,G016
P00908,G075
P00909,G018
P00913,G075
P00914,G010
P00915,G064
P00916,G049
P00918,G023
P00921,G040
P00922,G086
P00923,G038
P00924,G045
P00926,G035
P00927,G085
P00928,G070
P00930,G047
P00931,G043
P00932,G064
P00933,G077
P00937,G075
P00940,G017
P00941,G034
P00943,G045
P00944,G025
P00946,G026
P00951,G044
P00953,G089
P00954,G032
P00955,G044
P00957,G044
P00961,G077
P00964,G072
P00967,G046
P00971,G063
P00973,G042
P00975,G064
P00976,G081
P00977,G045
P00978,G032
P00981,G076
P00985,G067
P00986,G048
P00988,G063
P00989,G061
P00991,G058
P00993,G063
P00998,G055
P01000,G036
P01003,G014
P01006,G072
P01008,G085
P01009,G066
P01010,G080
P01012,G016
P01014,G015
P01015,G045
P01016,G017
P01017,G073
P01021,G066
P01023,G058
P01025,G025
P01026,G017
P01028,G084
P01029,G064
P01030,G017
P01031,G084
P01032,G077
P01034,G047
P01036,G037
P01037,G003
P01038,G018
P01042,G040
P01046,G006
P01049,G021
P01052,G046
P01053,G044
P01054,G061
P01056,G041
P01058,G010
P01060,G055
P01062,G017
P01063,G049
P01064,G006
P01067,G036
P01068,G005
P01070,G015
P01073,G089
P01076,G040
P01077,G055
P01078,G081
P01079,G048
P01080,G048
P01082,G068
P01083,G017
P01085,G049
P01086,G044
P01088,G082
P01089,G062
P01090,G009
P01091,G001
P01095,G038
P01096,G051
P01097,G082
P01098,G009
P01101,G040
P01104,G034
P01106,G044
P01107,G022
P01109,G067
P01110,G007
P01112,G051
P01114,G040
P01117,G043
P01118,G062
P01121,G011
P01124,G005
P01125,G085
P01127,G049
P01130,G033
P01136,G033
P01138,G060
P01140,G060
P01141,G034
P01143,G065
P01144,G037
P01146,G065
P01148,G009
P01150,G071
P01151,G074
P01153,G011
P01156,G059
P01158,G075
P01160,G020
P01161,G066
P01162,G044
P01163,G082
P01164,G060
P01166,G001
P01167,G026
P01168,G033
P01169,G046
P01171,G009
P01173,G078
P01175,G033
P01178,G029
P01179,G049
P01180,G066
P01183,G024
P01184,G080
P01185,G076
P01188,G056
P01189,G071
P01190,G048
P01191,G029
P01192,G044
P01195,G085
P01196,G049
P01199,G026
P01200,G033
P01201,G003
P01202,G008
P01203,G045
P01205,G036
P01206,G076
P01207,G071
P01209,G085
P01213,G048
P01217,G027
P01218,G085
P01219,G034
P01223,G028
P01225,G057
P01226,G034
P01229,G085
P01230,G044
P01232,G063
P01234,G044
P01235,G044
P01236,G056
P01238,G038
P01242,G072
P01243,G002
P01245,G052
P01247,G076
P01251,G030
P01252,G028
P01254,G059
P01255,G035
P01256,G036
P01257,G004
P01258,G013
P01259,G089
P01260,G002
P01262,G043
P01263,G076
P01264,G045
P01266,G017
P01267,G049
P01268,G075
P01270,G065
P01272,G045
P01274,G053
P01275,G040
P01277,G020
P01278,G085
P01281,G007
P01282,G020
P01284,G023
P01285,G079
P01286,G047
P01290,G030
P01291,G077
P01292,G010
P01293,G013
P01294,G043
P01297,G058
P01298,G060
P01300,G083
P01301,G071
P01302,G017
P01304,G044
P01305,G085
P01306,G068
P01307,G045
P01308,G046
P01311,G011
P01317,G004
P01318,G031
P01322,G066
P01326,G003
P01328,G081
P01331,G066
P01333,G066
P01335,G038
P01338,G048
P01339,G027
P01340,G071
P01341,G040
P01348,G035
P01349,G074
P01350,G034
P01353,G047
P01354,G045
P01355,G077
P01356,G083
P01357,G082
P01359,G085
P01360,G045
P01362,G085
P01364,G045
P01365,G029
P01374,G024
P01377,G067
P01379,G040
P01383,G033
P01387,G017
P01389,G067
P01390,G008
P01394,G041
P01395,G018
P01398,G034
P01399,G060
P01401,G043
P01402,G072
P01403,G081
P01404,G017
P01405,G051
P01406,G063
P01407,G018
P01415,G010
P01416,G073
P01419,G060
P01420,G071
P01421,G020
P01422,G042
P01425,G086
P01428,G007
P01430,G053
P01431,G021
P01432,G003
P01434,G051
P01437,G087
P01439,G049
P01441,G067
P01442,G067
P01443,G048
P01445,G049
P01446,G049
P01451,G057
P01453,G053
P01459,G046
P01462,G035
P01463,G034
P01467,G039
P01468,G082
P01469,G067
P01471,G014
P01473,G059
P01474,G018
P01475,G021
P01476,G050
P01478,G066
P01479,G007
P01480,G011
P01482,G022
P01483,G083
P01484,G023
P01485,G072
P01486,G054
P01489,G081
P01490,G075
P01491,G027
P01492,G066
P01493,G040
P01494,G009
P01496,G049
P01497,G018
P01499,G045
P01501,G071
P01503,G062
P01505,G088
P01506,G037
P01510,G016
P01514,G046
P01515,G029
P01516,G071
P01518,G008
P01519,G070
P01521,G007
P01522,G026
P01523,G055
P01525,G008
P01529,G047
P01532,G072
P01535,G016
P01537,G045
P01538,G047
P01539,G073
P01540,G045
P01541,G045
P01542,G037
P01543,G007
P01547,G037
P01549,G004
P01550,G065
P01551,G041
P01552,G067
P01553,G072
P01554,G038
P01555,G044
P01556,G046
P01558,G033
P01561,G063
P01566,G003
P01567,G071
P01569,G089
P01571,G077
P01572,G013
P01575,G037
P01576,G039
P01577,G067
P01582,G046
P01583,G045
P01585,G066
P01588,G077
P01592,G008
P01593,G011
P01596,G015
P01598,G007
P01601,G007
P01602,G034
P01603,G011
P01607,G036
P01610,G053
P01611,G017
P01612,G036
P01614,G058
P01615,G002
P01617,G090
P01619,G078
P01624,G081
P01629,G025
P01631,G067
P01636,G048
P01637,G071
P01638,G047
P01640,G013
P01641,G078
P01642,G038
P01644,G007
P01650,G044
P01651,G088
P01653,G037
P01654,G048
P01655,G066
P01656,G036
P01657,G051
P01659,G034
P01660,G072
P01661,G036
P01663,G070
P01665,G041
P01668,G076
P01670,G080
P01672,G064
P01674,G051
P01675,G026
P01676,G073
P01679,G037
P01682,G046
P01683,G012
P01685,G044
P01687,G007
P01689,G080
P01691,G008
P01692,G039
P01693,G015
P01694,G008
P01696,G033
P01699,G042
P01700,G013
P01702,G090
P01704,G026
P01705,G069
P01706,G040
P01708,G070
P01710,G019
P01711,G049
P01713,G058
P01716,G007
P01717,G014
P01718,G081
P01719,G017
P01721,G083
P01723,G087
P01724,G023
P01727,G023
P01728,G076
P01731,G052
P01732,G009
P01733,G041
P01736,G084
P01737,G006
P01739,G013
P01740,G007
P01741,G047
P01742,G086
P01743,G063
P01751,G054
P01753,G023
P01755,G033
P01756,G045
P01757,G040
P01761,G034
P01763,G076
P01764,G066
P01765,G022
P01766,G067
P01767,G016
P01768,G069
P01769,G078
P01770,G014
P01771,G044
P01772,G051
P01773,G020
P01774,G078
P01776,G066
P01777,G023
P01779,G081
P01780,G087
P01782,G078
P01783,G040
P01784,G076
P01787,G033
P01796,G089
P01797,G081
P01800,G051
