startUserId,endConversationId,at
U0475,CV0002,2026-03-13T12:12:39
U0118,CV0003,2026-01-07T00:08:39
U0823,CV0003,2025-12-05T20:25:23
U0066,CV0004,2026-01-04T03:22:30
U0511,CV0005,2025-12-10T06:33:11
U0580,CV0005,2025-09-26T05:37:27
U0263,CV0006,2026-02-21T08:19:34
U0618,CV0006,2026-03-04T11:11:57
U0405,CV0007,2026-02-25T07:37:34
U0463,CV0007,2025-04-10T20:29:07
U0396,CV0008,2026-01-13T04:44:51
U0558,CV0009,2025-12-12T09:27:16
U0087,CV0010,2026-02-13T15:06:49
U0142,CV0010,2026-01-16T04:36:25
U0451,CV0011,2025-09-19T20:08:59
U0233,CV0012,2026-03-03T15:46:59
U0393,CV0013,2026-03-31T00:47:14
U0822,CV0014,2026-03-27T21:49:32
U0567,CV0015,2026-03-03T18:59:33
U0440,CV0017,2026-02-15T05:56:08
U0676,CV0017,2026-02-07T19:44:53
U0594,CV0018,2025-09-11T22:27:00
U0009,CV0019,2026-03-20T15:03:57
U0057,CV0019,2026-03-23T12:47:27
U0090,CV0020,2026-03-20T08:44:24
U0805,CV0020,2026-03-10T04:48:31
U0194,CV0021,2025-05-31T06:57:35
U0019,CV0022,2025-06-03T19:38:53
U0360,CV0023,2026-03-31T19:17:42
U0762,CV0025,2026-04-01T19:12:53
U0284,CV0026,2026-02-06T05:53:47
U0877,CV0027,2026-03-06T15:53:40
U0309,CV0029,2026-01-05T12:14:09
U0813,CV0029,2026-03-23T02:54:23
U0571,CV0030,2026-03-24T03:00:04
U0760,CV0030,2026-03-22T00:58:23
U0890,CV0031,2026-03-24T09:34:19
U0246,CV0034,2026-03-31T04:34:05
U0460,CV0034,2026-03-31T03:17:10
U0067,CV0035,2026-01-26T01:44:41
U0064,CV0037,2026-03-27T16:52:55
U0365,CV0037,2026-03-30T04:30:49
U0579,CV0038,2026-03-18T17:58:01
U0268,CV0039,2026-03-11T21:50:54
U0399,CV0039,2026-03-02T10:42:54
U0297,CV0040,2026-01-12T09:57:03
U0069,CV0042,2026-02-12T01:27:52
U0681,CV0043,2026-04-01T16:08:34
U0509,CV0044,2026-01-24T21:32:54
U0085,CV0045,2026-02-23T04:56:06
U0229,CV0045,2026-03-06T05:39:31
U0057,CV0046,2025-06-13T20:33:26
U0271,CV0047,2026-01-15T11:52:01
U0516,CV0048,2026-02-26T07:51:34
U0815,CV0048,2026-03-01T16:16:23
U0300,CV0050,2026-02-17T03:01:46
U0403,CV0052,2026-03-30T20:42:29
U0517,CV0052,2026-03-23T02:50:30
U0071,CV0054,2026-02-19T18:56:01
U0263,CV0054,2026-03-29T14:58:01
U0549,CV0055,2026-03-28T21:42:21
U0600,CV0055,2026-04-01T09:14:47
U0265,CV0056,2025-11-30T08:04:35
U0518,CV0057,2025-09-03T07:17:00
U0863,CV0057,2025-08-14T15:48:57
U0142,CV0058,2026-02-03T20:39:05
U0544,CV0059,2026-03-01T16:43:40
U0793,CV0059,2026-03-29T03:02:21
U0606,CV0061,2025-07-11T23:25:45
U0095,CV0062,2025-12-22T17:47:57
U0757,CV0062,2025-09-01T21:35:51
U0031,CV0063,2026-03-26T21:19:07
U0219,CV0064,2026-03-28T01:56:00
U0631,CV0064,2026-03-31T15:55:42
U0031,CV0065,2026-02-07T23:35:35
U0477,CV0067,2026-03-19T18:49:57
U0312,CV0068,2026-03-14T10:03:35
U0741,CV0069,2026-01-17T16:51:13
U0852,CV0069,2026-01-29T05:02:07
U0501,CV0070,2025-12-16T12:54:31
U0588,CV0070,2026-02-13T22:16:35
U0374,CV0071,2026-03-01T08:10:59
U0824,CV0071,2026-03-06T23:01:54
U0219,CV0072,2026-03-28T03:17:23
U0785,CV0073,2026-03-22T08:01:48
U0356,CV0075,2026-03-24T19:12:03
U0790,CV0075,2026-01-30T05:38:58
U0439,CV0076,2026-02-26T14:16:46
U0011,CV0077,2026-03-20T20:29:28
U0209,CV0078,2026-04-01T22:05:08
U0432,CV0078,2026-04-01T22:29:36
U0582,CV0079,2026-02-17T04:55:25
U0679,CV0080,2025-01-24T02:56:04
U0051,CV0081,2026-03-19T05:39:48
U0134,CV0082,2026-03-27T17:26:46
U0356,CV0082,2026-04-01T19:06:10
U0642,CV0083,2026-03-01T07:50:34
U0713,CV0083,2026-03-26T12:03:04
U0061,CV0084,2025-10-30T12:16:45
U0229,CV0086,2026-02-09T12:00:13
U0889,CV0086,2026-02-16T03:12:22
U0248,CV0087,2026-03-08T10:26:33
U0860,CV0087,2026-03-04T23:46:36
U0131,CV0088,2026-01-22T19:32:50
U0081,CV0089,2025-12-31T22:54:14
U0149,CV0090,2026-02-04T19:50:12
U0876,CV0090,2026-02-28T11:21:15
U0313,CV0091,2026-03-27T08:15:37
U0462,CV0093,2026-03-03T06:58:07
U0663,CV0093,2026-03-25T07:48:18
U0087,CV0094,2026-04-01T05:34:46
U0613,CV0094,2026-03-07T18:15:26
U0004,CV0095,2025-08-05T10:35:07
U0070,CV0095,2026-02-28T18:27:56
U0670,CV0097,2026-03-30T20:41:06
U0714,CV0097,2026-03-10T17:11:10
U0194,CV0098,2025-11-19T23:37:43
U0384,CV0098,2026-03-21T22:55:54
U0004,CV0099,2026-03-24T19:46:20
U0098,CV0101,2026-03-28T22:37:40
U0465,CV0103,2025-12-29T22:57:12
U0245,CV0104,2026-03-02T11:23:01
U0237,CV0105,2025-10-05T04:33:20
U0347,CV0105,2025-10-06T23:43:41
U0077,CV0106,2026-02-18T10:05:58
U0786,CV0107,2026-03-27T09:34:11
U0731,CV0109,2026-01-07T04:10:01
U0573,CV0110,2026-03-29T10:26:18
U0834,CV0110,2026-03-23T14:57:41
U0413,CV0111,2026-03-27T11:10:32
U0593,CV0111,2026-04-01T07:55:45
U0166,CV0113,2026-03-27T13:51:24
U0428,CV0113,2026-03-29T05:33:53
U0550,CV0115,2026-02-02T21:24:46
U0589,CV0116,2025-12-29T07:53:40
U0443,CV0117,2026-03-29T22:50:06
U0262,CV0118,2026-03-29T14:59:34
U0434,CV0118,2026-04-01T16:43:03
U0248,CV0119,2025-09-25T01:28:44
U0465,CV0119,2025-06-26T19:58:32
U0005,CV0120,2025-08-14T06:12:23
U0215,CV0120,2025-07-01T19:20:05
U0377,CV0121,2026-01-03T12:27:03
U0333,CV0121,2026-03-21T23:15:17
U0212,CV0121,2026-03-20T13:21:44
U0097,CV0122,2026-03-31T21:56:19
U0135,CV0122,2026-04-01T22:35:51
U0392,CV0123,2026-02-11T23:28:15
U0075,CV0123,2026-03-26T15:48:49
U0087,CV0123,2026-03-28T19:36:28
U0598,CV0123,2026-03-17T11:34:06
U0028,CV0124,2026-02-20T04:23:01
U0788,CV0124,2026-03-27T14:48:03
U0567,CV0124,2026-02-14T20:57:19
U0325,CV0125,2025-12-29T04:27:08
U0381,CV0125,2025-06-26T06:29:46
U0504,CV0125,2025-06-26T04:55:06
U0794,CV0126,2025-12-29T10:13:49
U0417,CV0126,2025-11-19T12:35:01
U0199,CV0127,2026-03-11T05:56:41
U0510,CV0127,2026-03-31T08:45:59
U0666,CV0128,2026-03-30T23:44:27
U0342,CV0128,2026-03-27T13:36:50
U0513,CV0129,2026-03-29T01:53:37
U0672,CV0129,2026-03-29T20:49:47
U0724,CV0129,2026-03-27T17:40:09
U0464,CV0129,2026-04-01T13:33:36
U0299,CV0129,2026-03-31T11:49:31
U0807,CV0129,2026-03-30T20:13:09
U0342,CV0130,2026-02-26T09:46:33
U0533,CV0130,2026-03-07T04:16:58
U0272,CV0130,2026-02-16T13:17:32
U0119,CV0131,2026-02-26T18:14:18
U0213,CV0132,2026-04-01T21:02:23
U0202,CV0132,2026-04-01T03:40:07
U0173,CV0132,2026-03-31T04:54:30
U0642,CV0133,2026-03-05T00:13:55
U0535,CV0134,2026-03-31T03:03:26
U0136,CV0134,2026-03-23T05:03:53
U0447,CV0135,2025-08-30T09:08:25
U0151,CV0135,2025-09-30T09:37:50
U0356,CV0135,2026-02-11T07:29:43
U0570,CV0135,2025-12-22T03:59:08
U0144,CV0135,2025-10-28T16:48:34
U0410,CV0135,2025-08-21T21:27:42
U0589,CV0136,2026-01-31T08:00:38
U0870,CV0136,2026-02-19T13:25:57
U0333,CV0136,2026-02-01T09:57:42
U0331,CV0138,2026-03-31T04:31:03
U0056,CV0139,2026-03-06T21:44:37
U0722,CV0139,2026-03-02T04:16:33
U0559,CV0140,2026-03-29T11:36:58
U0495,CV0140,2026-01-31T02:22:02
U0783,CV0141,2026-03-21T08:27:17
U0525,CV0141,2026-03-24T10:09:43
U0405,CV0141,2026-03-19T14:38:45
U0324,CV0142,2026-02-23T00:55:52
U0632,CV0142,2026-01-18T06:40:03
U0626,CV0142,2026-03-06T01:04:04
U0522,CV0143,2026-03-26T06:36:48
U0201,CV0143,2026-03-31T21:51:28
U0368,CV0144,2026-03-24T19:45:11
U0385,CV0144,2025-11-25T14:29:31
U0468,CV0145,2026-01-12T22:12:53
U0785,CV0145,2025-10-14T18:47:17
U0624,CV0145,2026-02-17T13:06:58
U0678,CV0146,2026-03-01T22:29:00
U0472,CV0146,2026-03-13T16:41:52
U0504,CV0146,2026-03-27T09:58:23
U0802,CV0147,2025-06-30T05:40:46
U0415,CV0147,2025-09-12T01:33:19
U0329,CV0147,2025-09-17T19:04:39
U0389,CV0147,2025-09-12T03:23:48
U0886,CV0147,2025-06-21T09:30:44
U0202,CV0148,2026-03-14T02:31:14
U0574,CV0148,2026-03-04T16:33:32
U0005,CV0149,2026-03-28T08:19:41
U0337,CV0149,2026-03-20T15:06:46
U0335,CV0149,2026-03-24T22:37:00
U0045,CV0149,2026-03-30T15:10:03
U0635,CV0149,2026-03-24T08:54:30
U0837,CV0150,2026-03-24T14:19:42
U0629,CV0150,2026-03-23T12:44:05
U0757,CV0151,2025-04-26T15:00:54
U0405,CV0151,2025-11-17T02:30:21
U0592,CV0152,2026-03-02T19:43:56
U0356,CV0153,2026-03-20T01:02:56
U0622,CV0153,2026-03-24T07:58:23
U0709,CV0154,2026-02-09T18:39:34
U0797,CV0154,2026-01-05T06:51:55
U0730,CV0155,2025-12-31T20:27:46
U0407,CV0155,2025-10-07T00:34:35
U0266,CV0155,2025-12-11T16:24:01
U0024,CV0156,2026-03-30T11:34:14
U0520,CV0156,2026-04-01T11:30:10
U0083,CV0157,2026-03-22T03:18:18
U0799,CV0157,2026-04-01T01:44:40
U0825,CV0158,2026-03-18T09:20:09
U0229,CV0158,2026-03-29T12:59:18
U0241,CV0158,2026-03-16T06:23:16
U0699,CV0158,2026-03-17T19:03:43
U0173,CV0159,2026-04-01T20:49:35
U0166,CV0159,2026-04-01T13:14:14
U0160,CV0160,2026-03-31T09:33:47
U0191,CV0160,2026-03-21T13:42:07
U0003,CV0160,2026-03-25T20:08:51
U0676,CV0161,2026-03-10T21:58:27
U0764,CV0161,2025-12-09T06:00:23
U0356,CV0161,2026-02-28T11:09:41
U0424,CV0162,2026-04-01T15:08:42
U0899,CV0162,2026-03-31T09:47:44
U0529,CV0162,2026-03-17T10:29:02
U0439,CV0162,2026-03-17T10:55:14
U0674,CV0162,2026-03-13T18:52:53
U0773,CV0163,2026-03-29T02:47:51
U0418,CV0163,2026-03-26T19:57:12
U0609,CV0164,2026-04-01T18:43:54
U0741,CV0164,2026-04-01T20:07:48
U0780,CV0164,2026-04-01T14:22:34
U0420,CV0164,2026-04-01T17:27:18
U0532,CV0164,2026-04-01T13:24:26
U0210,CV0165,2026-02-16T04:14:46
U0185,CV0165,2026-01-30T07:46:22
U0693,CV0165,2025-11-05T02:38:12
U0599,CV0166,2025-12-03T01:24:56
U0314,CV0167,2026-03-29T00:36:05
U0344,CV0167,2026-02-21T13:25:17
U0684,CV0167,2026-02-28T12:24:51
U0688,CV0168,2025-09-11T05:42:37
U0200,CV0168,2025-11-12T09:10:25
U0351,CV0169,2026-03-28T10:40:50
U0081,CV0169,2026-03-30T04:57:09
U0492,CV0170,2026-04-01T06:47:22
U0102,CV0171,2026-03-15T12:32:27
U0556,CV0171,2026-03-28T15:36:04
U0736,CV0171,2026-03-27T08:00:23
U0879,CV0171,2026-03-01T13:24:54
U0513,CV0171,2026-03-10T22:24:46
U0378,CV0171,2026-02-24T23:54:35
U0444,CV0171,2026-03-17T22:34:21
U0288,CV0172,2025-10-07T05:24:13
U0886,CV0172,2026-02-28T22:19:20
U0814,CV0172,2025-09-10T20:11:15
U0724,CV0173,2026-03-29T15:43:48
U0487,CV0173,2026-03-31T16:01:24
U0047,CV0173,2026-03-30T12:18:46
U0426,CV0173,2026-03-27T21:52:04
U0643,CV0173,2026-03-30T20:11:05
U0455,CV0174,2025-11-02T22:02:14
U0290,CV0174,2025-08-14T13:31:22
U0658,CV0175,2025-10-05T19:30:04
U0077,CV0175,2026-01-27T11:12:43
U0406,CV0176,2026-03-01T16:02:26
U0047,CV0176,2025-09-03T20:00:57
U0240,CV0177,2026-03-24T21:55:08
U0829,CV0177,2026-04-01T06:46:39
U0586,CV0177,2026-03-28T18:20:59
U0139,CV0177,2026-03-23T15:19:57
U0862,CV0177,2026-03-27T16:11:39
U0784,CV0177,2026-03-25T08:39:05
U0781,CV0178,2026-03-31T00:49:43
U0435,CV0178,2026-03-31T14:03:33
U0570,CV0178,2026-03-27T09:58:28
U0664,CV0178,2026-03-30T01:28:35
U0650,CV0178,2026-03-31T20:30:36
U0398,CV0179,2026-03-24T17:47:22
U0722,CV0179,2026-03-18T08:51:15
U0604,CV0179,2026-03-22T13:27:55
U0394,CV0179,2026-03-21T23:03:12
U0144,CV0180,2026-03-26T06:42:03
U0246,CV0180,2026-03-26T17:08:41
