startUserId,endUserId,createdAt
U0524,U0466,2026-02-10T14:29:37
U0829,U0542,2026-03-14T16:23:35
U0588,U0199,2025-12-13T00:04:44
U0231,U0575,2026-01-25T19:27:36
U0338,U0293,2025-09-14T16:31:04
U0694,U0343,2025-09-28T17:46:02
U0749,U0422,2025-03-03T02:46:25
U0716,U0351,2025-08-23T09:47:22
U0047,U0208,2026-03-16T23:50:39
U0495,U0726,2026-03-14T16:00:06
U0267,U0075,2026-03-13T18:42:16
U0732,U0075,2025-09-23T16:31:30
U0091,U0500,2025-12-07T21:33:55
U0409,U0784,2026-02-23T14:40:31
U0162,U0708,2026-02-10T23:14:50
U0245,U0480,2026-03-24T04:52:18
U0514,U0415,2025-11-22T02:39:03
U0112,U0672,2025-08-05T13:34:37
U0476,U0616,2025-05-08T07:39:36
U0443,U0396,2026-01-20T06:57:51
U0130,U0654,2026-03-08T07:00:17
U0825,U0817,2026-04-01T02:09:55
U0117,U0398,2024-12-20T20:45:00
U0630,U0711,2026-03-25T21:47:52
U0497,U0817,2026-01-21T09:01:04
U0899,U0159,2026-04-01T01:44:01
U0498,U0087,2026-01-19T18:40:53
U0664,U0284,2026-03-31T15:54:07
U0807,U0088,2026-03-23T05:44:12
U0439,U0636,2025-09-28T10:13:36
U0872,U0214,2025-04-11T02:37:37
U0861,U0695,2025-12-05T21:57:31
U0530,U0128,2026-02-22T09:17:23
U0796,U0567,2025-11-05T00:14:14
U0552,U0155,2025-05-14T15:43:37
U0496,U0867,2026-01-01T03:02:47
U0157,U0752,2026-03-23T01:26:22
U0325,U0876,2026-03-07T02:31:22
U0630,U0489,2025-06-07T12:43:19
U0602,U0023,2026-03-23T04:42:38
U0751,U0163,2025-11-18T11:48:13
U0124,U0463,2025-10-17T09:59:02
U0375,U0890,2026-02-19T02:34:13
U0372,U0790,2025-12-25T00:35:50
U0314,U0830,2026-02-02T13:23:40
U0713,U0157,2026-02-03T18:46:54
U0576,U0536,2025-12-13T19:51:12
U0374,U0673,2026-01-17T06:42:04
U0005,U0068,2025-03-30T10:35:24
U0684,U0326,2026-02-23T02:47:44
U0251,U0794,2025-09-06T02:47:42
U0780,U0880,2025-06-27T20:02:06
U0558,U0405,2025-04-05T12:04:51
U0414,U0463,2024-10-14T21:58:42
U0130,U0861,2026-03-21T02:22:07
U0442,U0242,2026-02-09T02:22:19
U0567,U0154,2026-04-01T00:49:28
U0049,U0061,2025-11-10T10:18:20
U0800,U0391,2025-10-06T04:59:26
U0111,U0095,2026-01-30T03:02:52
U0454,U0616,2026-03-12T12:59:45
U0084,U0779,2025-11-01T14:42:44
U0153,U0485,2026-02-23T21:15:48
U0009,U0884,2026-04-01T14:00:58
U0657,U0016,2026-03-30T20:06:19
U0474,U0078,2026-01-06T15:52:00
U0673,U0080,2026-02-26T12:53:30
U0293,U0889,2025-12-09T04:45:57
U0290,U0593,2026-02-28T11:16:59
U0570,U0673,2026-03-27T20:21:04
U0274,U0148,2024-08-16T00:56:20
U0083,U0601,2024-08-16T23:38:26
U0054,U0063,2025-12-15T11:51:08
U0378,U0401,2026-03-27T02:59:09
U0307,U0141,2026-03-30T23:26:57
U0301,U0570,2026-02-27T20:25:19
U0298,U0104,2025-01-26T13:45:00
U0341,U0427,2024-12-16T17:40:09
U0511,U0393,2026-02-14T01:23:35
U0567,U0807,2026-03-28T23:51:41
U0397,U0559,2025-09-18T00:39:32
U0819,U0442,2025-12-17T08:28:44
U0121,U0716,2026-03-26T21:23:02
U0502,U0075,2025-07-22T22:58:23
U0845,U0107,2026-02-20T05:42:06
U0861,U0228,2026-02-18T17:59:19
U0862,U0718,2026-01-26T13:46:36
U0298,U0799,2026-01-04T21:23:57
U0208,U0266,2026-01-12T03:52:53
U0388,U0789,2025-12-17T11:11:06
U0038,U0797,2025-09-29T21:27:37
U0845,U0117,2025-01-29T10:25:16
U0284,U0399,2025-10-26T18:15:30
U0249,U0596,2025-12-19T02:09:29
U0137,U0722,2025-11-28T17:13:04
U0287,U0833,2026-03-23T20:05:08
U0249,U0357,2025-12-04T15:42:01
U0142,U0613,2025-09-16T21:20:36
U0489,U0744,2026-03-29T08:18:43
U0810,U0029,2025-09-05T19:12:33
U0655,U0143,2026-02-20T15:55:05
U0417,U0772,2025-10-26T11:01:38
U0587,U0746,2026-03-30T04:12:29
U0163,U0636,2024-10-17T05:06:04
U0677,U0692,2025-07-21T05:44:38
U0383,U0177,2025-06-11T04:39:48
U0191,U0186,2026-03-13T03:15:41
U0780,U0120,2026-01-09T08:03:13
U0457,U0486,2026-03-31T14:38:18
U0725,U0138,2026-03-03T02:10:37
U0352,U0837,2026-03-28T10:41:55
U0588,U0493,2026-02-28T13:45:45
U0531,U0204,2026-03-13T21:01:29
U0259,U0181,2025-08-03T14:58:51
U0889,U0565,2025-10-21T01:51:00
U0526,U0086,2026-01-19T16:34:38
U0722,U0159,2026-04-01T17:23:53
U0391,U0814,2025-11-23T13:26:57
U0073,U0556,2026-03-24T09:34:39
U0394,U0604,2025-09-16T16:30:56
U0483,U0850,2026-02-09T05:36:46
U0864,U0169,2026-03-23T11:23:12
U0817,U0159,2026-03-31T14:18:08
U0202,U0182,2026-01-19T14:01:03
U0830,U0232,2025-10-25T11:56:15
U0398,U0661,2025-11-15T01:48:13
U0218,U0055,2026-03-30T19:08:52
U0763,U0438,2026-03-01T01:21:36
U0715,U0381,2026-02-12T13:21:56
U0177,U0141,2026-03-18T22:27:19
U0678,U0354,2026-03-18T06:33:57
U0407,U0031,2026-02-17T16:56:25
U0486,U0164,2026-04-01T00:28:59
U0337,U0050,2025-08-27T22:20:22
U0179,U0382,2026-03-18T10:21:16
U0189,U0691,2026-03-29T01:42:51
U0801,U0012,2025-11-11T15:19:03
U0746,U0078,2026-01-23T04:00:08
U0704,U0062,2026-03-02T20:37:52
U0211,U0612,2026-01-09T01:44:48
U0011,U0328,2025-05-12T13:57:17
U0860,U0414,2025-06-12T22:02:19
U0160,U0011,2024-07-21T23:25:00
U0545,U0204,2026-03-27T19:19:28
U0180,U0240,2026-01-07T04:34:12
U0697,U0332,2026-03-31T13:49:57
U0816,U0357,2025-09-30T15:20:38
U0809,U0026,2025-09-16T03:54:38
U0507,U0403,2026-03-19T19:08:21
U0649,U0027,2026-03-21T04:34:56
U0101,U0035,2026-03-01T14:49:29
U0310,U0197,2026-02-15T13:25:30
U0885,U0712,2025-08-05T17:59:03
U0718,U0121,2025-12-20T13:50:22
U0177,U0276,2026-03-13T02:28:52
U0318,U0361,2026-03-24T13:01:45
U0740,U0579,2025-11-20T02:48:07
U0487,U0748,2026-02-15T03:24:02
U0209,U0385,2025-08-13T02:29:24
U0387,U0293,2026-02-08T23:12:39
U0269,U0063,2025-07-19T20:59:41
U0357,U0139,2025-10-29T10:45:34
U0269,U0236,2025-12-12T20:25:17
U0633,U0581,2025-04-06T10:52:51
U0607,U0531,2026-03-26T10:06:01
U0222,U0738,2026-03-13T23:08:59
U0098,U0237,2025-09-25T12:57:22
U0623,U0686,2026-01-17T17:18:48
U0376,U0094,2026-03-09T12:22:36
U0485,U0225,2026-01-08T14:40:35
U0226,U0030,2026-03-17T04:08:54
U0810,U0447,2025-10-10T19:00:45
U0189,U0027,2026-01-06T19:43:49
U0299,U0030,2026-02-04T15:28:31
U0101,U0243,2025-07-08T04:18:39
U0068,U0474,2025-04-04T19:44:09
U0431,U0613,2026-03-24T00:05:12
U0453,U0724,2026-03-26T12:41:26
U0271,U0631,2026-02-14T07:58:57
U0748,U0392,2026-02-27T16:16:09
U0861,U0197,2025-08-30T02:32:28
U0563,U0751,2025-10-11T20:52:22
U0668,U0172,2025-08-18T22:27:03
U0231,U0191,2026-03-05T14:15:00
U0631,U0548,2026-03-03T13:35:29
U0789,U0150,2026-03-11T11:03:01
U0093,U0594,2025-12-05T19:01:56
U0480,U0423,2026-03-14T11:56:53
U0377,U0721,2026-03-31T18:37:12
U0155,U0238,2025-12-16T11:26:59
U0540,U0435,2025-03-16T16:45:40
U0339,U0494,2026-01-26T16:53:26
U0580,U0832,2025-08-04T16:57:12
U0730,U0202,2025-03-16T16:11:59
U0330,U0315,2025-11-03T09:36:02
U0505,U0620,2025-11-09T22:22:42
U0500,U0230,2025-10-08T13:02:55
U0841,U0520,2026-03-19T15:10:30
U0286,U0848,2026-01-25T03:33:55
U0164,U0760,2025-12-29T20:32:03
U0819,U0836,2025-07-01T09:51:21
U0594,U0564,2025-10-20T04:40:35
U0206,U0470,2026-03-03T17:34:15
U0315,U0789,2026-03-07T18:55:26
U0852,U0060,2026-01-13T13:02:32
U0586,U0563,2026-01-27T16:11:34
U0184,U0289,2026-01-07T08:36:41
U0783,U0298,2025-06-26T16:51:58
U0202,U0023,2025-08-21T02:08:52
U0074,U0781,2026-02-21T22:59:21
U0334,U0867,2026-01-24T07:04:18
U0509,U0098,2025-10-05T07:59:12
U0857,U0229,2025-12-30T13:09:10
U0367,U0494,2025-10-15T23:19:36
U0199,U0453,2025-12-29T12:48:50
U0184,U0315,2026-01-08T00:34:41
U0433,U0477,2026-03-24T20:53:30
U0291,U0594,2026-03-14T16:49:04
U0813,U0461,2026-03-14T10:58:30
U0878,U0725,2025-08-07T14:41:16
U0298,U0801,2025-07-23T14:15:57
U0439,U0381,2024-11-02T07:18:00
U0622,U0211,2025-06-15T22:49:39
U0558,U0706,2026-03-28T09:09:23
U0722,U0780,2025-12-24T14:52:35
U0147,U0435,2025-02-21T17:30:55
U0772,U0345,2026-03-01T21:47:39
U0119,U0590,2025-11-15T13:49:26
U0301,U0028,2026-02-18T05:44:47
U0406,U0334,2025-09-01T02:20:00
U0295,U0527,2026-03-20T23:14:37
U0005,U0209,2025-06-21T11:03:07
U0819,U0242,2026-02-11T16:57:46
U0802,U0218,2026-03-31T20:17:36
U0358,U0821,2026-03-14T02:02:28
U0027,U0588,2026-02-10T13:13:01
U0767,U0149,2025-12-27T07:24:46
U0099,U0392,2025-12-30T00:04:31
U0555,U0548,2024-08-21T15:48:58
U0720,U0883,2026-03-24T08:28:22
U0161,U0227,2025-02-23T20:08:44
U0598,U0562,2026-03-24T02:20:03
U0171,U0261,2026-02-22T11:36:18
U0739,U0328,2025-11-26T15:33:25
U0833,U0254,2026-02-14T18:31:00
U0398,U0685,2024-07-11T15:43:23
U0596,U0619,2026-01-05T03:57:41
U0621,U0106,2026-01-11T02:32:24
U0169,U0201,2025-06-08T07:03:42
U0546,U0372,2026-04-01T19:21:26
U0362,U0764,2026-03-13T21:51:59
U0035,U0720,2026-01-02T17:29:49
U0114,U0234,2025-09-28T17:56:28
U0663,U0827,2026-03-31T01:36:13
U0207,U0880,2026-02-27T08:12:10
U0659,U0719,2024-08-13T07:28:35
U0700,U0350,2026-03-12T02:00:03
U0123,U0019,2025-05-16T11:06:15
U0534,U0289,2025-09-25T23:55:13
U0374,U0537,2026-03-27T19:17:47
U0519,U0107,2026-01-09T17:17:57
U0369,U0130,2025-12-24T21:07:52
U0570,U0890,2026-02-13T00:22:57
U0616,U0341,2025-04-06T18:41:36
U0106,U0872,2026-01-08T00:11:25
U0141,U0691,2026-03-31T02:15:06
U0562,U0465,2025-08-13T18:04:21
U0878,U0159,2026-03-31T13:29:04
U0285,U0117,2026-03-21T09:02:15
U0743,U0113,2025-04-25T07:20:11
U0199,U0740,2025-12-27T05:22:28
U0280,U0707,2026-04-01T12:54:31
U0137,U0852,2026-01-22T02:37:31
U0199,U0077,2025-10-06T20:26:00
U0552,U0418,2025-06-05T03:34:02
U0410,U0453,2025-12-23T15:44:45
U0345,U0758,2026-02-28T19:49:39
U0005,U0882,2025-08-09T18:29:42
U0688,U0697,2026-03-31T11:36:32
U0132,U0869,2025-09-08T03:45:32
U0894,U0238,2026-04-01T15:08:36
U0620,U0893,2025-10-13T04:49:07
U0157,U0332,2025-12-14T20:01:41
U0298,U0633,2025-10-12T08:55:11
U0454,U0460,2026-03-05T17:40:10
U0669,U0327,2026-01-13T12:10:03
U0759,U0829,2026-03-20T23:18:40
U0778,U0687,2024-11-10T00:15:08
U0477,U0023,2026-02-08T08:56:37
U0561,U0437,2026-03-15T11:40:47
U0147,U0745,2026-03-04T13:23:04
U0133,U0352,2025-10-25T01:51:02
U0889,U0687,2025-10-11T14:22:55
U0136,U0759,2025-12-25T04:36:15
U0259,U0049,2026-02-05T19:05:34
U0017,U0245,2025-09-05T21:29:44
U0862,U0150,2026-03-11T22:45:25
U0804,U0326,2026-03-22T05:46:23
U0856,U0896,2025-08-05T23:16:50
U0500,U0343,2026-01-21T21:03:31
U0189,U0495,2026-01-12T14:44:56
U0087,U0774,2026-02-01T23:15:48
U0529,U0534,2026-03-31T08:10:08
U0214,U0472,2025-02-27T06:42:10
U0649,U0596,2024-07-30T20:19:45
U0796,U0710,2026-03-16T22:19:59
U0334,U0889,2025-09-14T00:15:16
U0447,U0076,2025-12-11T22:40:28
U0129,U0250,2026-03-03T15:47:37
U0571,U0321,2026-02-21T10:51:21
U0878,U0661,2025-03-16T01:05:52
U0080,U0738,2026-02-13T19:33:59
U0592,U0754,2026-02-06T10:03:26
U0125,U0787,2026-03-14T14:34:26
U0154,U0382,2025-10-23T00:51:31
U0176,U0256,2026-03-28T00:00:41
U0033,U0281,2026-03-31T08:14:17
U0009,U0776,2026-02-26T12:15:15
U0506,U0651,2026-03-22T14:25:30
U0489,U0539,2024-08-02T03:21:48
U0718,U0617,2026-03-21T18:29:05
U0236,U0290,2025-12-07T15:02:14
U0831,U0586,2026-01-27T15:45:26
U0369,U0180,2025-11-17T21:26:54
U0631,U0013,2026-03-24T22:41:14
U0052,U0504,2026-02-26T06:45:03
U0606,U0169,2025-10-31T07:46:24
U0428,U0164,2026-03-10T16:32:34
U0126,U0407,2026-03-09T11:27:07
U0106,U0370,2025-03-23T18:37:34
U0879,U0748,2026-03-21T18:10:51
U0500,U0723,2026-03-05T01:26:42
U0140,U0608,2026-03-17T18:49:04
U0124,U0552,2025-12-31T05:45:06
U0264,U0161,2025-08-26T02:22:22
U0634,U0241,2025-10-16T22:44:19
U0676,U0463,2024-08-22T11:21:31
U0090,U0615,2025-09-01T11:05:04
U0832,U0113,2025-09-08T19:58:51
U0709,U0034,2026-01-30T10:16:00
U0145,U0810,2026-02-17T02:34:52
U0673,U0312,2026-02-06T10:23:51
U0682,U0817,2025-08-06T15:34:17
U0801,U0273,2025-12-09T16:08:51
U0046,U0651,2026-04-01T12:29:35
U0480,U0389,2026-02-20T06:06:18
U0732,U0728,2025-11-02T03:33:29
U0157,U0227,2026-02-22T18:06:35
U0597,U0094,2026-03-04T23:13:10
U0285,U0102,2026-02-27T17:48:57
U0886,U0159,2026-03-31T23:48:33
U0755,U0673,2025-12-18T10:20:42
U0215,U0337,2025-03-03T03:03:54
U0361,U0795,2026-03-01T21:53:11
U0043,U0599,2025-12-13T09:57:14
U0738,U0859,2025-11-08T01:14:28
U0337,U0522,2026-01-05T19:53:56
U0115,U0453,2025-08-17T04:02:42
U0335,U0721,2026-03-26T04:16:15
U0567,U0829,2026-03-06T05:05:42
U0108,U0509,2025-09-23T07:30:14
U0263,U0549,2025-03-12T18:12:44
U0048,U0554,2025-11-03T23:27:23
U0287,U0456,2025-12-02T16:56:06
U0339,U0657,2026-04-01T04:34:08
U0150,U0646,2026-03-27T01:26:32
U0768,U0102,2025-11-01T15:55:20
U0112,U0299,2026-02-13T16:30:17
U0237,U0365,2026-02-25T18:00:29
U0871,U0860,2026-03-15T06:35:48
U0248,U0569,2026-03-27T02:11:32
U0433,U0511,2026-01-16T11:16:52
U0287,U0875,2025-12-21T12:11:33
U0526,U0327,2025-05-14T22:13:47
U0383,U0449,2026-03-15T18:29:41
U0075,U0198,2026-02-27T18:55:36
U0625,U0755,2026-03-11T15:39:17
U0898,U0090,2026-04-01T11:53:33
U0540,U0399,2026-01-17T10:59:27
U0310,U0392,2026-02-24T22:48:07
U0707,U0742,2026-02-26T07:39:04
U0108,U0266,2025-11-15T12:54:14
U0324,U0588,2026-02-28T03:02:00
U0794,U0286,2026-02-09T05:32:44
U0512,U0309,2024-09-28T13:51:50
U0350,U0483,2025-11-11T21:30:37
U0483,U0223,2026-02-21T07:49:09
U0222,U0877,2026-03-01T10:24:52
U0875,U0703,2025-12-25T01:22:28
U0828,U0429,2026-02-21T20:10:01
U0408,U0299,2026-03-08T21:36:16
U0124,U0367,2025-12-04T05:58:09
U0200,U0203,2025-10-31T23:40:04
U0121,U0261,2025-02-20T08:47:55
U0067,U0515,2025-11-02T13:07:45
U0556,U0841,2025-01-04T10:14:13
U0207,U0152,2025-12-18T01:19:06
U0657,U0321,2026-03-31T18:46:51
U0557,U0042,2025-02-06T13:19:03
U0530,U0005,2025-10-01T04:07:15
U0308,U0410,2025-06-14T11:19:46
U0468,U0490,2026-02-07T15:03:08
U0123,U0596,2025-07-07T07:05:54
U0407,U0855,2026-03-12T18:02:23
U0156,U0656,2026-03-06T19:01:00
U0834,U0684,2025-10-23T08:25:58
U0191,U0523,2026-03-10T06:20:34
U0324,U0836,2025-12-21T00:49:20
U0122,U0401,2026-03-21T09:13:10
U0774,U0601,2025-09-27T07:12:52
U0845,U0196,2025-05-17T02:31:19
U0886,U0059,2026-02-19T07:55:19
U0752,U0106,2026-03-20T11:01:46
U0755,U0812,2026-02-13T10:32:02
U0055,U0131,2026-03-07T10:21:17
U0737,U0675,2025-04-29T14:22:42
U0808,U0356,2025-05-11T04:25:14
U0598,U0597,2026-01-31T23:05:51
U0672,U0038,2025-09-25T00:46:08
U0255,U0053,2026-03-24T05:22:53
U0540,U0392,2025-12-24T17:23:36
U0371,U0503,2026-02-08T19:27:06
U0240,U0696,2026-03-05T09:27:53
U0581,U0704,2026-01-30T17:46:48
U0258,U0640,2025-04-10T17:23:13
U0532,U0401,2026-03-28T17:51:31
U0812,U0786,2025-09-22T11:54:39
U0245,U0160,2025-11-18T17:05:13
U0197,U0688,2025-01-16T00:31:31
U0782,U0511,2026-03-02T19:15:26
U0843,U0461,2026-03-09T20:13:40
U0745,U0491,2026-03-25T06:40:18
U0834,U0655,2026-02-23T03:23:40
U0448,U0702,2026-03-30T13:21:03
U0600,U0021,2026-03-02T09:51:10
U0213,U0891,2026-03-23T17:36:17
U0005,U0189,2025-05-24T23:07:17
U0005,U0129,2025-07-26T05:41:54
U0035,U0396,2026-01-09T23:32:03
U0767,U0852,2025-12-05T18:59:23
U0222,U0204,2026-03-31T06:52:24
U0184,U0817,2025-11-28T13:42:49
U0336,U0759,2025-12-02T12:51:41
U0179,U0523,2026-03-16T21:48:33
U0238,U0303,2025-10-23T00:37:43
U0533,U0883,2026-03-15T07:43:21
U0325,U0632,2026-03-12T08:04:41
U0644,U0639,2025-06-10T15:18:18
U0720,U0715,2025-07-23T06:45:47
U0281,U0438,2024-07-28T20:48:03
U0853,U0007,2025-11-24T20:52:12
U0506,U0892,2026-03-10T14:48:32
U0512,U0496,2025-10-02T22:42:05
U0691,U0282,2026-03-26T03:46:12
U0253,U0424,2026-01-23T14:00:46
U0639,U0662,2026-01-26T08:55:14
U0786,U0245,2025-03-23T23:50:19
U0828,U0635,2026-02-28T14:51:36
U0233,U0625,2026-02-14T11:52:36
U0400,U0427,2025-12-05T17:21:33
U0627,U0691,2026-03-25T06:09:20
U0678,U0521,2026-01-14T06:57:58
U0606,U0483,2025-07-04T01:33:17
U0781,U0108,2026-02-25T14:58:17
U0869,U0702,2026-03-04T12:12:26
U0193,U0010,2025-12-14T09:43:27
U0711,U0552,2026-02-25T07:25:32
U0779,U0158,2026-03-11T04:24:27
U0082,U0045,2025-09-22T05:51:15
