startUserId,endMessageId,createdAt
U0808,M00001,2025-11-05T12:52:25
U0180,M00002,2026-01-25T10:07:48
U0550,M00003,2026-01-08T04:34:21
U0572,M00004,2026-03-21T20:27:26
U0066,M00005,2025-12-15T10:49:31
U0704,M00006,2025-11-27T16:36:59
U0598,M00007,2026-02-27T13:09:24
U0004,M00008,2026-03-24T11:46:39
U0841,M00009,2025-11-26T21:03:32
U0531,M00010,2025-10-19T13:08:04
U0031,M00011,2026-03-13T15:58:26
U0261,M00012,2025-12-27T08:17:20
U0567,M00013,2026-03-18T08:20:26
U0667,M00014,2026-03-29T03:18:56
U0825,M00015,2026-02-27T14:26:48
U0889,M00016,2026-04-01T04:55:29
U0360,M00017,2026-04-01T12:03:18
U0044,M00018,2026-01-20T03:34:06
U0123,M00019,2026-03-05T03:02:29
U0496,M00020,2026-03-17T01:23:52
U0367,M00021,2025-12-16T18:41:04
U0175,M00022,2025-06-10T21:06:56
U0400,M00023,2026-01-27T13:56:56
U0666,M00024,2026-03-31T11:47:32
U0834,M00025,2026-02-27T21:31:26
U0324,M00026,2026-03-13T14:07:17
U0194,M00027,2026-03-26T23:21:39
U0455,M00028,2026-02-14T02:43:08
U0257,M00029,2026-03-30T01:31:03
U0333,M00030,2026-03-09T00:49:34
U0214,M00031,2026-03-21T05:09:53
U0579,M00032,2026-03-30T22:20:27
U0261,M00033,2025-11-20T06:28:48
U0570,M00034,2026-03-27T18:12:57
U0142,M00035,2026-03-08T18:15:30
U0890,M00036,2026-03-29T23:45:15
U0785,M00037,2026-03-22T10:09:30
U0175,M00038,2025-07-08T10:24:06
U0549,M00039,2026-03-22T05:45:55
U0877,M00040,2026-03-28T13:37:03
U0005,M00041,2026-03-19T05:16:18
U0724,M00042,2026-03-28T04:26:03
U0508,M00043,2026-03-12T23:01:17
U0543,M00044,2026-01-02T17:59:43
U0820,M00045,2026-03-15T13:10:22
U0263,M00046,2026-03-29T08:33:39
U0009,M00047,2026-03-24T06:15:29
U0487,M00048,2026-03-31T08:51:44
U0516,M00049,2026-03-29T23:27:13
U0549,M00050,2026-03-25T15:31:37
U0393,M00051,2026-03-29T00:41:32
U0360,M00052,2026-04-01T12:31:42
U0767,M00053,2026-01-29T13:39:17
U0762,M00054,2026-04-01T14:32:24
U0589,M00055,2025-10-11T14:30:24
U0356,M00056,2026-03-31T11:03:27
U0550,M00057,2026-03-18T06:43:34
U0808,M00058,2025-12-17T10:47:38
U0890,M00059,2026-03-28T00:48:41
U0455,M00060,2026-02-16T04:56:58
U0087,M00061,2026-03-31T16:57:50
U0332,M00062,2026-02-01T17:49:19
U0280,M00063,2026-04-01T18:28:01
U0793,M00064,2025-12-05T13:11:19
U0681,M00065,2026-03-22T04:25:38
U0731,M00066,2026-01-04T07:13:50
U0472,M00067,2026-03-07T00:20:19
U0813,M00068,2026-02-11T12:36:57
U0263,M00069,2026-03-24T11:52:35
U0310,M00070,2026-03-20T16:49:40
U0139,M00071,2025-10-09T23:46:03
U0709,M00072,2025-08-05T18:48:59
U0324,M00073,2026-01-18T12:22:03
U0405,M00074,2025-08-02T00:37:11
U0415,M00075,2025-09-27T21:28:34
U0877,M00076,2026-03-25T23:06:57
U0131,M00077,2026-03-19T00:31:33
U0620,M00078,2026-03-28T12:57:59
U0237,M00079,2025-10-14T21:50:12
U0499,M00080,2026-03-07T08:28:31
U0719,M00081,2026-03-25T12:01:35
U0780,M00082,2026-04-01T17:16:45
U0296,M00083,2026-03-26T20:41:12
U0779,M00084,2026-03-31T23:21:26
U0676,M00085,2026-02-09T20:41:49
U0336,M00086,2026-03-24T20:43:07
U0465,M00087,2026-03-03T03:38:58
U0066,M00088,2026-01-01T12:51:03
U0238,M00089,2026-04-01T11:11:20
U0118,M00090,2025-11-18T16:32:39
U0090,M00091,2026-03-12T17:04:47
U0426,M00092,2026-03-27T10:50:55
U0580,M00093,2026-03-07T14:09:07
U0681,M00094,2026-03-20T08:40:45
U0031,M00095,2026-03-24T01:33:09
U0237,M00096,2025-10-29T03:11:17
U0356,M00097,2026-02-11T03:22:13
U0599,M00098,2026-03-25T05:15:59
U0070,M00099,2025-06-25T22:24:53
U0098,M00100,2025-10-18T23:08:59
U0166,M00101,2026-03-30T22:43:40
U0184,M00102,2025-12-11T21:22:44
U0684,M00103,2026-03-11T14:59:13
U0344,M00104,2026-02-17T07:15:15
U0879,M00105,2026-03-02T21:42:41
U0085,M00106,2026-03-05T01:32:59
U0730,M00107,2026-03-20T20:49:50
U0023,M00108,2025-06-19T16:44:08
U0340,M00109,2026-03-22T15:36:58
U0206,M00110,2026-01-25T16:07:39
U0456,M00111,2026-02-17T11:42:48
U0237,M00112,2025-08-26T18:15:49
U0443,M00113,2026-03-21T20:05:19
U0087,M00114,2026-03-19T09:47:08
U0766,M00115,2026-03-23T09:40:03
U0659,M00116,2026-03-24T00:01:12
U0794,M00117,2026-01-10T08:37:16
U0619,M00118,2025-11-06T13:37:33
U0163,M00119,2025-09-21T19:16:55
U0463,M00120,2026-03-29T10:16:04
U0188,M00121,2025-10-18T18:05:37
U0290,M00122,2025-12-04T16:26:17
U0035,M00123,2026-03-31T16:59:01
U0332,M00124,2025-10-03T00:04:25
U0365,M00125,2026-03-29T20:06:43
U0297,M00126,2026-03-10T06:07:00
U0620,M00127,2026-01-20T16:02:41
U0558,M00128,2025-11-17T14:46:56
U0468,M00129,2026-03-21T04:55:08
U0324,M00130,2026-01-26T18:02:39
U0709,M00131,2026-03-19T20:07:58
U0573,M00132,2026-03-12T03:14:03
U0237,M00133,2025-10-06T05:44:19
U0312,M00134,2026-03-21T13:38:00
U0671,M00135,2026-03-20T12:25:21
U0070,M00136,2025-12-02T10:34:52
U0374,M00137,2026-02-13T05:35:06
U0569,M00138,2026-03-27T15:23:56
U0569,M00139,2026-03-30T00:23:11
U0757,M00140,2025-08-21T10:54:58
U0794,M00141,2026-02-16T21:07:55
U0280,M00142,2026-04-01T10:15:57
U0694,M00143,2026-02-15T05:50:10
U0834,M00144,2026-02-27T22:05:13
U0371,M00145,2026-03-23T17:57:02
U0023,M00146,2026-02-12T09:44:06
U0869,M00147,2026-03-28T16:08:10
U0550,M00148,2026-01-27T07:00:47
U0393,M00149,2026-03-30T11:14:16
U0139,M00150,2026-01-08T20:33:40
U0642,M00151,2026-03-05T13:12:45
U0102,M00152,2026-03-27T13:01:11
U0807,M00153,2026-03-29T21:51:46
U0520,M00154,2026-04-01T15:05:29
U0256,M00155,2026-03-28T00:59:01
U0731,M00156,2025-12-07T04:04:28
U0631,M00157,2026-03-18T09:58:57
U0173,M00158,2025-05-07T17:56:55
U0785,M00159,2026-03-12T23:23:23
U0209,M00160,2026-03-29T22:33:30
U0499,M00161,2025-09-17T14:51:51
U0090,M00162,2026-02-23T15:40:41
U0678,M00163,2025-12-21T18:34:34
U0374,M00164,2026-03-20T11:04:48
U0173,M00165,2026-03-31T04:09:37
U0781,M00166,2026-03-09T03:47:34
U0199,M00167,2026-03-23T14:02:20
U0509,M00168,2026-03-07T00:18:40
U0724,M00169,2026-03-25T12:54:00
U0885,M00170,2025-12-26T17:26:40
U0815,M00171,2026-02-25T08:39:03
U0163,M00172,2026-02-28T22:40:00
U0258,M00173,2026-04-01T00:59:36
U0567,M00174,2026-01-31T02:30:47
U0678,M00175,2025-12-10T01:28:06
U0225,M00176,2026-04-01T14:19:48
U0065,M00177,2026-04-01T19:00:21
U0081,M00178,2026-01-04T16:33:19
U0340,M00179,2026-03-06T07:45:49
U0047,M00180,2025-12-30T21:12:26
U0571,M00181,2026-03-26T00:35:08
U0814,M00182,2025-11-09T13:23:06
U0678,M00183,2025-12-11T15:57:34
U0149,M00184,2026-01-28T16:04:31
U0345,M00185,2026-03-31T01:12:16
U0149,M00186,2026-02-25T20:28:05
U0670,M00187,2026-03-14T06:02:45
U0002,M00188,2026-03-31T20:09:12
U0548,M00189,2026-01-31T19:18:42
U0398,M00190,2026-03-23T15:31:11
U0061,M00191,2026-03-20T03:19:53
U0704,M00192,2026-01-04T01:49:20
U0229,M00193,2026-02-15T13:19:29
U0417,M00194,2026-01-10T11:24:31
U0149,M00195,2026-03-16T15:21:39
U0663,M00196,2026-02-28T16:14:01
U0377,M00197,2026-01-03T06:38:46
U0031,M00198,2026-02-02T17:28:59
U0393,M00199,2026-03-29T09:25:41
U0714,M00200,2026-03-02T13:14:02
U0499,M00201,2026-03-29T11:55:31
U0688,M00202,2025-09-13T03:49:42
U0477,M00203,2026-01-18T07:08:43
U0296,M00204,2025-11-24T14:48:59
U0342,M00205,2026-03-20T23:12:44
U0063,M00206,2026-02-11T08:16:05
U0501,M00207,2026-02-14T08:45:15
U0045,M00208,2026-04-01T03:35:06
U0309,M00209,2026-03-17T00:54:29
U0684,M00210,2026-04-01T19:28:23
U0613,M00211,2026-03-17T05:01:34
U0346,M00212,2026-03-14T03:02:31
U0766,M00213,2026-03-25T11:22:25
U0210,M00214,2025-03-16T13:56:04
U0151,M00215,2026-02-18T16:01:26
U0593,M00216,2026-03-29T06:25:33
U0333,M00217,2025-12-29T05:39:59
U0056,M00218,2026-03-15T08:30:19
U0615,M00219,2025-05-30T06:48:19
U0729,M00220,2026-03-23T18:45:18
U0777,M00221,2026-03-31T22:33:47
U0064,M00222,2026-03-28T01:17:05
U0215,M00223,2026-01-14T03:05:17
U0004,M00224,2026-01-11T10:55:48
U0407,M00225,2026-02-18T17:21:34
U0098,M00226,2026-03-06T18:26:22
U0465,M00227,2026-01-12T19:09:53
U0569,M00228,2026-03-30T12:56:32
U0786,M00229,2026-03-22T04:43:59
U0432,M00230,2026-04-01T21:12:15
U0085,M00231,2026-01-16T23:30:00
U0511,M00232,2025-07-28T01:32:53
U0101,M00233,2026-03-26T07:06:31
U0406,M00234,2026-01-16T12:59:09
U0085,M00235,2026-04-01T18:58:53
U0417,M00236,2025-10-26T04:08:07
U0312,M00237,2026-03-27T18:45:18
U0123,M00238,2026-03-20T16:14:07
U0516,M00239,2026-01-20T07:17:42
U0149,M00240,2026-01-25T08:20:21
U0066,M00241,2026-03-26T08:46:03
U0635,M00242,2026-03-26T17:34:53
U0724,M00243,2026-03-28T22:36:53
U0194,M00244,2025-11-11T08:23:30
U0263,M00245,2026-02-22T07:52:35
U0061,M00246,2025-11-10T08:21:01
U0463,M00247,2025-12-27T18:08:35
U0095,M00248,2025-08-09T14:23:12
U0499,M00249,2025-10-01T05:29:49
U0297,M00250,2026-02-14T22:02:13
U0263,M00251,2026-02-14T03:11:11
U0056,M00252,2026-03-31T23:38:43
U0345,M00253,2026-03-12T06:40:49
U0214,M00254,2026-02-21T09:00:02
U0664,M00255,2026-03-29T22:02:38
U0337,M00256,2026-03-19T10:13:54
U0889,M00257,2026-03-29T17:22:16
U0098,M00258,2026-02-11T08:14:40
U0619,M00259,2026-03-11T05:31:00
U0325,M00260,2026-03-12T11:39:48
U0143,M00261,2026-03-30T22:50:51
U0045,M00262,2026-03-30T09:47:05
U0233,M00263,2026-02-13T00:43:43
U0263,M00264,2026-03-24T22:47:18
U0808,M00265,2026-02-23T15:11:28
U0477,M00266,2026-03-16T15:49:37
U0225,M00267,2026-03-30T00:23:23
U0592,M00268,2026-02-25T15:46:21
U0127,M00269,2026-03-24T19:01:05
U0646,M00270,2025-09-06T23:09:09
U0064,M00271,2026-03-27T08:00:02
U0615,M00272,2025-07-31T22:00:52
U0065,M00273,2026-03-25T01:49:00
U0533,M00274,2026-03-30T22:45:43
U0477,M00275,2026-01-28T18:24:06
U0184,M00276,2026-01-05T23:44:05
U0067,M00277,2026-02-04T04:03:20
U0606,M00278,2025-10-07T03:39:06
U0328,M00279,2026-03-14T23:33:15
U0573,M00280,2026-03-06T23:43:38
U0029,M00281,2025-10-21T14:40:40
U0307,M00282,2026-03-23T05:05:42
U0606,M00283,2025-07-27T22:04:38
U0694,M00284,2026-03-18T16:20:11
U0413,M00285,2026-04-01T08:48:41
U0535,M00286,2026-01-17T16:09:59
U0028,M00287,2026-01-30T16:03:35
U0219,M00288,2026-03-28T19:00:53
U0580,M00289,2026-01-26T08:48:50
U0808,M00290,2025-12-23T18:34:04
U0271,M00291,2026-01-09T20:03:26
U0057,M00292,2026-03-28T04:42:46
U0820,M00293,2026-03-29T16:27:10
U0237,M00294,2025-07-28T22:50:00
U0704,M00295,2026-03-22T11:32:33
U0381,M00296,2026-03-31T06:14:54
U0698,M00297,2026-03-03T17:53:38
U0200,M00298,2025-11-27T11:34:00
U0102,M00299,2026-03-13T09:49:04
U0265,M00300,2025-12-09T22:09:33
U0165,M00301,2026-03-18T13:02:03
U0582,M00302,2026-03-03T20:22:25
U0063,M00303,2026-02-09T00:54:39
U0038,M00304,2026-02-04T17:28:25
U0246,M00305,2026-03-21T23:02:34
U0333,M00306,2026-01-03T00:08:51
U0741,M00307,2026-04-01T17:50:58
U0582,M00308,2026-03-21T10:59:20
U0003,M00309,2026-03-29T05:44:45
U0582,M00310,2026-02-17T00:36:38
U0670,M00311,2026-04-01T16:09:47
U0150,M00312,2026-03-08T15:17:29
U0102,M00313,2026-02-20T23:54:53
U0209,M00314,2026-04-01T16:21:03
U0002,M00315,2026-04-01T09:40:47
U0679,M00316,2025-02-03T11:09:32
U0038,M00317,2025-12-23T02:51:21
U0657,M00318,2026-04-01T01:59:21
U0714,M00319,2026-03-22T09:36:54
U0142,M00320,2026-02-16T19:32:10
U0456,M00321,2026-02-08T02:20:39
U0779,M00322,2026-03-29T08:56:55
U0752,M00323,2026-03-11T10:28:41
U0342,M00324,2026-03-01T06:02:14
U0198,M00325,2026-03-25T22:23:26
U0464,M00326,2026-03-27T14:59:10
U0793,M00327,2026-03-25T01:15:44
U0860,M00328,2026-03-19T08:43:00
U0704,M00329,2026-03-08T13:47:45
U0766,M00330,2026-04-01T01:31:46
U0586,M00331,2026-03-30T00:35:36
U0838,M00332,2026-04-01T17:25:33
U0070,M00333,2025-07-15T11:45:48
U0040,M00334,2026-02-07T13:27:16
U0219,M00335,2026-03-20T09:33:20
U0360,M00336,2026-03-31T21:19:42
U0509,M00337,2026-01-08T15:04:37
U0589,M00338,2025-12-22T08:32:32
U0210,M00339,2025-08-16T14:21:14
U0402,M00340,2026-02-11T12:07:13
U0142,M00341,2026-02-21T12:17:11
U0004,M00342,2026-03-20T03:35:45
U0360,M00343,2026-03-31T04:33:27
U0332,M00344,2025-09-05T05:43:51
U0650,M00345,2026-03-28T05:57:38
U0265,M00346,2025-08-25T14:59:14
U0471,M00347,2025-12-31T01:14:26
U0004,M00348,2026-03-24T23:38:26
U0087,M00349,2026-03-02T05:09:36
U0246,M00350,2026-03-18T18:37:39
U0163,M00351,2026-01-18T06:35:42
U0262,M00352,2026-03-29T06:15:19
U0869,M00353,2026-03-18T18:50:12
U0667,M00354,2026-04-01T00:47:44
U0569,M00355,2026-03-21T22:55:19
U0876,M00356,2026-03-02T07:37:51
U0392,M00357,2026-03-18T01:16:22
U0023,M00358,2025-06-12T18:34:56
U0573,M00359,2026-03-09T02:13:47
U0332,M00360,2026-03-10T21:51:34
U0468,M00361,2026-03-02T19:11:53
U0684,M00362,2026-03-04T22:57:54
U0066,M00363,2025-08-04T04:24:10
U0336,M00364,2026-03-18T11:12:42
U0280,M00365,2026-04-01T17:27:52
U0071,M00366,2026-02-22T05:05:36
U0081,M00367,2026-03-18T16:02:35
U0263,M00368,2026-03-18T14:05:07
U0347,M00369,2025-10-29T09:17:31
U0622,M00370,2026-03-07T18:42:23
U0531,M00371,2026-03-03T21:51:13
U0260,M00372,2026-02-14T19:39:06
U0678,M00373,2025-12-17T04:06:11
U0151,M00374,2026-03-16T19:22:24
U0225,M00375,2026-03-19T06:34:47
U0161,M00376,2026-03-26T20:25:18
U0731,M00377,2026-01-12T06:56:28
U0374,M00378,2026-02-09T01:52:01
U0707,M00379,2026-03-04T22:52:50
U0520,M00380,2026-03-31T18:23:28
U0492,M00381,2025-09-05T16:34:51
U0164,M00382,2026-02-20T22:19:12
U0525,M00383,2026-03-09T14:35:53
U0600,M00384,2026-03-30T19:59:04
U0084,M00385,2025-12-08T20:58:42
U0714,M00386,2026-03-08T18:46:14
U0573,M00387,2026-03-23T06:51:16
U0102,M00388,2026-03-24T23:24:58
U0885,M00389,2025-06-08T14:49:47
U0070,M00390,2026-01-29T10:30:15
U0035,M00391,2025-11-15T07:05:07
U0465,M00392,2026-03-24T20:56:45
U0642,M00393,2026-02-08T01:09:59
U0451,M00394,2025-10-05T23:12:03
U0641,M00395,2026-03-30T04:21:32
U0029,M00396,2026-02-01T05:05:08
U0676,M00397,2026-04-01T14:02:29
U0097,M00398,2026-03-30T18:32:16
U0150,M00399,2026-03-25T09:18:35
U0335,M00400,2026-04-01T00:48:30
U0400,M00401,2025-12-15T00:02:52
U0265,M00402,2025-10-28T16:37:31
U0400,M00403,2026-01-09T23:55:01
U0131,M00404,2026-01-31T06:40:47
U0041,M00405,2026-03-08T10:25:00
U0666,M00406,2026-03-17T06:15:48
U0580,M00407,2025-11-11T12:09:36
U0544,M00408,2026-03-31T01:01:19
U0160,M00409,2026-03-22T01:17:15
U0248,M00410,2026-03-23T13:26:27
U0569,M00411,2026-03-29T09:20:04
U0499,M00412,2026-03-13T11:20:17
U0144,M00413,2026-03-24T01:42:13
U0418,M00414,2026-03-25T08:22:45
U0166,M00415,2026-04-01T12:44:01
U0666,M00416,2026-03-22T22:12:06
U0754,M00417,2026-03-07T12:28:23
U0393,M00418,2026-04-01T10:42:57
U0724,M00419,2026-03-30T03:43:32
U0604,M00420,2026-03-27T05:41:18
U0688,M00421,2026-02-16T01:21:59
U0784,M00422,2026-03-27T04:41:28
U0678,M00423,2025-12-13T04:19:29
U0582,M00424,2026-03-25T22:22:26
U0090,M00425,2026-03-10T01:45:56
U0002,M00426,2026-04-01T22:59:50
U0504,M00427,2026-02-28T15:09:22
U0805,M00428,2026-02-22T13:06:40
U0288,M00429,2026-03-01T01:20:04
U0045,M00430,2026-03-27T21:49:39
U0035,M00431,2026-03-20T12:38:00
U0004,M00432,2026-03-20T07:58:53
U0245,M00433,2026-03-29T00:21:42
U0300,M00434,2025-05-08T01:18:34
U0613,M00435,2026-03-19T23:07:34
U0722,M00436,2026-03-02T07:59:08
U0346,M00437,2025-11-02T14:21:14
U0828,M00438,2026-02-26T03:51:00
U0263,M00439,2026-03-29T21:48:39
U0558,M00440,2026-01-12T17:48:13
U0186,M00441,2026-03-18T08:56:39
U0051,M00442,2026-03-11T19:08:57
U0163,M00443,2026-03-12T16:21:49
U0271,M00444,2026-03-07T00:32:07
U0573,M00445,2026-03-29T16:50:38
U0824,M00446,2026-03-26T11:10:42
U0271,M00447,2026-01-22T10:18:40
U0214,M00448,2026-02-04T02:16:47
U0219,M00449,2026-03-29T02:33:27
U0797,M00450,2026-03-27T08:27:15
U0271,M00451,2026-03-23T18:56:04
U0799,M00452,2026-03-28T22:09:30
U0471,M00453,2026-03-21T16:45:38
U0615,M00454,2025-11-18T02:40:31
U0268,M00455,2026-03-14T09:39:25
U0393,M00456,2026-03-27T00:00:58
U0188,M00457,2025-11-17T12:12:02
U0261,M00458,2025-11-14T08:25:24
U0456,M00459,2026-01-22T14:15:54
U0670,M00460,2026-03-22T12:38:35
U0600,M00461,2026-03-24T23:27:13
U0194,M00462,2026-02-05T00:03:10
U0666,M00463,2026-03-23T16:28:31
U0828,M00464,2026-03-30T21:13:41
U0356,M00465,2026-03-31T19:06:20
U0572,M00466,2025-11-21T19:01:34
U0280,M00467,2026-03-31T19:37:45
U0580,M00468,2025-08-14T17:55:22
U0899,M00469,2026-03-26T03:14:40
U0432,M00470,2026-04-01T22:19:07
U0087,M00471,2026-01-18T00:18:18
U0173,M00472,2026-01-08T17:43:20
U0539,M00473,2026-02-05T07:05:47
U0405,M00474,2026-04-01T14:23:43
U0161,M00475,2026-03-31T23:03:16
U0490,M00476,2026-01-25T23:35:48
U0531,M00477,2026-01-31T00:55:34
U0804,M00478,2026-03-01T03:24:58
U0173,M00479,2025-11-06T05:05:56
U0045,M00480,2026-03-30T05:29:48
U0635,M00481,2026-03-27T20:30:59
U0785,M00482,2026-03-17T00:43:34
U0285,M00483,2026-04-01T03:49:24
U0393,M00484,2026-03-29T02:01:52
U0066,M00485,2025-12-12T21:13:34
U0434,M00486,2026-04-01T02:59:37
U0139,M00487,2026-02-04T21:14:50
U0805,M00488,2026-03-10T23:52:49
U0543,M00489,2026-03-06T03:06:12
U0822,M00490,2026-03-19T13:15:18
U0588,M00491,2025-12-19T14:59:38
U0200,M00492,2026-02-22T09:46:32
U0263,M00493,2026-03-30T08:06:24
U0563,M00494,2026-03-24T01:09:35
U0023,M00495,2025-03-10T17:46:11
U0430,M00496,2026-03-20T23:37:06
U0451,M00497,2026-02-14T05:23:05
U0698,M00498,2026-02-08T21:52:35
U0764,M00499,2026-03-10T19:03:42
U0398,M00500,2026-03-20T11:58:18
U0631,M00501,2026-03-20T22:59:01
U0194,M00502,2025-12-12T11:11:56
U0475,M00503,2026-01-31T10:41:52
U0198,M00504,2026-04-01T18:36:34
U0400,M00505,2025-10-24T23:29:35
U0346,M00506,2025-04-12T16:37:42
U0142,M00507,2026-03-04T08:02:56
U0740,M00508,2026-03-04T15:17:24
U0090,M00509,2026-03-17T07:10:47
U0163,M00510,2026-03-01T15:34:28
U0757,M00511,2025-05-26T22:39:20
U0061,M00512,2025-11-18T04:22:32
U0707,M00513,2026-03-04T20:59:54
U0815,M00514,2026-02-13T06:08:39
U0209,M00515,2026-04-01T22:04:31
U0180,M00516,2025-10-01T10:04:42
U0418,M00517,2026-03-31T12:39:48
U0781,M00518,2026-02-18T22:35:08
U0740,M00519,2026-03-26T07:42:38
U0870,M00520,2026-02-20T21:26:34
U0023,M00521,2025-07-21T22:19:52
U0212,M00522,2026-01-22T17:33:57
U0402,M00523,2026-02-15T16:18:56
U0134,M00524,2026-03-28T04:00:26
U0580,M00525,2025-11-26T23:23:45
U0367,M00526,2025-12-18T15:22:55
U0248,M00527,2025-07-29T15:15:47
U0766,M00528,2026-03-20T04:41:22
U0051,M00529,2026-03-19T23:51:26
U0004,M00530,2026-04-01T06:33:01
U0262,M00531,2026-04-01T13:31:43
U0002,M00532,2026-04-01T11:26:32
U0040,M00533,2026-03-27T05:05:46
U0432,M00534,2026-04-01T20:07:21
U0613,M00535,2025-11-27T19:04:50
U0890,M00536,2026-03-27T13:57:14
U0284,M00537,2025-06-27T00:47:58
U0109,M00538,2026-03-29T06:38:36
U0165,M00539,2026-03-18T19:24:49
U0808,M00540,2026-02-17T09:56:36
U0285,M00541,2026-03-30T20:18:57
U0763,M00542,2026-02-10T23:37:33
U0788,M00543,2026-03-31T10:50:39
U0402,M00544,2026-03-15T15:13:04
U0475,M00545,2026-02-24T19:11:39
U0296,M00546,2026-03-20T06:29:40
U0688,M00547,2026-02-08T15:24:07
U0749,M00548,2026-02-22T14:43:22
U0757,M00549,2025-08-24T21:23:35
U0199,M00550,2026-03-13T03:21:44
U0589,M00551,2025-12-25T11:04:14
U0300,M00552,2026-03-02T21:57:15
U0202,M00553,2026-04-01T05:24:15
U0200,M00554,2026-03-25T08:32:21
U0238,M00555,2026-03-25T09:52:39
U0619,M00556,2025-09-08T07:44:06
U0173,M00557,2026-04-01T18:51:44
U0287,M00558,2026-04-01T10:14:52
U0163,M00559,2026-03-15T23:18:46
U0663,M00560,2026-03-06T22:10:05
U0860,M00561,2026-03-19T12:14:12
U0197,M00562,2026-03-31T10:27:06
U0237,M00563,2026-02-25T05:14:48
U0238,M00564,2026-03-15T17:49:59
U0855,M00565,2026-03-29T05:36:54
U0004,M00566,2025-04-10T10:08:17
U0678,M00567,2026-02-13T22:19:58
U0618,M00568,2026-03-17T12:07:59
U0808,M00569,2026-02-07T00:13:47
U0229,M00570,2026-03-30T02:03:32
U0863,M00571,2025-07-29T15:31:14
U0405,M00572,2025-07-05T10:44:42
U0797,M00573,2025-12-04T03:56:43
U0004,M00574,2026-02-15T08:31:10
U0200,M00575,2026-03-07T02:29:29
U0790,M00576,2026-03-29T09:25:47
U0040,M00577,2026-02-12T10:21:31
U0263,M00578,2026-03-01T07:12:09
U0029,M00579,2026-01-01T04:59:26
U0229,M00580,2026-03-19T14:40:34
U0356,M00581,2026-04-01T04:29:03
U0200,M00582,2026-02-21T18:32:17
U0215,M00583,2025-12-28T10:30:06
U0549,M00584,2026-03-31T16:58:07
U0212,M00585,2025-11-27T21:47:08
U0707,M00586,2026-03-04T13:08:05
U0061,M00587,2026-03-31T18:23:39
U0123,M00588,2026-02-16T04:55:47
U0344,M00589,2026-03-13T01:47:58
U0684,M00590,2026-02-25T20:00:07
U0356,M00591,2025-12-11T09:01:39
U0631,M00592,2026-03-29T02:57:13
U0238,M00593,2026-04-01T08:42:45
U0200,M00594,2026-03-29T19:40:17
U0142,M00595,2026-01-29T07:35:07
U0641,M00596,2026-03-20T13:07:22
U0813,M00597,2026-02-19T03:27:51
U0439,M00598,2025-11-01T16:27:15
U0136,M00599,2026-03-24T04:13:04
U0667,M00600,2026-03-30T07:12:51
U0284,M00601,2026-03-31T08:43:22
U0023,M00602,2025-12-16T19:41:54
U0131,M00603,2025-10-08T11:58:54
U0440,M00604,2026-02-19T23:56:03
U0151,M00605,2026-03-31T12:51:53
U0215,M00606,2026-01-04T20:49:01
U0860,M00607,2026-03-07T11:03:14
U0571,M00608,2026-03-22T20:12:05
U0019,M00609,2025-07-11T12:05:13
U0284,M00610,2026-03-30T20:14:57
U0029,M00611,2025-10-14T19:06:18
U0214,M00612,2026-03-23T05:08:40
U0202,M00613,2026-03-31T20:04:15
U0808,M00614,2026-03-18T12:57:29
U0041,M00615,2026-03-21T19:05:41
U0175,M00616,2026-02-08T22:32:20
U0312,M00617,2026-03-28T10:26:40
U0615,M00618,2025-06-23T08:16:59
U0243,M00619,2025-12-02T08:19:13
U0684,M00620,2025-03-27T12:20:32
U0678,M00621,2026-02-11T21:16:18
U0005,M00622,2026-01-21T10:11:08
U0477,M00623,2026-03-01T12:19:23
U0504,M00624,2025-12-31T01:47:21
U0299,M00625,2026-03-31T14:39:13
U0446,M00626,2026-03-31T19:40:51
U0518,M00627,2025-12-02T19:37:15
U0681,M00628,2026-03-24T19:28:50
U0360,M00629,2026-03-07T03:41:14
U0163,M00630,2025-10-15T12:12:05
U0069,M00631,2026-03-18T22:24:54
U0365,M00632,2026-03-19T16:57:19
U0300,M00633,2026-03-01T00:43:35
U0582,M00634,2026-02-04T06:43:46
U0294,M00635,2026-03-16T16:23:24
U0240,M00636,2026-03-30T21:05:53
U0606,M00637,2025-05-09T00:28:31
U0047,M00638,2026-03-26T03:29:45
U0749,M00639,2026-03-04T02:18:32
U0704,M00640,2026-03-25T19:34:56
U0843,M00641,2026-03-20T23:17:58
U0142,M00642,2026-02-04T18:12:18
U0430,M00643,2026-04-01T04:07:17
U0009,M00644,2026-03-26T15:11:08
U0679,M00645,2026-03-14T14:29:50
U0064,M00646,2026-03-25T21:50:44
U0777,M00647,2025-12-09T05:49:03
U0307,M00648,2026-03-23T08:55:19
U0496,M00649,2026-03-28T08:14:48
U0657,M00650,2026-03-31T09:46:45
U0311,M00651,2026-03-03T07:53:45
U0337,M00652,2026-03-29T20:37:39
U0440,M00653,2026-03-14T02:58:26
U0870,M00654,2026-01-24T22:53:35
U0679,M00655,2026-02-01T01:44:03
U0081,M00656,2026-03-06T23:00:41
U0543,M00657,2025-12-29T14:59:48
U0044,M00658,2026-01-27T05:32:10
U0517,M00659,2026-03-10T14:03:54
U0394,M00660,2026-03-30T15:15:16
U0144,M00661,2026-03-21T08:17:44
U0237,M00662,2025-10-14T03:57:54
U0084,M00663,2026-03-16T08:21:28
U0494,M00664,2026-03-17T12:07:19
U0136,M00665,2026-03-23T04:22:46
U0790,M00666,2025-10-03T18:34:16
U0004,M00667,2026-02-03T06:20:38
U0347,M00668,2026-03-29T22:12:31
U0399,M00669,2026-03-29T08:02:20
U0670,M00670,2026-03-06T01:31:27
U0265,M00671,2026-03-08T08:35:34
U0265,M00672,2025-10-12T17:28:53
U0481,M00673,2026-02-08T06:34:49
U0764,M00674,2026-02-04T15:00:30
U0860,M00675,2026-03-21T21:16:03
U0852,M00676,2026-01-28T11:42:29
U0119,M00677,2026-03-29T23:26:38
U0589,M00678,2025-09-21T08:34:58
U0432,M00679,2026-04-01T19:09:23
U0550,M00680,2026-02-28T08:59:18
U0210,M00681,2025-06-22T08:39:14
U0889,M00682,2025-05-25T21:51:40
U0762,M00683,2026-04-01T18:37:41
U0070,M00684,2025-10-24T02:16:57
U0494,M00685,2026-03-20T06:12:51
U0520,M00686,2026-04-01T11:09:40
U0586,M00687,2026-03-24T20:41:19
U0475,M00688,2026-03-14T00:21:06
U0360,M00689,2026-03-31T09:04:30
U0237,M00690,2025-07-10T04:46:19
U0594,M00691,2026-02-09T22:44:36
U0679,M00692,2025-10-19T18:42:39
U0549,M00693,2026-03-20T01:31:13
U0828,M00694,2026-03-14T22:28:52
U0582,M00695,2026-03-11T23:45:32
U0794,M00696,2025-11-13T02:39:59
U0418,M00697,2026-04-01T19:35:23
U0785,M00698,2025-12-24T00:00:07
U0385,M00699,2025-12-29T15:55:33
U0549,M00700,2026-03-25T20:29:45
U0061,M00701,2026-03-11T03:25:17
U0374,M00702,2026-02-18T00:08:41
U0263,M00703,2026-02-28T06:02:42
U0784,M00704,2026-03-31T07:48:15
U0329,M00705,2026-03-07T10:34:35
U0549,M00706,2026-03-31T15:19:47
U0749,M00707,2026-03-10T00:44:15
U0730,M00708,2025-12-07T09:20:08
U0525,M00709,2026-03-30T22:27:06
U0439,M00710,2026-03-22T11:01:21
U0337,M00711,2026-03-28T16:43:34
U0722,M00712,2026-04-01T06:09:42
U0351,M00713,2026-03-27T03:25:47
U0225,M00714,2026-03-16T08:00:17
U0268,M00715,2026-02-27T17:48:22
U0636,M00716,2025-12-12T16:13:33
U0805,M00717,2026-02-24T08:55:29
U0263,M00718,2026-03-12T12:35:16
U0462,M00719,2026-03-25T11:08:18
U0405,M00720,2025-06-07T21:21:34
U0443,M00721,2026-03-29T02:23:05
U0566,M00722,2026-01-04T03:16:39
U0140,M00723,2026-04-01T04:19:08
U0684,M00724,2026-02-13T08:18:29
U0151,M00725,2026-01-13T12:11:57
U0531,M00726,2025-12-18T10:01:09
U0651,M00727,2026-02-20T04:28:41
U0477,M00728,2026-02-03T18:25:58
U0631,M00729,2026-03-24T11:42:01
U0262,M00730,2026-03-28T22:36:26
U0087,M00731,2026-03-28T20:37:17
U0233,M00732,2026-01-30T02:38:16
U0405,M00733,2025-08-23T10:32:25
U0579,M00734,2026-03-23T20:40:54
U0064,M00735,2026-03-31T09:03:38
U0399,M00736,2026-03-23T07:01:25
U0889,M00737,2026-02-28T01:01:35
U0573,M00738,2026-03-28T14:16:38
U0594,M00739,2026-03-12T12:58:22
U0615,M00740,2025-09-28T09:35:03
U0225,M00741,2026-03-27T00:16:06
U0333,M00742,2025-12-31T17:27:13
U0520,M00743,2026-04-01T22:58:02
U0118,M00744,2026-01-15T19:05:48
U0014,M00745,2026-03-29T14:10:12
U0394,M00746,2026-03-28T02:36:13
U0149,M00747,2026-04-01T18:55:06
U0749,M00748,2026-03-31T05:55:36
U0466,M00749,2026-03-31T05:18:56
U0513,M00750,2026-03-06T15:41:19
U0300,M00751,2026-03-27T22:33:31
U0596,M00752,2025-12-09T11:07:13
U0518,M00753,2025-09-16T05:24:31
U0731,M00754,2026-02-14T05:16:02
U0202,M00755,2026-03-31T17:58:15
U0663,M00756,2026-02-06T05:53:31
U0081,M00757,2026-03-26T04:14:57
U0714,M00758,2026-02-23T20:36:06
U0067,M00759,2026-02-28T13:32:58
U0365,M00760,2026-03-24T23:01:08
U0446,M00761,2026-03-31T18:34:34
U0265,M00762,2026-01-23T13:03:50
U0620,M00763,2025-10-09T09:18:09
U0191,M00764,2026-03-23T13:41:25
U0606,M00765,2025-10-15T10:46:53
U0520,M00766,2026-03-17T07:44:15
U0676,M00767,2026-03-19T06:56:56
U0009,M00768,2026-03-31T09:35:48
U0494,M00769,2026-03-31T19:06:21
U0494,M00770,2026-03-18T12:04:14
U0166,M00771,2026-03-28T07:56:36
U0331,M00772,2026-03-24T10:14:09
U0413,M00773,2026-03-29T04:38:27
U0194,M00774,2024-12-10T16:43:53
U0657,M00775,2026-04-01T18:36:50
U0163,M00776,2026-03-25T03:19:52
U0777,M00777,2026-01-15T07:04:29
U0509,M00778,2026-02-21T13:13:28
U0087,M00779,2026-03-13T06:52:22
U0297,M00780,2026-03-30T21:56:57
U0318,M00781,2026-02-05T01:02:42
U0031,M00782,2026-03-04T07:58:20
U0323,M00783,2026-02-27T14:08:29
U0071,M00784,2026-02-19T12:09:00
U0843,M00785,2026-03-13T04:09:05
U0769,M00786,2026-02-18T05:56:01
U0356,M00787,2025-11-25T07:39:12
U0670,M00788,2026-03-18T00:20:12
U0066,M00789,2025-06-07T00:18:20
U0057,M00790,2026-03-19T15:49:35
U0314,M00791,2026-04-01T16:14:48
U0035,M00792,2026-03-23T13:29:19
U0097,M00793,2026-04-01T18:24:20
U0777,M00794,2026-03-14T03:41:44
U0290,M00795,2026-01-22T12:09:44
U0684,M00796,2025-04-08T09:32:16
U0766,M00797,2026-03-29T20:44:58
U0199,M00798,2025-11-11T14:22:43
U0229,M00799,2026-01-08T18:48:00
U0040,M00800,2026-02-02T03:35:54
U0134,M00801,2026-03-29T16:32:35
U0804,M00802,2026-02-21T23:55:33
U0194,M00803,2025-11-02T08:49:20
U0501,M00804,2026-01-23T16:23:56
U0520,M00805,2026-03-28T06:46:15
U0650,M00806,2026-03-29T09:09:04
U0463,M00807,2025-02-19T05:08:23
U0799,M00808,2026-02-13T20:55:08
U0003,M00809,2026-03-18T21:54:20
U0219,M00810,2026-03-19T15:49:18
U0004,M00811,2025-07-17T21:13:22
U0209,M00812,2026-04-01T16:08:11
U0173,M00813,2026-01-31T09:00:01
U0194,M00814,2025-12-10T02:28:56
U0519,M00815,2026-03-18T02:04:33
U0441,M00816,2025-11-21T05:41:43
U0741,M00817,2026-01-28T00:30:40
U0535,M00818,2026-04-01T15:48:26
U0417,M00819,2025-11-02T10:00:23
U0570,M00820,2026-03-27T01:26:02
U0413,M00821,2026-04-01T00:06:18
U0345,M00822,2026-03-05T04:29:54
U0194,M00823,2025-12-31T06:59:05
U0163,M00824,2025-09-29T03:48:59
U0785,M00825,2026-03-24T23:14:27
U0229,M00826,2026-03-29T06:16:26
U0613,M00827,2026-02-08T07:35:36
U0472,M00828,2026-02-01T02:22:44
U0664,M00829,2026-03-29T21:29:41
U0838,M00830,2026-04-01T16:30:52
U0151,M00831,2025-11-26T08:08:03
U0863,M00832,2026-03-30T13:15:27
U0165,M00833,2026-03-12T03:21:52
U0163,M00834,2026-02-25T11:26:40
U0566,M00835,2025-08-03T03:24:36
U0440,M00836,2026-03-26T17:07:54
U0643,M00837,2026-03-26T04:34:12
U0284,M00838,2025-05-23T10:00:45
U0435,M00839,2026-03-28T01:31:25
U0019,M00840,2025-11-15T07:52:36
U0194,M00841,2025-02-10T21:54:05
U0699,M00842,2026-03-19T20:55:00
U0233,M00843,2025-12-22T14:09:37
U0870,M00844,2026-03-25T11:27:33
U0019,M00845,2026-01-27T07:08:43
U0499,M00846,2025-10-16T08:34:55
U0777,M00847,2026-01-15T09:07:45
U0040,M00848,2026-02-21T22:52:19
U0729,M00849,2026-03-13T15:33:37
U0439,M00850,2026-02-09T21:17:01
U0879,M00851,2026-02-26T15:31:01
U0041,M00852,2026-02-05T10:50:35
U0650,M00853,2026-03-22T17:53:30
U0724,M00854,2026-03-31T08:34:50
U0356,M00855,2026-01-04T06:16:25
U0311,M00856,2026-03-20T20:17:59
U0684,M00857,2026-02-21T09:37:42
U0666,M00858,2026-03-27T03:42:48
U0332,M00859,2026-01-05T21:57:55
U0170,M00860,2026-03-11T03:35:41
U0579,M00861,2026-03-19T12:52:27
U0280,M00862,2026-02-21T07:45:04
U0760,M00863,2026-03-22T21:14:50
U0520,M00864,2026-03-20T18:32:07
U0004,M00865,2025-08-17T05:14:23
U0085,M00866,2026-03-24T21:01:10
U0518,M00867,2025-11-11T11:07:54
U0180,M00868,2025-09-11T08:15:11
U0699,M00869,2026-03-29T00:33:12
U0465,M00870,2025-12-30T19:26:45
U0309,M00871,2026-02-27T22:40:41
U0261,M00872,2026-02-20T06:48:20
U0230,M00873,2026-03-20T01:06:49
U0740,M00874,2026-03-16T17:31:09
U0863,M00875,2025-11-12T00:10:56
U0663,M00876,2026-02-26T07:27:00
U0571,M00877,2026-03-23T03:31:59
U0631,M00878,2026-03-14T07:41:28
U0713,M00879,2026-02-28T18:22:51
U0543,M00880,2026-04-01T02:24:36
U0057,M00881,2026-03-31T11:46:19
U0063,M00882,2026-03-05T23:37:25
U0365,M00883,2026-03-17T07:52:02
U0064,M00884,2026-03-24T00:20:13
U0004,M00885,2026-02-17T08:47:45
U0434,M00886,2026-04-01T05:40:00
U0210,M00887,2026-03-15T00:05:32
U0004,M00888,2026-03-20T08:54:27
U0670,M00889,2026-03-13T23:51:03
U0707,M00890,2026-03-20T06:31:19
U0229,M00891,2026-01-21T04:06:42
U0518,M00892,2026-01-03T05:13:25
U0229,M00893,2026-03-26T01:58:05
U0626,M00894,2026-03-25T04:54:00
U0066,M00895,2026-01-29T01:14:00
U0446,M00896,2026-03-31T05:40:42
U0253,M00897,2025-10-05T06:24:52
U0297,M00898,2026-03-16T11:45:39
U0571,M00899,2026-02-18T03:59:30
U0511,M00900,2025-05-03T02:07:11
