startUserId,endPostId,createdAt
U0623,P00010,2025-12-27T20:00:12
U0095,P00015,2026-03-24T13:23:23
U0383,P00023,2026-03-30T06:25:48
U0263,P00033,2026-02-09T11:01:11
U0566,P00042,2025-12-18T15:10:26
U0344,P00046,2026-02-26T00:02:46
U0802,P00047,2025-07-21T19:26:07
U0549,P00051,2026-01-28T17:04:13
U0872,P00053,2025-12-18T04:34:06
U0622,P00058,2026-03-11T12:26:45
U0402,P00064,2026-02-15T12:50:26
U0429,P00071,2026-02-03T17:37:10
U0558,P00074,2025-12-29T06:41:19
U0631,P00076,2026-02-13T04:51:41
U0034,P00087,2026-02-26T15:25:55
U0359,P00092,2026-02-07T06:12:22
U0791,P00094,2026-03-04T06:39:39
U0710,P00097,2026-03-08T18:56:32
U0319,P00099,2026-03-11T22:34:48
U0081,P00100,2026-02-08T09:31:50
U0864,P00102,2026-03-22T10:26:27
U0081,P00105,2025-12-29T22:43:48
U0203,P00114,2026-02-01T14:40:38
U0290,P00120,2025-10-09T12:32:29
U0803,P00127,2026-03-25T07:55:09
U0008,P00128,2026-03-19T07:38:31
U0263,P00129,2025-12-10T13:20:57
U0816,P00135,2025-09-19T08:31:04
U0052,P00137,2026-04-01T10:43:32
U0891,P00142,2026-01-10T09:46:56
U0381,P00144,2025-11-22T04:21:14
U0300,P00152,2025-12-29T03:43:58
U0855,P00156,2026-01-30T03:31:24
U0089,P00159,2026-03-23T13:45:17
U0099,P00167,2025-05-20T05:48:29
U0722,P00168,2025-11-13T00:42:08
U0396,P00169,2026-01-08T12:00:11
U0773,P00176,2026-01-16T10:21:36
U0876,P00179,2026-01-27T15:32:19
U0009,P00180,2026-03-22T01:03:39
U0706,P00181,2026-03-31T08:43:50
U0198,P00193,2025-12-06T00:14:15
U0075,P00195,2026-02-05T09:28:10
U0508,P00198,2026-04-01T20:02:29
U0361,P00199,2026-03-29T06:53:01
U0171,P00204,2026-02-21T20:20:59
U0246,P00207,2026-01-10T15:25:29
U0537,P00209,2026-03-23T22:21:28
U0673,P00210,2025-06-06T17:32:09
U0290,P00215,2026-02-27T03:07:02
U0314,P00221,2025-11-06T17:47:02
U0321,P00225,2025-10-09T00:41:30
U0150,P00226,2026-03-31T19:32:50
U0600,P00234,2026-03-17T05:04:29
U0289,P00243,2025-10-07T16:00:51
U0664,P00254,2026-04-01T10:29:33
U0179,P00258,2026-03-16T01:13:21
U0481,P00259,2026-01-27T23:06:49
U0433,P00263,2026-03-30T01:29:53
U0243,P00270,2026-03-20T09:09:30
U0596,P00284,2026-03-30T10:18:17
U0204,P00287,2026-03-26T06:59:13
U0535,P00288,2025-11-03T18:11:16
U0891,P00289,2025-10-10T10:02:27
U0396,P00291,2025-10-07T15:58:33
U0834,P00293,2025-09-10T21:10:44
U0731,P00299,2026-01-29T04:18:46
U0016,P00312,2026-01-12T11:17:06
U0646,P00318,2026-04-01T10:18:28
U0315,P00325,2026-01-05T03:52:22
U0056,P00330,2025-08-18T20:06:28
U0805,P00343,2026-02-21T15:53:33
U0738,P00347,2025-08-05T02:05:04
U0748,P00348,2026-03-26T01:45:02
U0528,P00349,2026-02-20T16:23:43
U0346,P00355,2025-07-07T00:36:08
U0085,P00362,2025-04-25T21:10:29
U0222,P00364,2026-02-21T16:42:50
U0602,P00369,2026-03-31T06:44:41
U0851,P00371,2025-12-18T05:36:20
U0117,P00379,2026-03-15T23:50:30
U0326,P00380,2026-03-24T21:41:28
U0175,P00381,2025-09-21T16:19:22
U0781,P00391,2026-03-04T15:02:36
U0860,P00393,2025-10-09T20:14:05
U0160,P00397,2026-03-26T13:55:18
U0793,P00400,2026-01-07T15:40:05
U0118,P00406,2026-03-20T20:46:56
U0573,P00423,2026-03-18T10:57:04
U0176,P00425,2026-04-01T22:31:06
U0021,P00431,2026-02-04T16:02:53
U0021,P00437,2026-02-26T00:15:15
U0015,P00444,2026-01-24T20:13:16
U0148,P00445,2026-03-05T12:18:04
U0263,P00455,2026-02-13T23:45:02
U0666,P00466,2026-03-27T01:06:29
U0821,P00471,2025-06-06T03:04:39
U0505,P00473,2026-01-11T14:00:28
U0437,P00474,2026-02-16T05:28:46
U0642,P00475,2025-09-14T19:30:33
U0595,P00489,2026-03-14T18:40:47
U0206,P00491,2026-01-27T06:17:52
U0446,P00498,2026-03-19T13:13:29
U0250,P00499,2026-03-10T03:19:33
U0199,P00503,2026-03-01T18:16:30
U0618,P00507,2026-03-24T12:44:00
U0410,P00512,2026-02-23T03:23:35
U0657,P00517,2026-03-29T02:31:46
U0666,P00519,2026-02-15T19:01:33
U0212,P00522,2026-03-20T17:41:56
U0238,P00523,2026-03-15T22:49:17
U0140,P00524,2026-03-30T08:24:57
U0824,P00526,2026-03-10T07:47:42
U0059,P00532,2026-01-08T17:13:54
U0672,P00534,2025-12-21T15:54:10
U0089,P00537,2026-03-16T22:16:34
U0572,P00547,2025-12-31T02:05:33
U0188,P00554,2025-12-16T18:03:10
U0729,P00555,2025-12-18T03:05:48
U0691,P00556,2026-03-19T14:35:56
U0644,P00561,2025-07-15T12:04:43
U0219,P00562,2026-03-22T23:15:37
U0842,P00567,2026-03-30T18:23:27
U0747,P00579,2025-11-26T20:22:57
U0395,P00580,2026-04-01T17:31:01
U0193,P00583,2026-02-10T09:51:55
U0366,P00596,2025-10-10T16:28:43
U0055,P00605,2026-03-01T08:08:49
U0684,P00614,2026-03-07T16:42:33
U0701,P00622,2024-12-09T05:02:47
U0724,P00632,2026-02-08T23:51:24
U0495,P00635,2026-02-14T02:34:19
U0600,P00638,2026-03-07T22:55:55
U0014,P00640,2026-03-08T01:18:49
U0456,P00643,2026-01-20T12:36:37
U0136,P00644,2025-11-21T07:47:06
U0751,P00646,2026-03-24T13:27:32
U0130,P00655,2026-01-15T08:29:00
U0681,P00657,2026-03-17T22:52:36
U0367,P00658,2026-03-28T07:55:18
U0251,P00659,2026-02-28T03:37:42
U0312,P00671,2026-01-13T16:57:34
U0799,P00678,2026-02-04T16:46:13
U0731,P00690,2025-12-24T09:15:49
U0421,P00691,2026-02-23T11:53:46
U0624,P00695,2026-03-17T16:50:17
U0261,P00697,2026-02-07T09:01:31
U0344,P00700,2026-03-03T06:21:31
U0664,P00703,2026-04-01T14:27:43
U0249,P00714,2026-03-29T03:55:16
U0295,P00734,2026-03-14T02:12:24
U0397,P00737,2025-11-11T16:17:09
U0757,P00740,2026-03-05T12:16:52
U0845,P00748,2025-11-21T12:09:25
U0078,P00754,2025-07-14T15:48:24
U0525,P00756,2026-03-26T10:39:19
U0872,P00759,2025-03-23T21:33:14
U0678,P00760,2025-12-25T06:52:00
U0863,P00762,2025-07-19T01:52:38
U0597,P00773,2026-02-17T12:16:41
U0165,P00779,2026-02-26T00:58:34
U0121,P00781,2026-02-23T14:51:06
U0878,P00785,2026-02-16T04:52:37
U0201,P00791,2026-03-31T21:17:51
U0281,P00792,2026-03-26T03:21:11
U0516,P00805,2026-03-22T23:28:30
U0108,P00808,2026-02-24T23:14:51
U0100,P00811,2025-05-18T08:45:53
U0895,P00816,2025-12-23T10:58:17
U0174,P00819,2026-03-21T06:29:01
U0703,P00825,2025-06-04T07:07:58
U0634,P00832,2026-01-09T06:51:53
U0212,P00833,2026-01-15T14:30:35
U0885,P00834,2025-12-03T01:37:30
U0303,P00837,2026-03-07T16:24:19
U0896,P00838,2025-10-13T12:50:10
U0419,P00839,2026-03-06T14:20:15
U0890,P00847,2026-01-01T23:59:57
U0648,P00849,2025-10-15T06:49:36
U0741,P00853,2025-12-18T04:06:04
U0773,P00859,2026-01-18T21:11:36
U0118,P00861,2024-09-20T11:04:14
U0421,P00862,2025-09-26T10:48:13
U0537,P00863,2026-03-14T16:44:54
U0114,P00867,2025-12-21T22:51:06
U0526,P00868,2025-09-09T06:44:31
U0160,P00870,2026-02-23T02:12:25
U0201,P00871,2026-02-25T11:09:06
U0564,P00875,2026-03-31T13:31:47
U0499,P00878,2026-01-29T08:26:50
U0250,P00880,2026-03-11T07:44:29
U0222,P00885,2026-03-08T16:03:05
U0595,P00900,2026-03-11T08:07:26
U0155,P00909,2025-07-24T18:32:37
U0790,P00911,2025-11-07T20:49:19
U0675,P00916,2026-03-31T19:45:16
U0142,P00927,2026-01-18T19:02:29
U0017,P00933,2026-02-02T20:09:49
U0566,P00934,2025-05-02T21:22:22
U0164,P00935,2026-02-04T06:59:43
U0640,P00936,2025-11-04T00:16:02
U0670,P00940,2025-07-31T15:39:10
U0208,P00950,2025-11-26T00:06:07
U0243,P00955,2025-04-04T22:00:47
U0800,P00958,2026-04-01T08:03:31
U0732,P00960,2026-01-17T06:55:33
U0625,P00962,2026-03-30T20:52:42
U0427,P00965,2025-10-15T05:38:30
U0891,P00977,2026-03-04T11:37:56
U0670,P00979,2026-03-18T00:28:29
U0404,P00980,2026-02-26T23:51:45
U0059,P00983,2025-10-29T23:17:38
U0434,P00986,2026-03-07T10:30:16
U0238,P00997,2026-03-10T08:46:35
U0685,P01011,2026-02-28T16:13:31
U0243,P01012,2025-01-02T13:51:41
U0531,P01017,2026-01-05T00:12:32
U0351,P01021,2026-03-28T18:47:59
U0021,P01022,2026-03-08T09:07:09
U0333,P01038,2026-02-05T02:41:35
U0687,P01047,2026-03-27T02:52:48
U0713,P01051,2026-03-12T12:03:11
U0255,P01063,2026-03-30T04:47:26
U0775,P01070,2026-01-13T12:48:02
U0764,P01074,2026-03-06T03:10:13
U0129,P01082,2026-03-26T04:03:47
U0555,P01085,2026-03-24T02:29:53
U0090,P01087,2025-12-23T10:30:59
U0288,P01095,2026-03-05T16:48:53
U0440,P01096,2026-01-03T12:57:39
U0047,P01098,2026-03-11T23:12:25
U0124,P01108,2025-10-08T01:29:00
U0282,P01110,2026-01-27T08:16:12
U0854,P01115,2026-01-14T12:15:52
U0838,P01118,2025-06-14T19:27:35
U0093,P01129,2026-03-12T12:54:03
U0243,P01143,2026-03-05T06:51:33
U0649,P01144,2026-03-09T23:27:06
U0546,P01147,2026-03-31T13:47:47
U0247,P01153,2025-12-21T20:48:03
U0595,P01154,2026-03-18T06:26:06
U0862,P01155,2026-03-20T18:37:22
U0151,P01157,2025-08-04T02:54:10
U0596,P01161,2026-03-03T03:34:06
U0075,P01165,2024-11-03T23:52:51
U0002,P01168,2026-03-18T18:24:10
U0065,P01179,2026-03-04T06:00:22
U0883,P01182,2026-02-22T21:08:44
U0731,P01185,2025-12-02T11:58:28
U0613,P01187,2025-06-01T05:01:14
U0031,P01195,2025-05-19T09:58:14
U0892,P01198,2025-03-07T21:21:41
U0809,P01206,2026-02-27T19:36:27
U0464,P01215,2026-02-05T20:11:40
U0393,P01217,2026-03-31T09:25:19
U0483,P01222,2026-02-04T07:41:21
U0857,P01227,2025-12-19T04:32:12
U0429,P01230,2026-03-11T10:24:18
U0614,P01237,2026-01-17T05:56:05
U0838,P01243,2026-01-10T08:51:47
U0041,P01247,2025-12-26T09:03:56
U0429,P01253,2025-11-28T22:10:23
U0604,P01254,2026-03-22T14:51:00
U0277,P01260,2025-06-10T11:37:09
U0209,P01273,2026-04-01T01:40:10
U0272,P01282,2025-12-31T08:40:17
U0332,P01283,2025-08-03T06:20:53
U0524,P01308,2026-03-08T07:07:24
U0695,P01314,2025-06-09T18:34:15
U0348,P01318,2025-10-18T07:54:47
U0182,P01323,2026-03-22T11:27:37
U0008,P01327,2026-01-05T19:32:40
U0272,P01333,2025-08-23T13:03:47
U0835,P01334,2026-03-08T00:20:32
U0731,P01336,2026-03-19T04:21:15
U0584,P01337,2026-02-15T18:10:37
U0557,P01342,2026-03-08T07:28:35
U0510,P01346,2026-03-23T06:20:45
U0613,P01347,2026-02-15T09:44:17
U0686,P01350,2026-03-25T23:38:52
U0072,P01352,2026-04-01T21:40:06
U0335,P01355,2026-03-22T12:41:06
U0071,P01362,2026-03-06T01:28:30
U0106,P01364,2026-02-13T05:44:15
U0636,P01371,2025-10-12T09:53:46
U0437,P01373,2026-03-20T20:44:45
U0081,P01395,2026-03-26T08:47:36
U0311,P01396,2026-03-31T00:11:14
U0474,P01400,2026-03-30T12:56:55
U0578,P01403,2026-02-21T11:42:41
U0030,P01406,2025-12-07T22:45:49
U0565,P01408,2026-03-15T06:30:11
U0392,P01410,2026-02-12T12:31:33
U0509,P01418,2026-02-16T00:08:33
U0307,P01428,2025-11-04T01:46:11
U0314,P01431,2025-12-21T16:34:17
U0687,P01436,2026-01-12T18:22:41
U0136,P01437,2026-01-25T14:47:02
U0250,P01440,2026-03-31T18:55:43
U0542,P01441,2026-03-09T12:13:29
U0799,P01446,2026-02-19T22:31:24
U0667,P01452,2026-03-17T05:37:23
U0824,P01453,2026-03-25T14:59:28
U0327,P01458,2026-02-07T10:56:37
U0498,P01463,2026-03-10T00:04:50
U0696,P01465,2026-01-09T01:53:08
U0525,P01467,2026-02-10T21:13:52
U0409,P01469,2026-03-13T02:23:54
U0513,P01472,2026-03-21T02:34:18
U0698,P01478,2026-03-19T19:54:55
U0809,P01487,2025-11-25T02:59:29
U0483,P01488,2025-11-29T08:50:59
U0242,P01489,2026-01-01T02:00:15
U0596,P01492,2025-11-02T15:51:28
U0108,P01493,2026-02-12T10:26:35
U0183,P01503,2025-09-02T17:47:02
U0729,P01504,2026-03-01T09:56:08
U0449,P01505,2026-03-19T14:41:57
U0304,P01510,2025-06-14T17:31:42
U0587,P01512,2025-10-26T15:01:49
U0493,P01515,2026-03-25T21:46:19
U0187,P01517,2025-09-18T20:29:41
U0361,P01519,2026-02-07T08:36:01
U0733,P01528,2026-02-01T18:05:08
U0235,P01532,2025-11-12T03:12:25
U0168,P01534,2026-03-01T05:21:05
U0030,P01547,2026-03-06T07:42:42
U0514,P01553,2025-11-11T17:34:39
U0461,P01555,2026-04-01T16:31:32
U0667,P01558,2026-03-10T18:50:56
U0440,P01559,2026-03-26T23:37:11
U0146,P01567,2025-11-16T20:49:08
U0017,P01568,2026-01-23T16:32:32
U0073,P01572,2025-06-07T19:52:29
U0418,P01579,2025-12-19T21:25:28
U0042,P01583,2026-03-31T08:30:11
U0796,P01588,2026-02-28T10:12:46
U0269,P01591,2026-02-17T14:33:36
U0173,P01593,2026-02-26T20:11:38
U0691,P01594,2026-03-21T11:16:31
U0011,P01596,2025-09-01T23:20:05
U0167,P01601,2026-02-13T07:46:28
U0442,P01602,2025-11-11T23:12:48
U0213,P01608,2026-03-17T20:33:22
U0388,P01609,2026-01-04T15:19:18
U0428,P01610,2025-09-21T05:42:32
U0898,P01614,2026-03-31T11:56:10
U0825,P01625,2025-12-22T01:58:40
U0399,P01626,2026-01-26T21:44:23
U0269,P01633,2026-03-16T08:46:12
U0900,P01636,2026-03-16T05:10:25
U0772,P01637,2026-03-31T11:26:55
U0724,P01644,2026-03-17T09:02:05
U0292,P01648,2024-10-26T06:54:33
U0751,P01650,2025-09-24T05:34:03
U0423,P01652,2026-01-04T06:05:20
U0591,P01658,2026-02-16T18:14:28
U0647,P01659,2026-03-31T20:48:54
U0502,P01660,2026-03-23T22:09:56
U0162,P01667,2026-03-31T02:11:20
U0540,P01680,2025-06-30T15:39:53
U0682,P01685,2025-10-02T03:25:56
U0294,P01687,2026-03-01T22:12:21
U0731,P01688,2025-11-17T00:51:00
U0168,P01689,2026-03-06T08:09:40
U0811,P01695,2026-03-31T15:03:44
U0415,P01703,2025-11-30T17:08:09
U0769,P01704,2026-02-14T22:46:27
U0072,P01710,2026-03-24T08:48:04
U0808,P01719,2026-03-05T11:20:10
U0008,P01724,2025-12-04T07:47:32
U0773,P01726,2026-02-15T18:09:30
U0298,P01742,2026-02-24T01:31:12
U0506,P01745,2026-03-23T19:50:33
U0185,P01750,2026-03-23T22:02:04
U0105,P01761,2025-12-05T07:28:16
U0830,P01764,2026-03-30T13:32:24
U0038,P01772,2026-03-24T23:26:13
U0168,P01776,2026-03-26T02:14:44
U0129,P01777,2026-01-26T15:46:42
U0712,P01778,2026-03-29T16:49:21
U0015,P01780,2026-01-29T13:02:17
U0148,P01788,2026-02-16T14:50:59
U0093,P01793,2025-12-21T07:42:24
U0578,P01797,2026-02-09T03:50:51
