user_id,cluster,pc1_2d,pc2_2d,pc1_3d,pc2_3d,pc3_3d
U0001,7,-1.2627056,-1.4950354,-1.2627056,-1.4950354,-0.41403294
U0129,7,-1.190544,-1.1413181,-1.190544,-1.1413181,-0.046058014
U0748,7,-0.71394235,-1.3666378,-0.71394235,-1.3666378,0.5423183
U0673,7,-1.2213632,-1.413876,-1.2213632,-1.413876,-0.070777684
U0276,7,-1.0664161,-1.3371865,-1.0664161,-1.3371865,-0.72500676
U0409,7,-1.669116,-1.4915477,-1.669116,-1.4915477,-0.2519555
U0296,7,-0.5665265,-1.5454775,-0.5665265,-1.5454775,-0.88929665
U0544,7,-1.0367934,-1.1853148,-1.0367934,-1.1853148,-0.59730124
U0002,5,-0.35942057,1.4563371,-0.35942057,1.4563371,-1.3614645
U0085,5,-0.47338447,1.194541,-0.47338447,1.194541,-0.741785
U0523,5,-0.20330928,1.8904713,-0.20330928,1.8904713,-0.6956057
U0181,5,0.27101636,1.122419,0.27101636,1.122419,-0.7944292
U0811,5,-0.24959105,1.9093908,-0.24959105,1.9093908,-1.0155433
U0052,5,-0.44219983,1.5149254,-0.44219983,1.5149254,-1.0857044
U0690,5,-0.02915888,1.493415,-0.02915888,1.493415,-0.96307963
U0603,5,-0.21421847,0.992514,-0.21421847,0.992514,-1.0408341
U0506,5,-0.5545112,1.0869753,-0.5545112,1.0869753,-1.253668
U0734,1,-0.04939269,0.94331247,-0.04939269,0.94331247,-1.2333417
U0699,5,-0.14243439,1.2875216,-0.14243439,1.2875216,-0.5754774
U0579,5,-0.16120318,1.5398893,-0.16120318,1.5398893,-0.78524923
U0003,5,0.5009604,1.4445796,0.5009604,1.4445796,-0.060285144
U0118,4,1.0143175,0.43293443,1.0143175,0.43293443,0.99862236
U0295,5,0.02050712,1.4546777,0.02050712,1.4546777,-0.509712
U0757,5,0.029678408,1.2045866,0.029678408,1.2045866,-0.27917236
U0004,4,1.2048806,0.36901295,1.2048806,0.36901295,0.96207225
U0589,4,1.4472501,0.8942274,1.4472501,0.8942274,0.12028977
U0476,4,0.6652178,0.09841938,0.6652178,0.09841938,0.5850052
U0071,4,1.1164349,0.31437427,1.1164349,0.31437427,0.63166213
U0005,1,-0.60273737,0.9285558,-0.60273737,0.9285558,-0.48475772
U0358,1,-1.0492731,1.0441087,-1.0492731,1.0441087,-0.79730034
U0495,1,-0.6923673,0.48317316,-0.6923673,0.48317316,-0.09020914
U0077,1,-0.38123605,0.28094435,-0.38123605,0.28094435,-0.4113148
U0496,1,-0.80783224,1.097765,-0.80783224,1.097765,-0.59704757
U0107,1,-0.39151335,0.6925069,-0.39151335,0.6925069,-0.5178952
U0559,1,-0.28193802,0.97952175,-0.28193802,0.97952175,-0.52657264
U0240,1,-0.5731452,0.5330599,-0.5731452,0.5330599,0.24867629
U0180,1,-0.52573466,0.6530491,-0.52573466,0.6530491,-0.91934294
U0252,1,-0.9577109,1.4508693,-0.9577109,1.4508693,-0.3157242
U0750,1,-1.2726883,1.1167763,-1.2726883,1.1167763,-0.24112107
U0006,5,0.07618298,1.2645053,0.07618298,1.2645053,-0.76000184
U0383,3,0.4162128,0.35779205,0.4162128,0.35779205,-0.08076511
U0410,2,0.7478289,0.3915154,0.7478289,0.3915154,-0.95207876
U0404,5,-0.5561122,0.9419703,-0.5561122,0.9419703,-0.63723534
U0561,5,0.29652444,1.3171594,0.29652444,1.3171594,-0.1390743
U0195,5,0.20799056,0.91666293,0.20799056,0.91666293,-0.7907374
U0365,5,-0.26864678,1.5894732,-0.26864678,1.5894732,-0.731291
U0160,5,0.45542353,1.3290102,0.45542353,1.3290102,-0.7471979
U0184,5,0.016521621,-0.014361387,0.016521621,-0.014361387,-0.89349467
U0457,5,-0.40455586,1.5416136,-0.40455586,1.5416136,-0.5019993
U0380,5,0.3253838,1.0681119,0.3253838,1.0681119,-0.5422562
U0663,5,-0.116737485,1.3107452,-0.116737485,1.3107452,-0.46190464
U0834,5,0.38419715,1.3190138,0.38419715,1.3190138,-0.48140544
U0007,3,0.32086232,0.33293226,0.32086232,0.33293226,0.70481455
U0488,3,-0.21653816,-0.09658105,-0.21653816,-0.09658105,0.7512196
U0569,3,0.66514754,-0.24098274,0.66514754,-0.24098274,0.98644316
U0203,3,0.052086003,-0.22600465,0.052086003,-0.22600465,0.8508
U0062,3,0.2116518,0.14857586,0.2116518,0.14857586,0.67788696
U0008,7,-0.9374583,-1.7147008,-0.9374583,-1.7147008,-0.67949504
U0448,7,-1.2953992,-1.3475019,-1.2953992,-1.3475019,-0.8039884
U0173,7,-1.0136205,-1.5573473,-1.0136205,-1.5573473,-0.19519246
U0089,7,-1.1144198,-1.4991184,-1.1144198,-1.4991184,-0.39282298
U0051,7,-0.895041,-1.8499755,-0.895041,-1.8499755,-0.8335041
U0287,7,-1.1292695,-1.5485425,-1.1292695,-1.5485425,-0.77675426
U0281,7,-1.2058421,-1.1459945,-1.2058421,-1.1459945,-0.69238156
U0306,7,-0.9483572,-0.98185444,-0.9483572,-0.98185444,-0.21134003
U0860,7,-1.3072774,-1.4257373,-1.3072774,-1.4257373,-0.0046426095
U0389,7,-1.4274471,-1.2017823,-1.4274471,-1.2017823,-0.6377841
U0035,7,-1.3022211,-1.3756698,-1.3022211,-1.3756698,-0.19663075
U0020,7,-1.0619278,-1.0757717,-1.0619278,-1.0757717,0.019676099
U0896,7,-0.9271431,-1.5026896,-0.9271431,-1.5026896,0.46049023
U0638,7,-0.93417424,-1.2991893,-0.93417424,-1.2991893,-0.030264698
U0009,2,0.05184217,0.17449857,0.05184217,0.17449857,-0.83770996
U0650,2,-0.38128123,0.6339887,-0.38128123,0.6339887,-0.9880455
U0671,2,0.08154711,0.39308816,0.08154711,0.39308816,-1.008787
U0346,2,0.0029679202,0.4153953,0.0029679202,0.4153953,-0.2706529
U0156,2,0.004580755,-0.23035346,0.004580755,-0.23035346,-0.64215153
U0119,2,0.39176813,-0.12283341,0.39176813,-0.12283341,-0.60203046
U0843,2,-0.10304603,0.199185,-0.10304603,0.199185,-0.9648575
U0898,2,-0.12101966,0.055323735,-0.12101966,0.055323735,-0.59767455
U0490,2,0.2114645,0.20582478,0.2114645,0.20582478,-1.1537521
U0010,1,-0.31318668,0.9096244,-0.31318668,0.9096244,-0.49196196
U0246,1,-0.45493835,0.16724998,-0.45493835,0.16724998,-0.47467148
U0112,1,-0.5102232,0.99438804,-0.5102232,0.99438804,-0.60430753
U0186,1,-0.74833405,0.20107396,-0.74833405,0.20107396,-1.2494617
U0862,1,-0.70238423,0.5751256,-0.70238423,0.5751256,-0.64042854
U0875,1,-0.22245467,1.4634148,-0.22245467,1.4634148,-1.0154824
U0055,1,-1.1842424,0.22966634,-1.1842424,0.22966634,-0.21180098
U0027,1,-0.6963614,1.170778,-0.6963614,1.170778,-0.03863895
U0011,6,1.3678838,-0.80185694,1.3678838,-0.80185694,-1.037239
U0558,6,0.5677698,-1.321522,0.5677698,-1.321522,-1.1196609
U0560,6,0.9849638,-1.3908087,0.9849638,-1.3908087,-0.8319227
U0808,6,1.038685,-0.6771014,1.038685,-0.6771014,-0.30982476
U0853,6,1.2966741,-0.37674835,1.2966741,-0.37674835,-1.3853021
U0293,6,1.233745,-0.21210904,1.233745,-0.21210904,-0.42837977
U0451,6,1.464524,-0.2324562,1.464524,-0.2324562,-0.8866721
U0028,6,0.63786477,-0.8786658,0.63786477,-0.8786658,-0.9583897
U0422,6,0.9676489,-1.3471655,0.9676489,-1.3471655,-1.1311096
U0012,4,0.70328057,0.66197217,0.70328057,0.66197217,-0.03218002
U0070,4,1.1593636,0.2815127,1.1593636,0.2815127,1.0047147
U0623,4,1.2378547,0.643594,1.2378547,0.643594,0.847407
U0194,4,1.2728543,0.05109656,1.2728543,0.05109656,-0.037666798
U0567,4,1.2843399,0.52582675,1.2843399,0.52582675,0.1208833
U0013,5,-0.485325,0.7202931,-0.485325,0.7202931,-0.7553022
U0289,5,-0.2328129,0.9845157,-0.2328129,0.9845157,-0.9121135
U0417,5,-0.0761193,1.3481448,-0.0761193,1.3481448,-0.6662708
U0014,6,1.4809549,-1.0896245,1.4809549,-1.0896245,-0.6903874
U0053,6,1.4949425,-0.88643503,1.4949425,-0.88643503,-0.94607395
U0520,6,1.9212288,-0.51386887,1.9212288,-0.51386887,-0.5112489
U0872,6,1.1406693,-0.6245147,1.1406693,-0.6245147,-0.4535998
U0158,6,1.2544667,-0.8015689,1.2544667,-0.8015689,-0.587563
U0595,6,1.3815677,-1.0947918,1.3815677,-1.0947918,-0.9162363
U0727,6,0.8654663,-0.89315337,0.8654663,-0.89315337,-0.5889034
U0266,6,0.6697682,-1.2256197,0.6697682,-1.2256197,-0.6977494
U0015,7,-0.56641126,-1.3974812,-0.56641126,-1.3974812,-0.26512712
U0833,7,-1.3318783,-1.2794193,-1.3318783,-1.2794193,-0.29863054
U0842,7,-0.7865923,-1.3966886,-0.7865923,-1.3966886,-0.028595187
U0332,7,-0.6953961,-1.1644775,-0.6953961,-1.1644775,-0.82122904
U0323,6,0.7231566,-1.5332344,0.7231566,-1.5332344,-0.96971864
U0467,7,-1.0465416,-1.6572286,-1.0465416,-1.6572286,-0.03797912
U0166,7,-0.79616284,-1.4763911,-0.79616284,-1.4763911,-0.06061825
U0746,0,-0.492812,0.023849396,-0.492812,0.023849396,0.97804224
U0034,7,-1.3212284,-1.0962943,-1.3212284,-1.0962943,-0.29687488
U0845,2,-0.21600789,-0.5645559,-0.21600789,-0.5645559,-0.76485705
U0046,7,-1.0314368,-1.9465019,-1.0314368,-1.9465019,-0.23449145
U0016,6,0.96138585,-1.4959911,0.96138585,-1.4959911,-0.6319861
U0329,7,-0.20451114,-1.4553639,-0.20451114,-1.4553639,0.14532354
U0353,6,1.1515831,-1.3436083,1.1515831,-1.3436083,-0.88563323
U0205,6,1.0094823,-0.8391777,1.0094823,-0.8391777,-0.9104951
U0114,6,1.242144,-0.919074,1.242144,-0.919074,-0.62780946
U0394,6,1.353794,-1.1091014,1.353794,-1.1091014,-0.9617873
U0367,6,0.9927099,-1.3278819,0.9927099,-1.3278819,-0.9035664
U0017,1,-0.7234393,0.8874408,-0.7234393,0.8874408,-0.41138983
U0586,1,-0.6592356,1.1791353,-0.6592356,1.1791353,-0.39097685
U0111,1,-0.5429941,0.86782914,-0.5429941,0.86782914,0.011378562
U0442,1,-0.8998587,0.8171185,-0.8998587,0.8171185,-1.0990812
U0647,1,-0.7110778,0.55980474,-0.7110778,0.55980474,-0.0777026
U0820,1,-0.47716576,0.6488554,-0.47716576,0.6488554,-0.6224051
U0018,3,0.2178356,0.027213525,0.2178356,0.027213525,0.5324438
U0887,3,0.069200486,-0.051058084,0.069200486,-0.051058084,0.9013774
U0374,3,-0.37723237,-0.6361862,-0.37723237,-0.6361862,0.780621
U0153,1,-0.2784394,0.4243095,-0.2784394,0.4243095,-0.2695982
U0081,3,-0.2252345,-0.31693757,-0.2252345,-0.31693757,0.7359276
U0545,3,-0.07700549,0.023898922,-0.07700549,0.023898922,0.76368296
U0533,3,0.30230743,0.75349,0.30230743,0.75349,1.0395083
U0094,3,0.42332524,-0.122604586,0.42332524,-0.122604586,0.36772382
U0376,3,0.4187202,-0.28914958,0.4187202,-0.28914958,1.2139447
U0300,3,0.35136548,-0.076858446,0.35136548,-0.076858446,1.328592
U0608,3,-0.024362408,-0.08187695,-0.024362408,-0.08187695,1.2103999
U0267,3,0.82305986,-0.22427574,0.82305986,-0.22427574,1.3799664
U0190,3,0.29151917,0.31752223,0.29151917,0.31752223,0.8703366
U0537,3,0.3971431,-0.048705615,0.3971431,-0.048705615,0.3024614
U0366,3,0.3814707,-0.7981359,0.3814707,-0.7981359,0.16380398
U0706,2,0.19908231,0.44720742,0.19908231,0.44720742,-0.18263543
U0019,1,-1.0126791,0.39288726,-1.0126791,0.39288726,-0.8907113
U0759,1,-0.8448988,0.2705009,-0.8448988,0.2705009,-0.5434336
U0427,1,-1.0410126,0.70852,-1.0410126,0.70852,-0.8741776
U0882,1,-1.1984595,0.3776192,-1.1984595,0.3776192,-1.189095
U0066,2,-0.57293767,0.05963202,-0.57293767,0.05963202,-0.91111845
U0702,7,-1.5422205,-1.1907514,-1.5422205,-1.1907514,0.69984215
U0152,7,-1.4691316,-1.4644839,-1.4691316,-1.4644839,-0.34509063
U0104,7,-1.1845045,-0.79419196,-1.1845045,-0.79419196,0.30892408
U0350,7,-0.8028331,-0.95648396,-0.8028331,-0.95648396,-0.06151674
U0433,7,-1.5588783,-0.9498949,-1.5588783,-0.9498949,0.06410876
U0021,7,-0.6272888,-1.330068,-0.6272888,-1.330068,0.1811912
U0619,7,-1.0617498,-1.0482074,-1.0617498,-1.0482074,-0.25555658
U0143,4,0.91659266,-0.37100315,0.91659266,-0.37100315,0.6112877
U0253,7,-0.9629979,-1.185266,-0.9629979,-1.185266,-0.3608359
U0480,7,-1.0428479,-1.6228833,-1.0428479,-1.6228833,-0.05255335
U0895,0,-0.8983564,-0.7375631,-0.8983564,-0.7375631,1.3758467
U0592,7,-1.0274117,-1.565121,-1.0274117,-1.565121,0.092972994
U0113,1,-0.6985181,0.49807808,-0.6985181,0.49807808,-0.35296285
U0654,7,-1.0240458,-1.2944474,-1.0240458,-1.2944474,0.23159073
U0135,7,-1.1207813,-1.5434629,-1.1207813,-1.5434629,-0.044563733
U0213,7,-1.3289548,-1.7088398,-1.3289548,-1.7088398,-0.48188263
U0481,6,0.91657555,-1.9962989,0.91657555,-1.9962989,-0.47218728
U0125,7,-1.1562535,-1.436129,-1.1562535,-1.436129,0.07421801
U0351,3,-0.353375,-0.84375733,-0.353375,-0.84375733,0.68225664
U0527,7,-1.2225105,-0.82238424,-1.2225105,-0.82238424,-0.86666596
U0022,7,-0.26536846,-1.6520201,-0.26536846,-1.6520201,-0.29348528
U0222,7,-0.5185177,-2.2406611,-0.5185177,-2.2406611,-0.31583524
U0450,7,-0.490886,-1.3907294,-0.490886,-1.3907294,-0.04109908
U0236,7,-0.6206348,-1.1825986,-0.6206348,-1.1825986,-0.43013525
U0208,7,-1.0931921,-1.1280831,-1.0931921,-1.1280831,-0.5560974
U0874,7,-0.7432282,-1.7066051,-0.7432282,-1.7066051,-0.7755545
U0023,4,1.1816714,0.6330115,1.1816714,0.6330115,0.4013105
U0478,4,1.4033763,0.7064893,1.4033763,0.7064893,0.45837605
U0131,4,1.3691707,0.3643137,1.3691707,0.3643137,0.6734348
U0321,4,1.3751907,0.22899532,1.3751907,0.22899532,0.4716872
U0162,4,1.2701241,0.6992139,1.2701241,0.6992139,1.1250981
U0317,4,1.7279751,0.4943597,1.7279751,0.4943597,0.3070004
U0634,4,0.9155264,0.03729648,0.9155264,0.03729648,0.41080093
U0072,4,1.4992659,-0.34078604,1.4992659,-0.34078604,0.664881
U0218,4,1.150838,0.5987727,1.150838,0.5987727,0.662681
U0518,4,0.671815,0.7460969,0.671815,0.7460969,0.14268279
U0628,4,1.06563,0.33162734,1.06563,0.33162734,0.9491292
U0165,4,1.7400944,0.7002607,1.7400944,0.7002607,0.38063115
U0224,4,1.0246309,-0.46849665,1.0246309,-0.46849665,0.5372571
U0777,4,0.9236292,0.17159382,0.9236292,0.17159382,1.1344991
U0124,4,1.1449903,-0.00076698884,1.1449903,-0.00076698884,0.9149609
U0024,7,-1.2575971,-1.541244,-1.2575971,-1.541244,-0.271581
U0065,7,-1.3043039,-1.3125646,-1.3043039,-1.3125646,0.26329264
U0178,7,-1.330944,-1.4868522,-1.330944,-1.4868522,-0.40552503
U0025,2,-0.076839,0.81565106,-0.076839,0.81565106,-0.49790478
U0447,2,-0.018015254,0.10588859,-0.018015254,0.10588859,-0.6713939
U0466,2,0.17018382,0.10229875,0.17018382,0.10229875,-0.9164019
U0106,3,-0.02361913,0.07066298,-0.02361913,0.07066298,0.3811189
U0659,0,-0.48864594,0.5630648,-0.48864594,0.5630648,0.6474662
U0284,2,-0.103311166,0.79505,-0.103311166,0.79505,-0.9040604
U0642,2,-0.07823722,0.31139368,-0.07823722,0.31139368,-0.7230113
U0073,2,0.25161713,0.7996686,0.25161713,0.7996686,-1.047067
U0712,2,-0.15954806,0.31642386,-0.15954806,0.31642386,-0.85652107
U0491,1,-0.47994527,0.9175742,-0.47994527,0.9175742,-0.58920187
U0782,2,0.049133018,0.49447903,0.049133018,0.49447903,-1.0849227
U0841,2,0.2679667,0.37016857,0.2679667,0.37016857,0.12352634
U0800,2,-0.2854925,0.41428244,-0.2854925,0.41428244,-1.1617765
U0378,0,-0.31040844,0.154052,-0.31040844,0.154052,0.6794471
U0304,2,-0.023576193,0.49886838,-0.023576193,0.49886838,-0.48692697
U0188,2,0.059547964,0.4972612,0.059547964,0.4972612,-1.0427089
U0828,2,0.69536376,-0.37325668,0.69536376,-0.37325668,-1.1041639
U0026,1,-0.5397587,0.24207745,-0.5397587,0.24207745,-0.7659137
U0810,1,-0.67008495,0.7603531,-0.67008495,0.7603531,-0.5386614
U0244,1,-1.1874821,0.121413514,-1.1874821,0.121413514,-0.81930953
U0030,1,-1.2543297,0.25773576,-1.2543297,0.25773576,-0.025150277
U0575,1,-1.2285154,0.0003374014,-1.2285154,0.0003374014,-0.9309522
U0227,1,-0.6489744,0.64295876,-0.6489744,0.64295876,-0.44345367
U0452,1,-0.9038506,0.7728259,-0.9038506,0.7728259,-1.2158513
U0215,1,-0.5688688,0.41249183,-0.5688688,0.41249183,-0.5887542
U0516,1,-0.72517455,0.5970217,-0.72517455,0.5970217,-0.38043964
U0710,1,-0.7139524,0.7760843,-0.7139524,0.7760843,-1.161999
U0172,1,-0.9957514,0.9020316,-0.9957514,0.9020316,-0.012648404
U0775,6,0.86857986,-0.55089045,0.86857986,-0.55089045,-1.0789487
U0179,1,-0.1486294,0.23157816,-0.1486294,0.23157816,-0.6897379
U0161,1,-0.78899604,0.9982799,-0.78899604,0.9982799,-0.31202847
U0359,0,-0.067712605,0.3278944,-0.067712605,0.3278944,0.69323117
U0526,6,1.3066803,-0.75781655,1.3066803,-0.75781655,-1.03649
U0766,6,1.1654018,-0.9961086,1.1654018,-0.9961086,-0.6026426
U0474,6,1.4401376,-0.65517175,1.4401376,-0.65517175,-0.29680818
U0584,6,1.3016665,-0.6086252,1.3016665,-0.6086252,-0.78061426
U0239,6,1.2070464,-1.1606464,1.2070464,-1.1606464,-1.224688
U0438,6,1.3747832,-0.8500301,1.3747832,-0.8500301,0.046808578
U0751,6,1.0942152,-0.76861537,1.0942152,-0.76861537,-0.8403102
U0093,6,0.9366776,-1.3254769,0.9366776,-1.3254769,-0.7934161
U0117,6,1.4728556,-0.6177845,1.4728556,-0.6177845,-0.7460633
U0291,6,0.69777066,-0.7757874,0.69777066,-0.7757874,-0.8699145
U0157,1,-0.16117811,0.33815017,-0.16117811,0.33815017,-1.0018159
U0743,1,-0.3579179,0.22740339,-0.3579179,0.22740339,-0.5663523
U0788,6,1.3325331,-0.7446342,1.3325331,-0.7446342,-0.22203581
U0682,6,0.8092081,-0.08397193,0.8092081,-0.08397193,-0.5938791
U0772,6,1.7542539,-1.146954,1.7542539,-1.146954,-0.20064029
U0234,6,1.0337305,-0.23789936,1.0337305,-0.23789936,-0.17059971
U0511,6,0.84026396,-1.2072954,0.84026396,-1.2072954,-0.9888962
U0029,6,1.2896907,-0.5747489,1.2896907,-0.5747489,-1.0273441
U0283,6,1.15018,-0.18739735,1.15018,-0.18739735,-0.88694584
U0714,6,1.2480507,-0.76288974,1.2480507,-0.76288974,-0.8222279
U0547,6,1.470797,-0.4210267,1.470797,-0.4210267,-1.1885649
U0369,6,1.3002175,-0.7565051,1.3002175,-0.7565051,-1.0021286
U0407,6,1.5104991,-0.7472208,1.5104991,-0.7472208,-0.5475479
U0509,6,0.79909146,-0.5559466,0.79909146,-0.5559466,-1.504048
U0461,6,1.0511464,-1.3404342,1.0511464,-1.3404342,-0.7152156
U0900,6,1.3258525,-0.20257685,1.3258525,-0.20257685,-1.0179297
U0429,6,1.165632,-0.9476674,1.165632,-0.9476674,-0.25769573
U0756,1,-1.5457551,0.44688743,-1.5457551,0.44688743,0.107469335
U0792,1,-0.6454099,0.6188215,-0.6454099,0.6188215,-1.3257371
U0577,1,-1.1692551,0.58591574,-1.1692551,0.58591574,-0.27524143
U0497,1,-1.0041223,0.7834803,-1.0041223,0.7834803,-0.44992107
U0507,1,-0.51596624,0.296406,-0.51596624,0.296406,0.35898298
U0550,1,-1.5470623,0.8689589,-1.5470623,0.8689589,-0.06687678
U0503,7,-1.5945437,-0.59714574,-1.5945437,-0.59714574,-0.04262439
U0220,0,-0.8949515,0.38424462,-0.8949515,0.38424462,1.1461371
U0123,7,-1.3720438,-0.83178747,-1.3720438,-0.83178747,0.29344118
U0601,1,-1.1810048,0.30540755,-1.1810048,0.30540755,-0.3236707
U0494,1,-1.0012777,0.40094328,-1.0012777,0.40094328,-0.14518963
U0031,4,1.5519716,-0.13993289,1.5519716,-0.13993289,0.9707316
U0142,4,1.3155321,0.5016423,1.3155321,0.5016423,0.86996293
U0669,4,1.5481205,-0.48468062,1.5481205,-0.48468062,1.2760795
U0689,4,1.6122872,-0.22860493,1.6122872,-0.22860493,0.27391416
U0867,4,1.4996411,0.14466508,1.4996411,0.14466508,0.8717365
U0539,4,1.7050918,0.54100174,1.7050918,0.54100174,0.94305754
U0530,4,1.426567,0.1858087,1.426567,0.1858087,0.9758557
U0798,3,0.7933104,0.23283377,0.7933104,0.23283377,1.0847328
U0768,4,1.7387533,-0.23148891,1.7387533,-0.23148891,0.38489956
U0397,4,2.0902953,0.21760276,2.0902953,0.21760276,0.9288427
U0310,4,1.3172297,0.2279369,1.3172297,0.2279369,0.8918181
U0613,4,0.80505997,-0.096998625,0.80505997,-0.096998625,0.99852693
U0416,4,1.7105136,0.15871653,1.7105136,0.15871653,0.96264607
U0140,4,1.235298,-0.16686104,1.235298,-0.16686104,0.837408
U0582,4,1.2656143,0.120899215,1.2656143,0.120899215,0.76420534
U0392,4,1.2411393,0.20914266,1.2411393,0.20914266,0.1531007
U0226,4,1.7506772,-0.23326899,1.7506772,-0.23326899,0.38289493
U0141,4,1.2978451,0.21889167,1.2978451,0.21889167,0.39191413
U0640,4,0.8264592,-0.36553636,0.8264592,-0.36553636,0.81644315
U0032,2,-0.09050551,0.20056368,-0.09050551,0.20056368,-0.672759
U0185,2,-0.011470046,-0.061130986,-0.011470046,-0.061130986,-0.721019
U0459,2,-0.16324738,0.56598353,-0.16324738,0.56598353,-1.3398181
U0664,2,0.18361267,0.1632573,0.18361267,0.1632573,-0.5945481
U0693,2,-0.2412804,0.15807751,-0.2412804,0.15807751,-0.983113
U0449,7,-1.3608216,-1.1946535,-1.3608216,-1.1946535,-0.84839135
U0421,7,-0.8458452,-0.9713862,-0.8458452,-0.9713862,0.2569149
U0436,7,-0.7451698,-1.2247182,-0.7451698,-1.2247182,0.36656398
U0423,7,-1.1672666,-1.4139982,-1.1672666,-1.4139982,0.04371229
U0763,7,-0.9864806,-1.1711817,-0.9864806,-1.1711817,-0.30603105
U0738,7,-1.1397607,-1.5544288,-1.1397607,-1.5544288,0.10504232
U0542,7,-1.4878368,-1.4576256,-1.4878368,-1.4576256,-0.23211892
U0036,2,0.08699304,0.33994308,0.08699304,0.33994308,-0.23728655
U0538,2,-0.2629424,-0.07740755,-0.2629424,-0.07740755,-0.09868871
U0037,3,-0.08473675,-0.15611298,-0.08473675,-0.15611298,0.91785115
U0644,3,0.05535661,-0.15930486,0.05535661,-0.15930486,0.87603015
U0038,2,-0.10627614,0.24721254,-0.10627614,0.24721254,-0.99652857
U0524,2,-0.004684426,0.44163,-0.004684426,0.44163,-1.0195922
U0440,2,-0.5365667,-0.41403052,-0.5365667,-0.41403052,-0.51270866
U0210,2,0.111735195,0.051814467,0.111735195,0.051814467,-0.99079746
U0572,2,0.46732977,0.5277459,0.46732977,0.5277459,-1.5524808
U0264,2,-0.57539165,-0.44332528,-0.57539165,-0.44332528,-1.1102129
U0713,2,0.24997506,0.6828999,0.24997506,0.6828999,-0.8093575
U0039,7,-1.420693,-0.9678851,-1.420693,-0.9678851,-0.09805982
U0502,7,-1.348167,-1.0784683,-1.348167,-1.0784683,-0.31456304
U0627,7,-1.2147866,-1.5204926,-1.2147866,-1.5204926,-0.12777847
U0254,7,-1.57598,-1.2823064,-1.57598,-1.2823064,-0.45365918
U0040,0,-1.033084,-0.08387149,-1.033084,-0.08387149,1.1410372
U0562,0,-0.7518103,0.007785002,-0.7518103,0.007785002,1.044508
U0698,0,-1.0114979,-0.42306045,-1.0114979,-0.42306045,0.8213317
U0419,0,-1.1102697,0.2022935,-1.1102697,0.2022935,1.1512063
U0859,0,-0.99510086,-0.16024926,-0.99510086,-0.16024926,0.99384946
U0443,0,-1.3773524,-0.6953191,-1.3773524,-0.6953191,1.179443
U0411,0,-0.5892371,0.27842617,-0.5892371,0.27842617,1.6847924
U0876,0,-0.21127875,-0.0139009375,-0.21127875,-0.0139009375,0.77067536
U0390,0,-0.4860987,0.21248427,-0.4860987,0.21248427,1.6055932
U0041,0,-0.43184328,0.15021497,-0.43184328,0.15021497,0.8328043
U0420,0,-1.0387834,0.19828233,-1.0387834,0.19828233,1.4383166
U0183,2,-0.14387919,0.083614156,-0.14387919,0.083614156,-0.17636344
U0672,0,-0.018540483,0.1431132,-0.018540483,0.1431132,1.6278105
U0307,0,-0.66033196,-0.03572175,-0.66033196,-0.03572175,1.3821044
U0299,0,-0.31238386,0.15620176,-0.31238386,0.15620176,1.2470174
U0047,0,-0.91090226,0.23816031,-0.91090226,0.23816031,0.66616774
U0737,0,-0.66476226,-0.41846544,-0.66476226,-0.41846544,0.59462994
U0067,0,-0.054772865,0.30148244,-0.054772865,0.30148244,0.54141253
U0242,0,-0.10376556,-0.15562928,-0.10376556,-0.15562928,0.76337963
U0849,0,-0.682757,0.17261545,-0.682757,0.17261545,1.195397
U0444,0,0.14027068,0.552123,0.14027068,0.552123,1.7528812
U0228,0,-0.8885035,0.07781628,-0.8885035,0.07781628,1.3292555
U0074,0,-1.0639864,0.90530753,-1.0639864,0.90530753,1.1480745
U0042,3,-0.1960708,-0.7492041,-0.1960708,-0.7492041,0.5940993
U0666,3,0.42159697,-0.36325893,0.42159697,-0.36325893,0.85804933
U0587,7,-1.2258284,-1.598929,-1.2258284,-1.598929,0.32922333
U0327,3,0.9752258,-0.2581291,0.9752258,-0.2581291,-0.04617951
U0043,1,-0.6896922,0.15912391,-0.6896922,0.15912391,-0.49025136
U0045,1,-0.8971043,0.7664743,-0.8971043,0.7664743,-0.06041453
U0458,3,-0.11164658,-0.3415783,-0.11164658,-0.3415783,0.40489805
U0044,6,1.5140748,-0.83204913,1.5140748,-0.83204913,-1.182532
U0848,6,1.7493374,-1.0368891,1.7493374,-1.0368891,-0.10289888
U0189,6,1.3004534,-1.231364,1.3004534,-1.231364,-0.7503014
U0590,6,1.7286814,-0.90878344,1.7286814,-0.90878344,-0.67469853
U0723,6,1.3542724,-0.9973641,1.3542724,-0.9973641,-1.2083412
U0774,1,-0.5058833,0.8306943,-0.5058833,0.8306943,-0.6388211
U0050,1,0.1409649,0.4246692,0.1409649,0.4246692,-0.5809068
U0471,1,-0.9448655,0.8379158,-0.9448655,0.8379158,-0.69872093
U0658,1,-0.56392246,0.43247592,-0.56392246,0.43247592,-0.0809219
U0829,1,-0.35165387,0.8851799,-0.35165387,0.8851799,-0.2690783
U0758,1,-0.8557864,0.87713623,-0.8557864,0.87713623,-1.021449
U0719,0,-0.45007685,0.50105906,-0.45007685,0.50105906,1.1721017
U0313,1,-0.7887727,0.8766288,-0.7887727,0.8766288,-0.14977579
U0731,0,-0.40141556,0.6249778,-0.40141556,0.6249778,1.2040868
U0116,2,0.315335,0.23613037,0.315335,0.23613037,-0.81890494
U0230,0,-0.58842635,-0.27761468,-0.58842635,-0.27761468,1.2272242
U0211,0,-0.4069585,0.34992018,-0.4069585,0.34992018,0.84576446
U0850,0,-0.8058921,0.93291694,-0.8058921,0.93291694,0.538144
U0048,3,0.038081866,-0.34931293,0.038081866,-0.34931293,1.411156
U0668,3,-0.1968386,-0.44824556,-0.1968386,-0.44824556,1.3286241
U0049,3,-0.029182129,0.15087731,-0.029182129,0.15087731,1.0981472
U0529,3,0.348915,-1.0171618,0.348915,-1.0171618,0.5315526
U0891,3,0.34199762,-0.45000413,0.34199762,-0.45000413,0.80081046
U0078,3,0.04337551,-0.15254627,0.04337551,-0.15254627,1.4219227
U0591,3,0.051404182,0.19685826,0.051404182,0.19685826,0.37331927
U0552,3,0.45474333,0.1483176,0.45474333,0.1483176,0.86623925
U0121,3,-0.099195406,-0.3509008,-0.099195406,-0.3509008,0.84806377
U0385,3,0.17030491,0.5576018,0.17030491,0.5576018,1.119067
U0830,3,-0.20458868,0.15041639,-0.20458868,0.15041639,0.56978405
U0583,6,1.1115407,-0.27810445,1.1115407,-0.27810445,-0.77463233
U0454,1,-0.3013352,0.7728711,-0.3013352,0.7728711,-0.7330493
U0615,1,-0.57132053,0.413761,-0.57132053,0.413761,-0.82728845
U0335,1,-0.5042465,0.9724054,-0.5042465,0.9724054,-0.6744711
U0784,1,-0.621874,0.07565296,-0.621874,0.07565296,-1.0790927
U0322,1,-0.32904217,0.21993344,-0.32904217,0.21993344,-0.59445995
U0688,7,-0.9741967,-1.4658986,-0.9741967,-1.4658986,-0.2626937
U0270,5,-0.39499554,1.603385,-0.39499554,1.603385,-0.7476888
U0396,6,0.97896284,-0.9360874,0.97896284,-0.9360874,-0.8475177
U0670,6,1.5334407,-1.1154076,1.5334407,-1.1154076,-0.74492633
U0791,6,1.355339,-0.8619148,1.355339,-0.8619148,-0.83223665
U0566,6,1.1693662,-0.91963696,1.1693662,-0.91963696,-1.0851033
U0290,6,1.3365916,-0.58726656,1.3365916,-0.58726656,-1.5153916
U0315,6,0.91054475,-0.8130411,0.91054475,-0.8130411,-0.425632
U0620,6,1.1841344,-0.5187525,1.1841344,-0.5187525,-1.2306821
U0402,6,1.1692085,-0.883169,1.1692085,-0.883169,-0.6111042
U0656,2,0.57405037,-0.34423238,0.57405037,-0.34423238,-0.6294044
U0285,6,1.5278423,-0.82003725,1.5278423,-0.82003725,-0.68700844
U0386,6,1.4378827,-1.0756981,1.4378827,-1.0756981,-0.4451133
U0054,3,-0.21631056,-0.07517023,-0.21631056,-0.07517023,1.2839857
U0272,3,0.111635745,-0.17595242,0.111635745,-0.17595242,0.88450825
U0159,3,-0.18249969,-0.17169632,-0.18249969,-0.17169632,1.1015955
U0840,3,-0.4254002,0.049910434,-0.4254002,0.049910434,1.3319427
U0056,6,0.8582337,-1.4323792,0.8582337,-1.4323792,-0.83271044
U0057,2,-0.14702263,-0.03817731,-0.14702263,-0.03817731,-0.92721415
U0217,2,0.35357407,0.71658754,0.35357407,0.71658754,-1.1631444
U0083,2,0.02302426,0.8632054,0.02302426,0.8632054,-1.1108845
U0356,2,0.08255416,-0.2696163,0.08255416,-0.2696163,-0.67310864
U0838,2,-0.5586381,0.4788105,-0.5586381,0.4788105,-0.5061197
U0401,2,-0.20545729,0.1538674,-0.20545729,0.1538674,-0.8531432
U0303,2,0.10797657,-0.07781534,0.10797657,-0.07781534,-0.85721606
U0764,2,0.31386778,0.13722849,0.31386778,0.13722849,-0.83900714
U0100,2,0.0066533126,0.08191631,0.0066533126,0.08191631,-0.8354539
U0301,2,-0.2993652,0.0302539,-0.2993652,0.0302539,-0.6249023
U0477,2,0.13614105,0.07018158,0.13614105,0.07018158,-0.5005117
U0209,2,0.01059543,0.122325525,0.01059543,0.122325525,-0.7356942
U0058,7,-0.8091669,-0.8662712,-0.8091669,-0.8662712,0.66557777
U0517,7,-1.3199455,-1.1495117,-1.3199455,-1.1495117,0.6422355
U0880,7,-0.5562883,-0.9089429,-0.5562883,-0.9089429,0.1543064
U0231,4,0.6732998,-0.20896712,0.6732998,-0.20896712,0.87883073
U0549,7,-1.6829666,-0.9066802,-1.6829666,-0.9066802,-0.011205338
U0551,7,-1.4116628,-1.1855282,-1.4116628,-1.1855282,-0.08805865
U0893,7,-1.2000618,-1.005726,-1.2000618,-1.005726,0.14105079
U0505,7,-0.9588043,-1.0205762,-0.9588043,-1.0205762,-0.078217424
U0080,7,-1.40073,-0.6808545,-1.40073,-0.6808545,0.22365603
U0059,0,-0.3819039,-0.12314591,-0.3819039,-0.12314591,1.2744954
U0259,3,0.19672877,-0.39187583,0.19672877,-0.39187583,1.3193197
U0302,0,0.006416891,0.20890361,0.006416891,0.20890361,1.5276304
U0555,0,-0.7252085,0.84822714,-0.7252085,0.84822714,1.647041
U0609,0,-0.26572162,0.10614535,-0.26572162,0.10614535,1.7212142
U0674,3,-0.44637915,-0.38453314,-0.44637915,-0.38453314,1.2099937
U0629,0,-0.6192049,-0.40694264,-0.6192049,-0.40694264,0.8997032
U0732,0,-0.64182454,0.44878846,-0.64182454,0.44878846,0.9086268
U0780,0,-1.1901282,-0.5140888,-1.1901282,-0.5140888,1.2839974
U0513,0,-0.56881356,0.22979768,-0.56881356,0.22979768,1.4160702
U0343,6,1.0847758,-0.09212467,1.0847758,-0.09212467,-0.11172272
U0136,0,-0.35845703,0.44189054,-0.35845703,0.44189054,1.6795857
U0334,0,-0.31871584,-0.7508599,-0.31871584,-0.7508599,0.5387111
U0060,5,-0.51145387,0.59826326,-0.51145387,0.59826326,0.0668083
U0819,5,-0.020278323,1.3607323,-0.020278323,1.3607323,-0.8199359
U0703,5,-0.078551784,0.6250988,-0.078551784,0.6250988,-0.43577814
U0531,5,0.037780378,1.1022356,0.037780378,1.1022356,-0.37521273
U0381,5,-0.69351566,1.3354815,-0.69351566,1.3354815,-0.6897211
U0064,5,-0.42881137,1.0958751,-0.42881137,1.0958751,-0.66984004
U0061,5,-0.22465767,1.4961889,-0.22465767,1.4961889,-0.62398356
U0197,5,-0.19480476,0.92458844,-0.19480476,0.92458844,-0.25136155
U0132,5,-0.39555186,2.1325426,-0.39555186,2.1325426,-0.65301967
U0755,5,0.3624876,1.3646986,0.3624876,1.3646986,-0.44067848
U0720,5,-0.33210614,1.5171515,-0.33210614,1.5171515,-0.24442558
U0806,5,-0.5118196,1.096307,-0.5118196,1.096307,-0.6334513
U0249,5,-0.21373463,1.7586808,-0.21373463,1.7586808,-0.60173327
U0617,3,0.44313443,-0.021618202,0.44313443,-0.021618202,1.016085
U0692,3,0.15690424,0.0848462,0.15690424,0.0848462,0.98523813
U0382,3,0.008591618,-0.32172832,0.008591618,-0.32172832,1.0706575
U0818,3,0.42968464,-0.012451557,0.42968464,-0.012451557,1.2379028
U0155,3,0.3625922,-0.06972285,0.3625922,-0.06972285,0.8952902
U0174,3,-0.41989997,-0.0111366715,-0.41989997,-0.0111366715,0.59112275
U0370,3,-0.15472314,-0.27522197,-0.15472314,-0.27522197,1.1877247
U0138,1,-0.900792,0.5959115,-0.900792,0.5959115,0.42266983
U0695,3,0.4325938,-0.044884935,0.4325938,-0.044884935,1.1490146
U0261,3,0.56446224,0.35378125,0.56446224,0.35378125,0.0662031
U0168,3,0.058075048,-0.2108636,0.058075048,-0.2108636,0.59259194
U0744,3,0.046694916,0.20815255,0.046694916,0.20815255,0.8021722
U0225,3,-0.19231445,-0.28739968,-0.19231445,-0.28739968,0.971741
U0894,3,0.13852446,-0.025742909,0.13852446,-0.025742909,0.5443045
U0368,3,0.50879294,-0.24977557,0.50879294,-0.24977557,1.103585
U0294,0,-0.7407146,0.30711374,-0.7407146,0.30711374,1.1188345
U0063,4,1.3830649,0.12608887,1.3830649,0.12608887,1.0379328
U0339,4,2.0189369,0.4001493,2.0189369,0.4001493,0.7861374
U0827,4,1.0459514,0.30230162,1.0459514,0.30230162,0.5396281
U0489,4,1.5402874,0.045912594,1.5402874,0.045912594,0.95104754
U0192,4,1.2109246,-0.22200201,1.2109246,-0.22200201,0.6785339
U0773,4,1.0474496,0.11660468,1.0474496,0.11660468,0.6583992
U0821,1,-0.33571503,0.8014356,-0.33571503,0.8014356,-0.85728836
U0463,5,-0.62724894,0.71291316,-0.62724894,0.71291316,-0.87227863
U0128,5,-0.7427265,1.2587899,-0.7427265,1.2587899,-0.6332432
U0889,5,-0.35072705,1.1427811,-0.35072705,1.1427811,-0.69441265
U0298,5,0.10554814,1.2039987,0.10554814,1.2039987,-0.6317893
U0778,5,-0.5262898,1.4513326,-0.5262898,1.4513326,-0.8491157
U0822,7,-1.4927729,-1.0923249,-1.4927729,-1.0923249,-0.3485613
U0657,7,-1.2801137,-1.3754125,-1.2801137,-1.3754125,0.1361149
U0219,7,-1.3584563,-1.2985723,-1.3584563,-1.2985723,0.12050703
U0814,7,-1.3732063,-1.3135213,-1.3732063,-1.3135213,0.21691793
U0403,7,-1.2077515,-1.2184738,-1.2077515,-1.2184738,-0.15679352
U0297,7,-1.2131584,-0.69739777,-1.2131584,-0.69739777,-0.8308411
U0245,7,-0.7525877,-1.5966998,-0.7525877,-1.5966998,0.25555182
U0202,7,-0.9377701,-1.4373368,-0.9377701,-1.4373368,0.49631083
U0415,7,-1.3150742,-1.1042864,-1.3150742,-1.1042864,-0.3139069
U0151,2,-0.33935758,-0.32038614,-0.33935758,-0.32038614,-0.7020749
U0147,2,0.025736313,0.14866544,0.025736313,0.14866544,-0.9812365
U0432,2,-0.012751982,-0.025417723,-0.012751982,-0.025417723,-0.86716396
U0110,2,0.2860203,0.2414717,0.2860203,0.2414717,-0.7423659
U0704,2,-0.2666963,0.086819746,-0.2666963,0.086819746,-0.83306825
U0305,2,-0.12568663,-0.18654938,-0.12568663,-0.18654938,-0.59115076
U0137,1,-0.74786496,0.8259399,-0.74786496,0.8259399,-0.73172563
U0088,0,-0.5745771,0.3277821,-0.5745771,0.3277821,1.4208
U0391,0,-0.6626286,0.05464907,-0.6626286,0.05464907,1.0994225
U0464,0,-0.175234,0.25123775,-0.175234,0.25123775,1.4957553
U0564,5,-0.34250498,1.1201859,-0.34250498,1.1201859,-0.44695252
U0837,0,-0.12188205,0.19567595,-0.12188205,0.19567595,1.1082677
U0578,0,-0.6891386,0.4580634,-0.6891386,0.4580634,1.4045212
U0770,0,-1.1286435,-0.3461012,-1.1286435,-0.3461012,1.11737
U0736,0,-0.24782002,0.052483276,-0.24782002,0.052483276,0.69580275
U0556,0,-0.75330865,0.46893057,-0.75330865,0.46893057,1.1927438
U0282,0,-0.43330386,0.360598,-0.43330386,0.360598,1.3499537
U0753,0,0.11540702,0.2182008,0.11540702,0.2182008,0.24777992
U0677,0,-0.035049822,0.1473382,-0.035049822,0.1473382,1.4660046
U0865,0,-0.63475,-0.13637045,-0.63475,-0.13637045,1.1873862
U0255,0,-0.085475504,0.23377822,-0.085475504,0.23377822,1.0795306
U0487,0,-0.67920864,0.46670502,-0.67920864,0.46670502,1.2445014
U0697,0,-0.45912483,0.17765592,-0.45912483,0.17765592,0.41807497
U0864,0,0.15818897,-0.39354727,0.15818897,-0.39354727,0.8187293
U0068,3,-0.15969104,-0.10792808,-0.15969104,-0.10792808,1.4611493
U0316,3,-0.05384351,0.20243365,-0.05384351,0.20243365,0.94954455
U0216,3,-0.086564496,-0.23934732,-0.086564496,-0.23934732,1.4412886
U0103,0,-0.029552791,0.3564173,-0.029552791,0.3564173,1.6310871
U0069,4,1.43871,0.90482914,1.43871,0.90482914,0.9528314
U0437,4,0.93423146,0.41500378,0.93423146,0.41500378,1.4754174
U0510,4,1.1197306,0.20892781,1.1197306,0.20892781,0.17709571
U0602,4,1.2230347,0.1654691,1.2230347,0.1654691,1.0924944
U0075,4,1.0399848,0.8942705,1.0399848,0.8942705,1.1742249
U0776,4,1.068998,0.20322151,1.068998,0.20322151,1.0771788
U0598,4,1.4709125,0.3677006,1.4709125,0.3677006,0.6795234
U0870,4,1.0144653,0.193186,1.0144653,0.193186,0.72012526
U0708,4,0.63029855,0.2970837,0.63029855,0.2970837,1.4019316
U0740,4,1.2465005,0.33304867,1.2465005,0.33304867,1.3138264
U0581,4,0.94662887,-0.13206515,0.94662887,-0.13206515,0.3262592
U0314,4,0.95423794,0.4429287,0.95423794,0.4429287,0.60052705
U0881,4,0.9605303,0.64386576,0.9605303,0.64386576,1.3543173
U0618,4,1.1637663,-0.059325054,1.1637663,-0.059325054,0.86316705
U0680,2,0.88992226,0.21639377,0.88992226,0.21639377,-0.18936339
U0355,4,0.87075645,0.17202063,0.87075645,0.17202063,1.1014392
U0633,4,1.6503316,0.1921987,1.6503316,0.1921987,0.30134654
U0597,4,0.7299119,0.39696574,0.7299119,0.39696574,0.76710075
U0684,4,1.1131653,0.82719016,1.1131653,0.82719016,1.161819
U0869,4,0.8607323,0.20868583,0.8607323,0.20868583,-0.11099498
U0086,3,0.2947542,-0.059342854,0.2947542,-0.059342854,1.2421615
U0341,4,0.646331,0.3804521,0.646331,0.3804521,0.6008875
U0269,2,0.43946627,0.5265897,0.43946627,0.5265897,-0.19725429
U0347,2,0.63971287,0.3552227,0.63971287,0.3552227,-0.83246857
U0826,0,-0.7839264,0.43788043,-0.7839264,0.43788043,1.3292526
U0354,0,-0.35347843,0.46557269,-0.35347843,0.46557269,1.337202
U0653,4,0.8116498,0.93085694,0.8116498,0.93085694,0.8333864
U0127,4,1.2044246,0.10335966,1.2044246,0.10335966,1.0780423
U0076,4,1.3410407,0.81851995,1.3410407,0.81851995,0.4725505
U0721,4,1.1375047,0.72965884,1.1375047,0.72965884,0.32273233
U0333,4,0.77994287,1.1177071,0.77994287,1.1177071,0.23999815
U0769,0,-0.720367,0.2807925,-0.720367,0.2807925,0.57076246
U0709,1,-0.8082503,0.515733,-0.8082503,0.515733,-0.4292925
U0169,1,-0.7367898,1.1078194,-0.7367898,1.1078194,-1.0300363
U0649,1,-1.0176847,0.40732518,-1.0176847,0.40732518,-0.24108951
U0679,1,-0.36411622,0.3320169,-0.36411622,0.3320169,-0.18336903
U0079,2,0.21623912,0.31728253,0.21623912,0.31728253,-0.08467217
U0273,3,-0.12465724,-0.14442535,-0.12465724,-0.14442535,0.46243352
U0207,3,0.6624519,-0.3212104,0.6624519,-0.3212104,0.7363636
U0596,3,0.16217278,-0.8175095,0.16217278,-0.8175095,0.35181892
U0238,3,0.3095322,-0.048175044,0.3095322,-0.048175044,0.94496316
U0765,3,0.5260617,-0.3027819,0.5260617,-0.3027819,0.89568114
U0528,3,0.0838936,-0.1745165,0.0838936,-0.1745165,1.1525129
U0352,3,-0.19876105,-0.10046082,-0.19876105,-0.10046082,0.7455141
U0414,3,0.15849914,-0.5027273,0.15849914,-0.5027273,1.2696576
U0133,3,0.07443592,0.3173825,0.07443592,0.3173825,1.0716002
U0277,2,0.25200838,-0.17174336,0.25200838,-0.17174336,-0.659891
U0614,7,-1.2348856,-1.4045079,-1.2348856,-1.4045079,0.2034973
U0082,7,-1.0128613,-0.8421759,-1.0128613,-0.8421759,-0.37882847
U0206,5,-0.49524578,0.8565669,-0.49524578,0.8565669,-1.049458
U0357,7,-1.4526275,-0.86150575,-1.4526275,-0.86150575,0.061409317
U0084,3,0.23488009,-0.7666698,0.23488009,-0.7666698,0.12471625
U0897,6,1.1254165,-1.0780004,1.1254165,-1.0780004,-0.45576674
U0320,3,0.111065134,-0.65727675,0.111065134,-0.65727675,0.6671881
U0175,2,-0.11616427,0.5584351,-0.11616427,0.5584351,-0.7460098
U0250,5,0.12746248,1.3503128,0.12746248,1.3503128,-0.12248202
U0536,5,-0.23656163,1.2840894,-0.23656163,1.2840894,-0.56522113
U0733,5,-0.6374496,1.244243,-0.6374496,1.244243,-0.08642176
U0204,3,-0.42772895,-0.72314835,-0.42772895,-0.72314835,0.7450407
U0087,4,1.466043,0.4957819,1.466043,0.4957819,1.0610523
U0871,4,0.8865656,0.25268447,0.8865656,0.25268447,0.9469251
U0611,0,-0.73272365,-0.14741524,-0.73272365,-0.14741524,1.9629987
U0223,0,-0.89140433,0.89332366,-0.89140433,0.89332366,1.2893623
U0498,0,-0.6840743,0.020277584,-0.6840743,0.020277584,1.2147377
U0483,0,-0.84067017,0.21932213,-0.84067017,0.21932213,1.4239883
U0786,0,-1.102358,-0.09324038,-1.102358,-0.09324038,1.584622
U0148,0,-0.13002822,0.1352471,-0.13002822,0.1352471,1.7910327
U0090,1,-0.48519728,0.6877421,-0.48519728,0.6877421,-0.71674186
U0563,1,-0.697404,1.4148618,-0.697404,1.4148618,-0.8101228
U0686,1,-1.4701282,0.49318358,-1.4701282,0.49318358,-0.5032168
U0522,1,-0.61421674,0.53789544,-0.61421674,0.53789544,-0.513437
U0221,3,-0.40181875,-0.37603706,-0.40181875,-0.37603706,0.25888413
U0805,1,-0.8756044,0.8611167,-0.8756044,0.8611167,-0.9151441
U0091,3,0.18072966,0.081073456,0.18072966,0.081073456,0.76114887
U0707,3,-0.09591809,-0.57953924,-0.09591809,-0.57953924,0.5188152
U0092,1,-0.9327187,0.95549285,-0.9327187,0.95549285,-0.80463123
U0626,1,-1.1384133,0.6826917,-1.1384133,0.6826917,-0.7373932
U0700,1,-0.650882,0.49678728,-0.650882,0.49678728,-1.0403061
U0275,6,1.2070179,-1.3198645,1.2070179,-1.3198645,-0.40742105
U0610,6,1.2648895,-1.0810924,1.2648895,-1.0810924,-0.76420784
U0309,6,1.105999,-0.6780918,1.105999,-0.6780918,-0.77216494
U0196,6,1.3169758,-1.0428283,1.3169758,-1.0428283,-1.0026116
U0705,6,1.5189224,-1.0801216,1.5189224,-1.0801216,-0.6126625
U0408,3,0.11797172,-0.82155377,0.11797172,-0.82155377,0.4970678
U0095,5,0.47728688,0.8330931,0.47728688,0.8330931,-0.65727764
U0825,5,0.2004465,1.2909324,0.2004465,1.2909324,-0.76788735
U0325,5,0.009689029,1.3718162,0.009689029,1.3718162,-0.6056846
U0888,6,1.1935436,-0.36476034,1.1935436,-0.36476034,-1.0815665
U0863,5,0.277184,1.2929097,0.277184,1.2929097,-0.5376507
U0265,5,-0.0068734586,0.917907,-0.0068734586,0.917907,-0.3884278
U0191,5,-0.31837663,1.0971142,-0.31837663,1.0971142,-0.5119285
U0331,5,-0.27232742,1.2350982,-0.27232742,1.2350982,-0.85642755
U0241,5,0.011536457,0.9043895,0.011536457,0.9043895,-0.69041306
U0096,2,0.55384064,0.10988857,0.55384064,0.10988857,-0.3938958
U0715,2,0.32032543,0.19119358,0.32032543,0.19119358,-0.7773587
U0711,2,0.39189374,0.23493914,0.39189374,0.23493914,-0.8065856
U0360,2,0.058538992,0.47022644,0.058538992,0.47022644,-0.75649
U0154,2,0.04765654,0.39865226,0.04765654,0.39865226,-0.7340051
U0097,7,-1.36734,-0.9295316,-1.36734,-0.9295316,-0.50484806
U0625,7,-1.1949261,-1.3075774,-1.1949261,-1.3075774,-0.48364794
U0232,7,-0.9606557,-1.5137131,-0.9606557,-1.5137131,0.0011538453
U0098,3,0.47995204,-0.591821,0.47995204,-0.591821,0.2748034
U0641,3,0.13426846,-0.5809148,0.13426846,-0.5809148,0.6619765
U0099,1,-1.2763499,0.6744766,-1.2763499,0.6744766,-1.1061648
U0521,1,-1.0607811,0.32615083,-1.0607811,0.32615083,-0.5116932
U0337,1,-1.3146333,0.29995584,-1.3146333,0.29995584,-0.9140906
U0319,2,0.32864067,0.14155312,0.32864067,0.14155312,-0.6192366
U0399,2,-0.15262674,0.11862967,-0.15262674,0.11862967,-1.6490618
U0676,2,0.10146478,0.08821933,0.10146478,0.08821933,-0.5549208
U0101,0,-1.0374987,-0.007953538,-1.0374987,-0.007953538,1.1219652
U0540,0,-0.8202766,-0.47872323,-0.8202766,-0.47872323,1.2422446
U0102,0,-0.46021807,0.02501086,-0.46021807,0.02501086,1.2010455
U0446,0,-0.67268234,0.25662214,-0.67268234,0.25662214,1.2092896
U0879,0,-0.7483865,0.00843508,-0.7483865,0.00843508,1.2288356
U0812,0,-0.3896931,0.6103389,-0.3896931,0.6103389,0.87920475
U0648,0,-0.24465844,-0.15470202,-0.24465844,-0.15470202,1.8046145
U0884,0,-0.88593364,0.4857764,-0.88593364,0.4857764,1.9614946
U0348,0,-0.69754446,0.39016515,-0.69754446,0.39016515,1.2654567
U0535,0,-0.6200273,-0.06938507,-0.6200273,-0.06938507,0.93598384
U0741,0,-0.39727792,0.0065722857,-0.39727792,0.0065722857,0.92657715
U0519,5,-0.62790483,0.7040608,-0.62790483,0.7040608,-0.22245614
U0809,0,-1.1275572,0.03321547,-1.1275572,0.03321547,1.1275038
U0817,7,-1.2636815,-1.1455016,-1.2636815,-1.1455016,0.26587662
U0105,1,-0.40046787,0.59667253,-0.40046787,0.59667253,-1.039399
U0324,1,0.009231571,0.6878167,0.009231571,0.6878167,-0.64222366
U0512,6,1.1469939,-0.7103793,1.1469939,-0.7103793,-1.1299956
U0796,1,-0.40081263,0.74762374,-0.40081263,0.74762374,-1.0541571
U0150,1,-0.8476633,-0.12250972,-0.8476633,-0.12250972,-0.8034294
U0866,1,-0.70197564,0.66060084,-0.70197564,0.66060084,-0.8573833
U0635,1,-0.48953858,1.2476115,-0.48953858,1.2476115,-0.8333515
U0632,1,-0.67540234,0.34669122,-0.67540234,0.34669122,-0.53616965
U0789,1,-0.82923496,0.7133537,-0.82923496,0.7133537,-0.8457023
U0201,1,-0.5319061,0.8895457,-0.5319061,0.8895457,-0.41593313
U0885,1,0.43264604,0.509494,0.43264604,0.509494,-1.0438708
U0108,4,1.0201747,0.516526,1.0201747,0.516526,0.13549414
U0280,4,1.2913829,0.26039612,1.2913829,0.26039612,0.7853427
U0479,4,1.328215,0.57074994,1.328215,0.57074994,0.59557956
U0109,0,-1.3779007,-0.08867243,-1.3779007,-0.08867243,1.312356
U0747,1,-0.46420035,0.9746707,-0.46420035,0.9746707,-0.3344422
U0735,0,-0.8313226,0.28686023,-0.8313226,0.28686023,0.8787441
U0468,1,-0.42302427,1.028299,-0.42302427,1.028299,-1.0013598
U0785,1,-0.7698851,0.7474814,-0.7698851,0.7474814,-0.89499825
U0624,1,-0.17285033,0.8884975,-0.17285033,0.8884975,-0.695069
U0193,1,-0.8167602,0.55913067,-0.8167602,0.55913067,-0.3137052
U0851,1,-0.97535014,1.0656195,-0.97535014,1.0656195,-0.04882025
U0286,6,1.0977734,-1.0821131,1.0977734,-1.0821131,-0.93063956
U0115,4,1.4930601,-0.055721194,1.4930601,-0.055721194,0.6835597
U0344,4,1.3974038,0.03269382,1.3974038,0.03269382,1.0510507
U0431,4,1.5748756,0.08405967,1.5748756,0.08405967,0.26278913
U0268,2,-0.22670543,0.068264484,-0.22670543,0.068264484,-1.1649332
U0469,2,0.86729604,0.08302226,0.86729604,0.08302226,-0.4388101
U0237,2,-0.24870554,0.00077418424,-0.24870554,0.00077418424,-1.0604013
U0362,2,0.5181969,0.8383423,0.5181969,0.8383423,-0.9466085
U0599,6,1.2535299,-1.2943453,1.2535299,-1.2943453,-0.97030896
U0501,6,1.1309992,-0.7478308,1.1309992,-0.7478308,-0.76782143
U0588,6,1.1535066,-0.5660788,1.1535066,-0.5660788,-0.856751
U0813,6,1.1311495,-0.24600965,1.1311495,-0.24600965,-1.1986953
U0580,6,1.2470099,-1.1031626,1.2470099,-1.1031626,-0.5270013
U0146,6,1.3274554,-1.1117749,1.3274554,-1.1117749,-0.22913419
U0606,4,1.2693048,0.34242055,1.2693048,0.34242055,0.9752796
U0484,4,1.012967,0.10020858,1.012967,0.10020858,0.83245295
U0330,4,0.4243751,0.11541479,0.4243751,0.11541479,0.53560024
U0568,4,1.7585449,0.12943162,1.7585449,0.12943162,0.46613544
U0823,4,0.8117845,0.49942777,0.8117845,0.49942777,1.9132669
U0499,4,0.5673137,0.39019907,0.5673137,0.39019907,0.22888592
U0120,0,-0.3685029,0.032971248,-0.3685029,0.032971248,1.3899473
U0675,0,-0.7946465,-0.32447258,-0.7946465,-0.32447258,1.4327657
U0426,0,-0.20451811,0.40547398,-0.20451811,0.40547398,1.4885609
U0683,0,-0.3526163,-0.007954316,-0.3526163,-0.007954316,0.7166071
U0724,0,-1.1634375,-0.07671661,-1.1634375,-0.07671661,1.2573769
U0445,0,-0.79082805,-0.03407543,-0.79082805,-0.03407543,1.4486825
U0149,0,-0.4852837,0.47340214,-0.4852837,0.47340214,1.1860448
U0342,3,-0.463614,-0.18034072,-0.463614,-0.18034072,0.489886
U0899,3,0.5813398,-0.49204314,0.5813398,-0.49204314,0.72867477
U0311,3,0.3025352,0.16918793,0.3025352,0.16918793,1.1110964
U0122,6,1.2924703,-1.1897659,1.2924703,-1.1897659,-1.0657493
U0730,6,1.2454405,-1.4991152,1.2454405,-1.4991152,-0.8354153
U0171,7,-1.1851562,-0.975844,-1.1851562,-0.975844,-0.25045735
U0271,4,0.6188498,-0.19628981,0.6188498,-0.19628981,0.7335646
U0126,6,0.87347394,-0.66547894,0.87347394,-0.66547894,-1.0801442
U0722,6,1.2692629,-0.5166475,1.2692629,-0.5166475,-0.8375647
U0616,4,0.61817133,0.5863736,0.61817133,0.5863736,0.5235775
U0762,4,1.2636845,0.24231483,1.2636845,0.24231483,0.88509345
U0167,0,-1.0093046,0.758779,-1.0093046,0.758779,0.49109685
U0839,5,-0.9160577,0.73752767,-0.9160577,0.73752767,-0.33423853
U0761,5,-0.4498068,0.97039026,-0.4498068,0.97039026,-0.69944847
U0493,5,-0.41531643,1.2822514,-0.41531643,1.2822514,-0.30127782
U0754,5,-0.35412776,1.3479527,-0.35412776,1.3479527,-0.34228063
U0687,5,-0.30759957,1.2600683,-0.30759957,1.2600683,-0.10954015
U0794,5,-0.23104642,1.1357384,-0.23104642,1.1357384,-0.6640447
U0605,5,-0.79660046,1.5587718,-0.79660046,1.5587718,-1.0432391
U0405,5,0.1775055,0.48220336,0.1775055,0.48220336,-0.60788053
U0465,7,-1.1534296,-1.1028434,-1.1534296,-1.1028434,0.02435261
U0130,5,-0.47891966,1.346804,-0.47891966,1.346804,0.10568823
U0377,4,1.5154526,0.02930122,1.5154526,0.02930122,0.48170698
U0742,3,-0.13334507,-0.045651674,-0.13334507,-0.045651674,0.47305757
U0256,3,0.09573078,0.43082148,0.09573078,0.43082148,0.8656586
U0534,3,-0.35963646,0.9578097,-0.35963646,0.9578097,0.75458014
U0134,7,-0.5312838,-0.79564154,-0.5312838,-0.79564154,-1.0546907
U0508,7,-1.0529848,-1.2717526,-1.0529848,-1.2717526,-0.40753478
U0600,7,-1.1404142,-0.90108705,-1.1404142,-0.90108705,-0.46987355
U0248,7,-0.5939165,-1.0318754,-0.5939165,-1.0318754,-0.06435137
U0799,0,-0.5361539,0.04287327,-0.5361539,0.04287327,0.542113
U0612,0,-0.9027817,0.7326912,-0.9027817,0.7326912,1.4394569
U0413,0,-1.067195,0.46449032,-1.067195,0.46449032,1.4348618
U0456,1,-1.1763251,0.3640199,-1.1763251,0.3640199,-1.1010997
U0139,5,-0.32430658,1.4179931,-0.32430658,1.4179931,-0.6602489
U0573,5,0.07685536,1.3272487,0.07685536,1.3272487,-0.35130924
U0492,5,-0.18449757,0.60415155,-0.18449757,0.60415155,-1.0307226
U0486,5,-0.31764957,1.0039176,-0.31764957,1.0039176,-0.6293326
U0263,4,1.1230713,0.19455056,1.1230713,0.19455056,0.8798762
U0395,4,1.641793,-0.14561906,1.641793,-0.14561906,0.06416193
U0144,2,0.14288402,0.47626737,0.14288402,0.47626737,-0.4044478
U0453,2,0.07343441,-0.098272346,0.07343441,-0.098272346,-0.49774647
U0145,5,-0.46217814,0.95038366,-0.46217814,0.95038366,-0.9966107
U0557,5,-0.29096922,1.1067318,-0.29096922,1.1067318,-0.014697552
U0604,6,1.2252607,-0.7309352,1.2252607,-0.7309352,-0.4336276
U0336,6,1.6860843,-0.9733825,1.6860843,-0.9733825,-0.7028277
U0455,6,1.5799488,-1.0229462,1.5799488,-1.0229462,-0.98201007
U0752,1,-0.885,1.3216797,-0.885,1.3216797,0.22225103
U0532,0,-0.47419205,0.049125433,-0.47419205,0.049125433,1.5800772
U0593,0,-0.8942434,0.6271937,-0.8942434,0.6271937,1.4365119
U0363,0,-0.6206798,0.6108443,-0.6206798,0.6108443,1.1650237
U0548,0,-0.48411316,0.45384374,-0.48411316,0.45384374,1.3880582
U0878,0,-0.9968883,0.11939313,-0.9968883,0.11939313,0.8878572
U0807,0,-0.36470452,0.29779726,-0.36470452,0.29779726,1.8418386
U0406,0,-0.70474684,0.33670092,-0.70474684,0.33670092,1.4961927
U0877,2,-0.24141371,-0.48135704,-0.24141371,-0.48135704,-0.7750466
U0553,2,0.09564999,0.29556486,0.09564999,0.29556486,-0.8224599
U0570,2,0.054120455,-0.40292367,0.054120455,-0.40292367,-0.79624456
U0701,2,-0.43237156,0.09101073,-0.43237156,0.09101073,-0.8108446
U0836,2,-0.20864892,0.074478306,-0.20864892,0.074478306,-0.66731167
U0835,7,-1.352333,-1.3778005,-1.352333,-1.3778005,-0.31675905
U0288,7,-1.0743997,-1.4379483,-1.0743997,-1.4379483,0.20793815
U0543,7,-1.3528515,-1.4571233,-1.3528515,-1.4571233,0.17449337
U0855,7,-1.431968,-1.2268468,-1.431968,-1.2268468,-0.16755405
U0439,3,0.63905966,-0.49637878,0.63905966,-0.49637878,1.0650201
U0258,4,1.0635995,0.2504922,1.0635995,0.2504922,0.5089918
U0257,4,1.2467073,0.31878874,1.2467073,0.31878874,0.1348643
U0163,6,1.1724057,-1.1017377,1.1724057,-1.1017377,-0.89251655
U0760,6,1.3138325,-0.8110712,1.3138325,-0.8110712,-0.32634705
U0164,5,-0.41654152,1.0405555,-0.41654152,1.0405555,-0.70131236
U0857,5,-0.31612912,1.2393978,-0.31612912,1.2393978,-0.45169675
U0844,4,1.4202222,0.085451275,1.4202222,0.085451275,0.0360878
U0856,7,-0.91881573,-1.707683,-0.91881573,-1.707683,0.15533426
U0639,3,0.63551116,0.044508956,0.63551116,0.044508956,1.2063205
U0198,3,0.24290803,-0.33303902,0.24290803,-0.33303902,1.2872972
U0554,3,0.31075597,-0.17855603,0.31075597,-0.17855603,0.88171375
U0170,2,0.023331616,0.58140343,0.023331616,0.58140343,-0.8047862
U0694,7,-1.0102897,-1.6155139,-1.0102897,-1.6155139,-0.0094299875
U0279,3,0.2853417,-0.7165707,0.2853417,-0.7165707,0.2706512
U0176,3,0.5378684,-0.09240027,0.5378684,-0.09240027,0.36843204
U0361,1,-0.0040954985,0.75115883,-0.0040954985,0.75115883,-0.1820436
U0177,0,-0.79956025,0.5527966,-0.79956025,0.5527966,1.8262448
U0643,0,-0.5671472,0.5837251,-0.5671472,0.5837251,1.8838048
U0645,7,-1.2042825,-1.8826085,-1.2042825,-1.8826085,-0.034685083
U0430,7,-1.6940085,-1.1511325,-1.6940085,-1.1511325,-0.851169
U0824,7,-1.5180472,-0.9808003,-1.5180472,-0.9808003,-0.3142581
U0745,7,-1.4129523,-0.5763062,-1.4129523,-0.5763062,0.021606289
U0646,1,-0.7894536,0.32256055,-0.7894536,0.32256055,-0.8742881
U0328,1,-1.1226535,1.0062494,-1.1226535,1.0062494,-0.5227789
U0182,4,1.1795906,0.093865655,1.1795906,0.093865655,0.44436347
U0892,4,1.3358375,0.3666891,1.3358375,0.3666891,0.2560193
U0771,4,1.1529628,0.032225385,1.1529628,0.032225385,0.94551057
U0214,6,1.2690365,-0.50101393,1.2690365,-0.50101393,-0.60511047
U0861,5,0.05065055,1.401881,0.05065055,1.401881,-0.71667135
U0418,4,0.7751291,0.35072798,0.7751291,0.35072798,0.6485766
U0187,6,1.2109915,-0.7693489,1.2109915,-0.7693489,-0.7257948
U0630,6,1.370963,-0.26839253,1.370963,-0.26839253,-0.9282656
U0251,6,1.3554959,-0.7382937,1.3554959,-0.7382937,-0.64718485
U0571,6,1.288074,-0.34068164,1.288074,-0.34068164,-0.51455945
U0652,2,0.49463198,0.13507368,0.49463198,0.13507368,-0.25737488
U0500,6,1.2162606,-1.3311095,1.2162606,-1.3311095,-0.86078346
U0739,5,-0.22996497,1.5443175,-0.22996497,1.5443175,-0.7412526
U0462,5,-0.5485467,1.2801094,-0.5485467,1.2801094,-0.7706549
U0801,5,-0.16094187,1.881605,-0.16094187,1.881605,-0.45900762
U0485,6,1.608824,-1.1155624,1.608824,-1.1155624,-0.08255638
U0585,4,1.1890419,-0.1056162,1.1890419,-0.1056162,0.854395
U0546,4,1.1236916,-0.32578424,1.1236916,-0.32578424,0.5941817
U0717,4,0.96312153,0.17891526,0.96312153,0.17891526,0.93314034
U0393,5,-0.25750205,0.9411235,-0.25750205,0.9411235,-1.0166477
U0883,6,1.2939534,-0.6874507,1.2939534,-0.6874507,-0.9647853
U0846,5,-0.25932628,1.4004529,-0.25932628,1.4004529,-0.9013312
U0852,0,-0.11781533,0.24708481,-0.11781533,0.24708481,0.5077398
U0033,3,-0.30021247,-0.9222558,-0.30021247,-0.9222558,1.1051618
U0199,4,1.1267065,0.67580104,1.1267065,0.67580104,0.011209518
U0212,4,1.3948358,0.5124865,1.3948358,0.5124865,0.59275556
U0804,4,1.610596,-0.025917,1.610596,-0.025917,-0.18710956
U0200,7,-0.14009142,-1.4534106,-0.14009142,-1.4534106,0.29563242
U0651,7,-1.0077376,-1.0452325,-1.0077376,-1.0452325,-0.106064335
U0886,7,-1.5891907,-1.2443551,-1.5891907,-1.2443551,-0.33440608
U0435,2,0.6140502,0.45362985,0.6140502,0.45362985,-0.74594134
U0790,2,-0.08206262,-0.40162626,-0.08206262,-0.40162626,-0.7217656
U0854,4,0.96889037,0.31458604,0.96889037,0.31458604,0.9620263
U0515,4,0.86851656,0.37896037,0.86851656,0.37896037,0.95179737
U0260,4,1.1523204,0.16917221,1.1523204,0.16917221,0.98382926
U0379,4,1.3347844,0.54944634,1.3347844,0.54944634,0.58142674
U0233,6,0.7329327,-0.4337615,0.7329327,-0.4337615,0.01788184
U0725,1,-0.5762216,0.5002992,-0.5762216,0.5002992,-0.6531005
U0388,1,-0.9826134,1.4405646,-0.9826134,1.4405646,-0.40466768
U0797,1,-0.707394,0.82239825,-0.707394,0.82239825,-0.14006644
U0662,3,-0.124720976,0.10259652,-0.124720976,0.10259652,0.90013194
U0803,0,-0.88546085,0.050510585,-0.88546085,0.050510585,1.2279403
U0229,5,0.03683788,0.73562,0.03683788,0.73562,-0.29472673
U0831,4,0.5270448,0.33539727,0.5270448,0.33539727,0.48546684
U0832,6,1.3136556,-0.52188134,1.3136556,-0.52188134,-1.0762242
U0247,0,-0.42947155,0.04156381,-0.42947155,0.04156381,1.0320652
U0235,7,-1.1567258,-1.2884876,-1.1567258,-1.2884876,-0.27599794
U0793,3,-0.120469645,-0.535942,-0.120469645,-0.535942,0.020472698
U0400,5,-0.2612137,0.7684817,-0.2612137,0.7684817,-0.41474777
U0565,0,-0.5889698,0.11431893,-0.5889698,0.11431893,1.1171198
U0243,6,0.80404776,-1.2662016,0.80404776,-1.2662016,-1.0738394
U0716,1,-0.83413863,0.7625837,-0.83413863,0.7625837,-0.9015091
U0514,7,-0.8104225,-0.8606632,-0.8104225,-0.8606632,0.27481896
U0412,0,-0.38898793,-0.02286239,-0.38898793,-0.02286239,1.3585466
U0873,0,-0.5484321,-0.057183087,-0.5484321,-0.057183087,1.4130495
U0696,7,-1.4986743,-0.8684824,-1.4986743,-0.8684824,-0.6230798
U0816,5,-0.33886606,1.6195651,-0.33886606,1.6195651,-0.25149244
U0868,5,-0.04870231,0.76053095,-0.04870231,0.76053095,-0.3289652
U0574,7,-1.2453269,-1.4634295,-1.2453269,-1.4634295,-0.6036559
U0345,4,1.0913417,0.5314358,1.0913417,0.5314358,0.27095377
U0262,6,1.0988657,-0.86995196,1.0988657,-0.86995196,-0.4641323
U0726,4,0.61526376,-0.4300994,0.61526376,-0.4300994,0.40080625
U0371,4,1.1099327,0.000861546,1.1099327,0.000861546,0.51949334
U0424,4,0.84636563,0.30963677,0.84636563,0.30963677,1.0022603
U0636,2,-0.57620037,0.38032106,-0.57620037,0.38032106,-0.01621952
U0781,2,0.75376725,0.52375317,0.75376725,0.52375317,0.04792649
U0678,5,-0.120158,0.8225223,-0.120158,0.8225223,-0.66138357
U0473,5,-0.3359892,1.9121125,-0.3359892,1.9121125,-0.8128704
U0681,3,0.6461944,-0.6501376,0.6461944,-0.6501376,0.8719604
U0718,3,-0.094588414,0.09892526,-0.094588414,0.09892526,0.3491379
U0274,5,-0.4637552,1.1597885,-0.4637552,1.1597885,-0.75319445
U0475,5,-0.57230186,0.6543348,-0.57230186,0.6543348,-0.5658234
U0783,5,-0.19017874,1.2809417,-0.19017874,1.2809417,-0.5329299
U0278,0,-0.5910046,0.11995017,-0.5910046,0.11995017,1.1073233
U0779,4,1.6935625,0.45647317,1.6935625,0.45647317,0.66476285
U0660,7,-0.9197579,-1.6818488,-0.9197579,-1.6818488,-0.85766137
U0398,6,1.5464072,-0.8849689,1.5464072,-0.8849689,-1.103187
U0308,5,0.034069,1.1440439,0.034069,1.1440439,-0.55208665
U0621,6,1.199332,-0.81462085,1.199332,-0.81462085,-0.7496253
U0607,6,1.4637731,-1.3905779,1.4637731,-1.3905779,-0.92505985
U0685,6,1.3545727,-0.8549839,1.3545727,-0.8549839,-0.6639461
U0292,1,-0.81716424,0.38920304,-0.81716424,0.38920304,-0.29500902
U0815,1,-0.47086087,0.55439717,-0.47086087,0.55439717,-0.3794858
U0847,0,-0.1480522,0.4537685,-0.1480522,0.4537685,0.70251995
U0637,5,0.84201044,0.9652612,0.84201044,0.9652612,-0.9632296
U0504,5,-0.178433,1.5258201,-0.178433,1.5258201,-0.7606894
U0631,7,-1.2716223,-1.5775468,-1.2716223,-1.5775468,0.2863673
U0470,4,0.74576086,-0.86674565,0.74576086,-0.86674565,0.22917487
U0434,6,1.2283167,-0.49985692,1.2283167,-0.49985692,-0.37643456
U0428,7,-0.51372194,-1.18325,-0.51372194,-1.18325,-0.7375325
U0312,3,0.5828942,-0.3268469,0.5828942,-0.3268469,0.48238218
U0318,1,-0.66563123,1.2715796,-0.66563123,1.2715796,-0.07300151
U0890,4,1.7965766,0.20051987,1.7965766,0.20051987,0.8685004
U0326,3,0.67105436,-0.1170906,0.67105436,-0.1170906,0.84485304
U0425,5,-0.057334322,0.97821444,-0.057334322,0.97821444,-0.9349251
U0472,5,-0.19393514,1.3951406,-0.19393514,1.3951406,-0.8220255
U0338,0,-0.19470789,0.33961153,-0.19470789,0.33961153,0.926179
U0340,2,0.36941108,0.43486926,0.36941108,0.43486926,-0.6202871
U0661,6,1.8261538,-0.2134073,1.8261538,-0.2134073,-0.65458304
U0729,0,-0.86269766,0.24010023,-0.86269766,0.24010023,1.3461424
U0349,6,1.7566684,-0.7776316,1.7566684,-0.7776316,-0.64324605
U0541,6,0.897102,-1.3724321,0.897102,-1.3724321,-0.42998624
U0665,7,-1.5359178,-1.5763186,-1.5359178,-1.5763186,-0.37001818
U0364,7,-1.2682645,-0.81042176,-1.2682645,-0.81042176,-0.6945824
U0667,5,0.104356304,1.2283316,0.104356304,1.2283316,-0.5966921
U0372,5,-0.30282077,1.2952311,-0.30282077,1.2952311,-0.23319148
U0373,0,-0.47231373,0.3591909,-0.47231373,0.3591909,1.3471639
U0375,4,1.5045732,0.45416167,1.5045732,0.45416167,0.9491141
U0384,4,1.3073435,-0.13259687,1.3073435,-0.13259687,0.6860439
U0387,3,0.23484033,0.07273691,0.23484033,0.07273691,1.1237992
U0858,0,-1.2073236,0.8705517,-1.2073236,0.8705517,1.026638
U0728,4,0.7226319,0.40970033,0.7226319,0.40970033,0.46471554
U0576,0,-0.7295518,0.5392696,-0.7295518,0.5392696,1.6991712
U0594,6,0.786056,-0.88260466,0.786056,-0.88260466,-0.72444135
U0787,6,0.9611019,0.43277913,0.9611019,0.43277913,-0.90426576
U0441,4,1.2824959,0.17759424,1.2824959,0.17759424,0.8317575
U0460,1,-0.72626173,0.59460056,-0.72626173,0.59460056,-0.6916973
U0802,7,-1.2064939,-1.6395153,-1.2064939,-1.6395153,0.27003065
U0482,5,-0.19534023,1.3958983,-0.19534023,1.3958983,-0.51491475
U0795,5,-0.39785457,1.3066196,-0.39785457,1.3066196,-0.65559924
U0655,5,-0.45088258,1.3471811,-0.45088258,1.3471811,-0.8039415
U0525,5,-0.4274511,1.5376807,-0.4274511,1.5376807,-0.72489524
U0622,2,-0.36765516,-0.25465882,-0.36765516,-0.25465882,-0.89057004
U0691,6,1.4927562,-0.18620904,1.4927562,-0.18620904,-0.76943374
U0749,3,-0.03057203,-0.13761616,-0.03057203,-0.13761616,0.84092927
U0767,3,0.27651742,-0.5181928,0.27651742,-0.5181928,0.13742125
