startUserId,endStoryId,at
U0667,S0001,2026-02-14T15:12:44
U0083,S0001,2025-12-25T05:30:28
U0454,S0001,2026-02-15T19:48:05
U0157,S0001,2025-12-25T02:33:29
U0693,S0001,2026-03-22T19:59:53
U0216,S0002,2024-12-11T20:04:14
U0300,S0002,2025-02-03T11:23:59
U0207,S0002,2025-06-14T08:01:02
U0662,S0002,2025-12-13T21:29:59
U0591,S0002,2024-12-11T19:05:34
U0840,S0002,2025-05-04T06:30:56
U0534,S0002,2025-04-24T11:50:49
U0641,S0002,2024-12-11T12:09:30
U0844,S0003,2025-05-20T03:44:31
U0208,S0003,2025-05-03T14:33:59
U0870,S0003,2025-05-03T03:21:52
U0523,S0004,2025-10-13T18:18:05
U0721,S0004,2026-03-02T17:24:28
U0206,S0005,2026-03-28T07:59:16
U0380,S0005,2026-03-29T04:49:42
U0519,S0005,2026-03-29T02:54:58
U0754,S0005,2026-03-28T22:15:54
U0536,S0005,2026-03-28T21:22:15
U0241,S0005,2026-03-29T02:22:50
U0811,S0005,2026-03-28T12:08:56
U0663,S0005,2026-03-28T20:12:21
U0372,S0005,2026-03-28T19:10:07
U0210,S0006,2025-11-05T12:19:01
U0492,S0006,2025-11-05T23:54:21
U0645,S0007,2026-03-05T18:21:48
U0362,S0007,2026-03-05T10:27:46
U0242,S0007,2026-03-05T13:52:01
U0378,S0007,2026-03-05T10:36:11
U0543,S0007,2026-03-06T02:05:45
U0838,S0007,2026-03-05T15:17:05
U0526,S0008,2026-01-02T19:23:14
U0501,S0008,2026-01-03T00:59:52
U0772,S0008,2026-01-03T04:31:46
U0093,S0008,2026-01-02T12:54:20
U0205,S0008,2026-01-03T00:21:11
U0438,S0008,2026-01-03T03:26:34
U0106,S0009,2025-06-20T17:51:45
U0048,S0009,2025-06-20T07:07:02
U0830,S0009,2025-06-20T19:30:47
U0639,S0009,2025-06-21T01:14:58
U0374,S0009,2026-01-01T00:47:50
U0326,S0009,2026-02-04T13:06:59
U0042,S0009,2025-06-20T20:32:36
U0793,S0009,2025-08-23T21:24:22
U0869,S0010,2025-10-12T09:38:48
U0689,S0010,2026-01-29T23:43:40
U0158,S0010,2025-11-27T10:41:24
U0768,S0010,2025-10-12T03:19:52
U0077,S0010,2025-10-12T03:15:06
U0660,S0010,2025-10-12T10:32:12
U0632,S0010,2025-10-11T16:35:50
U0658,S0010,2026-02-14T21:02:46
U0220,S0010,2025-10-12T05:23:03
U0823,S0010,2025-10-12T06:58:44
U0853,S0011,2025-11-01T03:47:53
U0309,S0011,2024-08-18T00:45:03
U0029,S0011,2024-08-18T10:29:00
U0648,S0012,2025-10-15T00:26:41
U0363,S0012,2025-10-14T22:52:46
U0780,S0012,2025-10-14T14:01:16
U0064,S0013,2024-10-17T09:33:14
U0733,S0013,2025-05-23T08:53:00
U0605,S0013,2026-03-27T11:04:13
U0260,S0014,2025-07-22T08:02:31
U0616,S0014,2025-07-22T21:53:40
U0567,S0014,2025-07-22T04:55:22
U0740,S0014,2025-07-22T04:06:06
U0628,S0014,2026-03-26T20:58:27
U0662,S0015,2026-03-06T11:28:57
U0267,S0015,2026-03-06T10:47:27
U0106,S0015,2026-03-06T13:28:46
U0537,S0015,2026-03-06T08:07:36
U0662,S0016,2025-12-13T21:30:31
U0037,S0016,2026-02-22T10:40:51
U0765,S0016,2025-08-19T09:55:57
U0838,S0017,2025-12-13T18:50:57
U0185,S0017,2026-01-27T19:14:48
U0680,S0017,2025-12-14T04:51:40
U0671,S0017,2025-12-13T10:26:22
U0227,S0018,2025-06-25T02:14:16
U0027,S0018,2025-12-18T19:56:02
U0019,S0018,2025-06-25T16:23:48
U0021,S0018,2025-06-25T14:40:39
U0522,S0018,2025-06-24T21:25:37
U0789,S0018,2025-09-22T17:33:27
U0017,S0018,2025-06-25T04:58:41
U0172,S0018,2025-06-24T20:13:52
U0108,S0018,2025-06-25T12:49:51
U0304,S0019,2026-02-26T22:49:32
U0447,S0019,2026-02-27T14:25:38
U0066,S0019,2026-02-27T15:06:44
U0898,S0019,2026-03-30T07:54:10
U0782,S0019,2026-02-27T14:46:41
U0096,S0019,2026-02-27T11:44:33
U0036,S0019,2026-02-27T08:07:46
U0438,S0020,2025-11-06T18:41:53
U0291,S0020,2025-11-07T03:21:39
U0797,S0021,2025-04-15T15:30:58
U0026,S0021,2025-06-08T01:38:35
U0313,S0021,2026-02-15T16:15:46
U0227,S0021,2025-04-14T23:03:38
U0626,S0021,2026-03-10T05:45:02
U0716,S0021,2025-08-16T20:00:55
U0796,S0021,2025-04-14T22:35:46
U0688,S0022,2025-08-15T01:39:57
U0543,S0022,2025-10-15T03:32:14
U0097,S0022,2026-03-12T11:40:35
U0202,S0022,2025-08-14T14:59:40
U0886,S0022,2026-02-04T02:45:59
U0296,S0022,2025-08-14T21:13:20
U0415,S0022,2025-08-14T11:15:12
U0171,S0022,2026-02-17T01:06:12
U0125,S0022,2025-08-14T10:28:27
U0080,S0022,2026-02-10T09:38:03
U0609,S0023,2025-12-19T02:00:32
U0565,S0023,2025-12-19T18:53:04
U0103,S0023,2025-12-19T22:31:30
U0735,S0023,2025-12-19T22:05:24
U0483,S0023,2025-12-19T03:55:36
U0659,S0024,2026-02-25T14:13:06
U0406,S0024,2026-02-25T15:34:05
U0803,S0024,2026-02-25T10:44:43
U0241,S0025,2024-04-15T12:20:51
U0590,S0025,2024-04-11T03:49:55
U0531,S0025,2025-07-04T18:38:48
U0826,S0025,2024-11-16T13:27:15
U0387,S0026,2026-01-24T17:36:51
U0121,S0026,2024-11-03T04:58:31
U0168,S0027,2026-02-04T09:47:20
U0098,S0027,2026-02-05T00:56:16
U0312,S0027,2026-02-04T15:22:44
U0894,S0027,2026-02-04T13:40:23
U0352,S0027,2026-02-04T23:49:09
U0537,S0027,2026-02-04T07:26:22
U0475,S0028,2026-02-11T15:48:46
U0637,S0028,2026-02-12T03:08:06
U0690,S0028,2026-02-12T07:51:32
U0412,S0028,2026-02-11T19:13:24
U0766,S0028,2026-02-12T01:18:17
U0473,S0028,2026-03-01T19:47:09
U0075,S0028,2026-02-11T13:33:39
U0343,S0028,2026-02-12T06:00:21
U0734,S0028,2026-02-11T14:21:34
U0453,S0028,2026-02-12T07:58:42
U0146,S0029,2026-01-19T15:03:51
U0751,S0029,2026-01-19T13:17:52
U0526,S0029,2026-01-19T11:53:49
U0620,S0029,2026-01-19T03:30:59
U0610,S0029,2026-01-19T06:22:49
U0580,S0029,2026-01-19T21:32:27
U0485,S0029,2026-01-19T14:59:12
U0888,S0029,2026-01-19T06:55:54
U0566,S0029,2026-01-19T09:01:12
U0748,S0030,2025-12-19T10:51:23
U0577,S0030,2026-02-04T04:34:37
U0423,S0030,2025-03-02T09:35:41
U0732,S0030,2025-07-12T19:02:36
U0838,S0030,2025-03-02T09:58:45
U0472,S0031,2025-07-12T00:42:22
U0811,S0031,2025-07-11T18:14:09
U0184,S0032,2025-08-30T09:49:31
U0819,S0032,2025-08-30T09:32:06
U0511,S0033,2026-01-05T17:43:22
U0422,S0033,2026-01-06T00:30:11
U0541,S0034,2026-02-26T02:50:13
U0344,S0034,2026-02-26T04:45:50
U0168,S0034,2026-02-26T19:25:05
U0625,S0034,2026-02-26T18:55:29
U0268,S0034,2026-02-26T20:51:51
U0693,S0035,2026-03-22T19:59:22
U0119,S0035,2025-06-12T23:43:04
U0701,S0035,2024-11-08T03:33:28
U0790,S0035,2025-06-13T22:55:02
U0305,S0035,2025-07-09T00:49:30
U0828,S0035,2026-02-19T18:47:46
U0399,S0035,2025-10-06T12:40:17
U0681,S0036,2026-03-10T11:44:52
U0724,S0036,2026-01-20T03:44:49
U0370,S0036,2024-06-17T18:16:52
U0070,S0036,2025-02-07T21:26:48
U0552,S0036,2024-06-18T03:27:33
U0558,S0036,2024-06-18T08:09:04
U0260,S0037,2026-03-20T20:54:57
U0379,S0037,2026-03-20T19:03:24
U0087,S0037,2026-03-20T23:51:13
U0684,S0037,2026-03-20T17:51:31
U0330,S0037,2026-03-21T11:38:36
U0669,S0037,2026-03-20T17:01:13
U0115,S0037,2026-03-21T02:50:35
U0666,S0038,2026-03-11T16:43:15
U0891,S0038,2026-03-11T22:26:11
U0168,S0038,2026-03-11T17:54:37
U0830,S0038,2026-03-11T18:04:13
U0174,S0038,2026-03-11T07:27:11
U0687,S0039,2025-05-02T00:04:37
U0295,S0039,2026-01-05T08:23:43
U0291,S0039,2025-05-02T08:56:41
U0206,S0039,2025-06-02T08:39:56
U0404,S0039,2025-05-03T11:22:08
U0462,S0039,2025-05-02T17:42:34
U0352,S0040,2025-12-10T16:13:25
U0856,S0040,2025-12-10T13:21:08
U0705,S0040,2025-12-09T20:17:44
U0665,S0041,2026-03-24T07:37:14
U0219,S0041,2026-03-24T07:57:46
U0822,S0041,2026-03-24T03:10:19
U0082,S0041,2026-03-24T06:54:01
U0287,S0041,2026-03-24T18:46:31
U0619,S0041,2026-03-24T06:09:15
U0436,S0041,2026-03-24T18:22:28
U0465,S0041,2026-03-24T08:50:48
U0021,S0041,2026-03-25T02:38:15
U0104,S0041,2026-03-24T07:07:00
U0307,S0042,2026-02-16T20:42:47
U0770,S0042,2026-02-16T11:47:00
U0446,S0042,2026-02-23T04:54:04
U0373,S0042,2026-02-16T11:14:23
U0562,S0042,2026-02-16T21:01:08
U0809,S0042,2026-02-16T13:26:28
U0353,S0043,2025-04-21T12:18:09
U0520,S0043,2026-02-07T01:07:36
U0291,S0043,2025-04-21T21:37:58
U0056,S0043,2025-04-21T16:05:54
U0093,S0043,2025-06-12T07:20:49
U0429,S0043,2025-05-29T20:17:33
U0471,S0044,2026-01-02T02:49:32
U0215,S0044,2026-01-01T22:48:29
U0586,S0044,2026-01-01T17:26:18
U0318,S0044,2026-01-02T02:10:30
U0045,S0044,2026-01-02T10:05:56
U0601,S0044,2026-01-02T13:06:50
U0201,S0044,2026-01-01T16:45:06
U0750,S0044,2026-01-01T23:39:55
U0516,S0044,2026-01-02T05:04:00
U0735,S0045,2025-11-26T05:34:12
U0179,S0045,2026-02-26T23:00:06
U0503,S0045,2026-02-01T11:11:59
U0189,S0045,2025-04-23T12:59:06
U0472,S0045,2025-04-22T22:17:24
U0594,S0045,2025-06-18T05:42:47
U0355,S0045,2025-04-23T07:27:41
U0108,S0045,2025-05-21T13:16:46
U0895,S0045,2025-04-23T02:54:47
U0523,S0046,2026-01-22T03:20:12
U0739,S0046,2026-01-22T05:00:34
U0663,S0046,2026-01-22T04:36:46
U0889,S0046,2026-01-21T09:35:14
U0343,S0047,2025-01-20T23:38:36
U0788,S0047,2025-01-21T17:05:20
U0093,S0047,2025-06-12T07:20:52
U0481,S0047,2025-01-21T08:36:35
U0396,S0047,2025-09-21T04:52:10
U0485,S0047,2025-01-21T04:29:51
U0122,S0047,2025-07-01T19:53:51
U0349,S0047,2025-01-21T13:42:24
U0612,S0048,2025-10-09T16:21:37
U0223,S0048,2025-10-09T04:27:19
U0556,S0048,2024-12-30T05:04:09
U0675,S0048,2024-09-28T13:12:10
U0769,S0048,2025-06-17T09:43:11
U0294,S0048,2026-02-27T18:26:50
U0629,S0048,2025-06-15T01:04:46
U0205,S0049,2025-11-18T14:40:24
U0336,S0049,2025-11-19T01:44:33
U0897,S0049,2025-11-18T06:58:32
U0011,S0049,2025-11-18T16:10:35
U0239,S0049,2026-03-29T10:41:40
U0349,S0049,2025-11-19T01:37:21
U0509,S0049,2025-11-19T02:32:21
U0266,S0049,2025-11-19T00:12:04
U0571,S0049,2026-01-29T14:37:51
U0638,S0050,2025-08-22T19:00:49
U0134,S0050,2026-02-26T09:32:05
U0281,S0050,2024-10-10T15:35:25
U0001,S0050,2024-10-10T18:05:36
U0856,S0050,2025-04-01T01:11:18
U0248,S0050,2024-10-10T06:50:51
U0423,S0050,2024-10-11T11:05:57
U0527,S0050,2026-02-25T09:20:08
U0745,S0050,2024-10-15T14:40:14
U0663,S0051,2025-11-14T16:13:17
U0868,S0051,2025-11-14T23:28:22
U0085,S0051,2025-11-15T07:23:46
U0249,S0051,2025-11-15T09:39:40
U0603,S0051,2025-11-15T02:29:58
U0473,S0051,2026-03-01T19:47:18
U0745,S0052,2025-10-10T10:14:42
U0587,S0052,2025-10-20T18:33:05
U0051,S0052,2025-10-10T06:06:01
U0822,S0052,2026-03-10T03:20:44
U0614,S0052,2025-10-10T06:26:57
U0097,S0052,2026-03-12T11:40:23
U0178,S0052,2026-01-08T09:14:36
U0208,S0052,2025-10-10T11:40:10
U0514,S0052,2025-10-09T21:48:53
U0359,S0053,2025-12-31T19:06:44
U0445,S0053,2025-10-07T20:28:07
U0741,S0053,2025-10-08T03:49:51
U0769,S0053,2025-10-08T15:54:38
U0047,S0053,2025-10-08T08:26:51
U0812,S0053,2025-10-08T09:51:55
U0412,S0053,2025-10-08T03:42:27
U0498,S0053,2025-10-08T15:18:26
U0852,S0053,2025-11-28T12:58:57
U0513,S0053,2026-03-06T09:07:44
U0385,S0054,2025-11-19T14:37:26
U0587,S0054,2025-11-19T11:16:42
U0449,S0054,2026-03-13T11:41:16
U0384,S0054,2025-11-19T17:14:30
U0327,S0054,2025-11-19T16:53:57
U0879,S0054,2025-11-19T22:16:26
U0210,S0054,2025-11-19T03:08:35
U0729,S0054,2025-11-19T11:54:03
U0299,S0054,2026-02-02T03:27:58
U0203,S0054,2025-11-19T11:02:37
U0232,S0055,2025-09-27T17:05:24
U0505,S0055,2025-09-28T05:32:32
U0089,S0055,2026-03-12T21:01:55
U0833,S0056,2026-02-18T12:25:23
U0409,S0056,2026-02-18T07:05:12
U0503,S0056,2026-02-17T22:26:44
U0332,S0056,2026-02-17T22:25:07
U0135,S0056,2026-03-18T03:25:29
U0651,S0056,2026-02-18T08:26:45
U0450,S0056,2026-02-18T07:43:36
U0788,S0057,2024-07-30T03:40:10
U0418,S0057,2024-07-08T17:13:07
U0098,S0057,2024-07-30T20:13:34
U0024,S0057,2025-10-12T16:33:11
U0819,S0057,2024-07-08T13:41:58
U0874,S0057,2024-12-20T15:07:24
U0320,S0057,2026-03-06T07:55:32
U0389,S0057,2024-07-08T12:36:17
U0832,S0057,2025-07-09T07:41:06
U0567,S0058,2025-07-17T17:11:47
U0740,S0058,2025-07-18T14:18:38
U0489,S0058,2025-07-17T16:44:38
U0375,S0058,2025-07-17T15:32:44
U0568,S0058,2025-07-17T19:51:09
U0871,S0058,2026-02-27T18:32:14
U0831,S0058,2025-07-17T10:43:32
U0258,S0058,2025-07-17T13:15:26
U0628,S0058,2026-03-26T20:57:50
U0071,S0059,2026-02-14T12:57:18
U0038,S0059,2026-02-14T13:03:54
U0210,S0059,2026-02-15T11:38:22
U0237,S0059,2026-02-14T23:48:32
U0100,S0059,2026-02-15T12:13:09
U0828,S0059,2026-02-19T18:48:32
U0553,S0059,2026-02-15T01:34:34
U0440,S0059,2026-02-14T15:21:06
U0264,S0059,2026-02-14T23:04:59
U0671,S0059,2026-02-15T07:05:14
U0768,S0060,2025-09-24T01:11:16
U0777,S0060,2025-09-24T02:32:34
U0343,S0061,2024-12-23T15:55:17
U0584,S0061,2026-01-19T13:52:33
U0571,S0061,2026-01-29T14:37:26
U0685,S0061,2024-08-11T17:09:43
U0097,S0062,2026-03-12T11:40:20
U0096,S0062,2025-10-28T05:46:07
U0428,S0062,2025-10-27T20:50:02
U0236,S0062,2025-10-27T18:33:45
U0817,S0063,2025-05-01T17:08:21
U0807,S0063,2025-12-08T14:31:01
U0708,S0063,2025-09-01T06:54:27
U0684,S0063,2025-05-01T06:47:14
U0548,S0063,2025-05-01T19:55:50
U0467,S0063,2025-10-08T21:15:25
U0099,S0063,2025-05-01T01:27:30
U0287,S0063,2025-09-27T09:44:36
U0071,S0063,2025-12-28T01:34:31
U0866,S0063,2025-05-01T09:50:34
U0143,S0064,2025-11-12T09:58:39
U0530,S0064,2025-11-13T09:17:34
U0257,S0064,2026-03-03T02:45:30
U0004,S0064,2025-11-13T00:19:16
U0140,S0064,2025-11-12T21:04:00
U0431,S0064,2025-11-12T12:25:25
U0418,S0064,2025-11-12T18:47:33
U0310,S0064,2026-02-02T20:17:04
U0115,S0064,2025-11-12T15:42:20
U0728,S0065,2025-10-25T05:36:52
U0037,S0065,2026-02-22T10:40:52
U0538,S0065,2025-10-26T00:01:34
U0155,S0065,2025-10-25T18:17:33
U0363,S0066,2025-05-20T00:38:16
U0235,S0066,2025-07-30T00:03:50
U0674,S0066,2025-05-19T14:09:42
U0514,S0066,2025-05-19T20:56:10
U0217,S0066,2025-05-19T06:13:41
U0450,S0066,2025-05-19T17:27:28
U0184,S0067,2026-03-13T09:22:57
U0806,S0067,2026-03-13T18:46:11
U0603,S0067,2026-03-13T04:46:47
U0381,S0067,2026-03-13T04:31:45
U0425,S0067,2026-03-13T14:01:43
U0003,S0067,2026-03-13T01:05:35
U0229,S0067,2026-03-13T14:48:21
U0816,S0067,2026-03-13T13:46:54
U0812,S0068,2026-02-14T22:56:36
U0648,S0068,2026-02-15T02:18:19
U0737,S0068,2026-02-15T10:10:32
U0220,S0068,2026-02-15T09:03:18
U0540,S0068,2026-02-14T16:21:21
U0873,S0069,2026-02-09T05:18:44
U0272,S0069,2025-12-15T08:21:58
U0874,S0069,2025-12-16T01:41:58
U0698,S0069,2025-12-16T02:56:40
U0644,S0069,2025-12-15T15:23:52
U0010,S0069,2025-12-15T22:59:07
U0549,S0069,2025-12-15T10:32:09
U0159,S0069,2026-03-28T23:19:52
U0430,S0069,2025-12-15T04:45:37
U0428,S0069,2025-12-16T00:10:11
U0603,S0070,2026-02-02T17:40:09
U0719,S0070,2026-02-02T16:38:07
U0432,S0070,2026-02-02T12:29:29
U0816,S0070,2026-02-02T16:32:06
U0263,S0070,2026-02-02T19:38:36
U0104,S0070,2026-02-02T05:45:08
U0058,S0071,2026-02-22T11:21:21
U0542,S0071,2026-02-25T16:52:41
U0332,S0071,2026-02-21T13:40:02
U0415,S0071,2026-02-21T14:05:05
U0428,S0071,2026-02-21T17:06:31
U0874,S0071,2026-02-22T06:58:16
U0422,S0072,2025-09-13T11:49:25
U0024,S0072,2025-10-12T16:33:01
U0235,S0072,2025-09-13T18:27:05
U0802,S0072,2025-09-13T23:49:21
U0253,S0072,2025-09-13T23:26:54
U0005,S0073,2025-11-20T15:03:20
U0575,S0073,2025-11-20T15:06:01
U0652,S0073,2025-11-21T00:11:54
U0111,S0073,2025-11-21T07:25:12
U0385,S0073,2025-11-21T08:13:49
U0121,S0074,2026-03-17T02:09:41
U0681,S0074,2026-03-17T21:28:18
U0207,S0074,2026-03-17T20:49:53
U0569,S0074,2026-03-17T07:59:50
U0094,S0074,2026-03-17T17:19:30
U0674,S0074,2026-03-17T15:49:02
U0818,S0074,2026-03-17T02:05:05
U0637,S0075,2026-01-04T23:49:16
U0218,S0075,2026-03-26T00:27:34
U0842,S0075,2025-11-27T07:07:33
U0033,S0075,2026-03-22T23:47:11
U0852,S0075,2025-11-28T12:59:13
U0661,S0075,2025-11-27T01:13:54
U0304,S0076,2025-08-01T05:31:02
U0883,S0076,2026-02-14T17:54:26
U0197,S0076,2025-07-31T18:33:02
U0322,S0076,2025-07-31T18:03:14
U0123,S0076,2025-08-01T09:32:44
U0875,S0076,2025-08-01T10:56:27
U0570,S0076,2025-10-06T18:43:12
U0399,S0076,2025-10-06T12:40:16
U0141,S0077,2026-02-25T16:14:13
U0837,S0077,2026-02-15T09:39:35
U0791,S0077,2025-11-15T22:50:49
U0221,S0077,2025-11-20T12:26:37
U0339,S0078,2025-07-29T17:25:16
U0075,S0078,2025-07-29T19:43:08
U0226,S0078,2025-11-09T19:58:04
U0271,S0078,2025-11-22T17:49:13
U0314,S0078,2025-10-03T04:05:45
U0870,S0078,2025-07-30T10:31:24
U0750,S0079,2025-06-10T05:45:19
U0335,S0079,2025-08-23T15:51:11
U0489,S0079,2024-04-19T14:18:06
U0689,S0079,2026-01-29T23:43:34
U0148,S0079,2024-04-25T07:16:28
U0043,S0079,2025-02-08T21:05:33
U0359,S0080,2025-12-31T19:06:32
U0858,S0080,2025-11-22T04:59:04
U0231,S0081,2025-09-24T18:26:17
U0355,S0081,2025-09-24T05:50:02
U0339,S0081,2025-09-24T05:17:31
U0844,S0081,2025-09-24T22:06:27
U0075,S0081,2025-09-24T13:20:05
U0489,S0081,2025-09-24T12:58:52
U0546,S0081,2026-03-30T15:35:19
U0165,S0081,2025-09-24T17:45:53
U0409,S0082,2026-03-11T20:37:48
U0051,S0082,2026-03-11T10:41:43
U0551,S0082,2026-03-11T09:41:11
U0449,S0082,2026-03-13T11:40:59
U0046,S0082,2026-03-29T12:50:53
U0161,S0083,2025-12-27T11:19:02
U0743,S0083,2025-12-26T15:18:49
U0522,S0083,2025-12-27T05:50:22
U0193,S0083,2025-12-26T19:55:14
U0563,S0083,2025-12-27T03:32:43
U0328,S0083,2025-12-26T16:07:31
U0495,S0083,2025-12-26T13:37:39
U0750,S0083,2025-12-27T11:38:24
U0471,S0083,2025-12-27T03:58:05
U0358,S0083,2025-12-26T13:21:10
U0424,S0084,2026-01-01T03:07:21
U0704,S0084,2026-01-01T01:03:51
U0229,S0085,2025-12-21T03:17:17
U0265,S0085,2025-05-20T07:59:40
U0778,S0085,2025-05-20T16:54:09
U0160,S0085,2025-05-20T08:12:27
U0867,S0086,2025-01-23T19:56:15
U0397,S0086,2025-06-01T17:44:28
U0689,S0086,2026-01-29T23:42:54
U0023,S0086,2025-01-23T12:41:14
U0470,S0087,2026-03-27T06:22:33
U0087,S0087,2026-03-27T22:18:27
U0280,S0087,2026-03-27T13:22:28
U0124,S0087,2026-03-27T05:47:52
U0381,S0088,2025-05-23T04:28:47
U0820,S0088,2026-03-14T22:49:31
U0411,S0088,2026-03-17T09:13:35
U0281,S0088,2025-05-23T11:27:56
U0880,S0088,2025-05-23T00:33:59
U0738,S0088,2025-05-23T02:05:34
U0733,S0088,2025-05-23T15:09:19
U0258,S0088,2025-05-23T04:07:23
U0088,S0088,2025-12-07T03:39:19
U0435,S0089,2026-03-26T15:12:33
U0676,S0089,2026-03-25T22:30:11
U0305,S0089,2026-03-26T07:57:32
U0116,S0089,2026-03-26T00:17:19
U0713,S0089,2026-03-26T09:40:06
U0671,S0089,2026-03-26T12:43:18
U0642,S0089,2026-03-26T14:33:55
U0110,S0089,2026-03-26T00:33:21
U0570,S0090,2025-10-06T18:42:32
U0270,S0090,2026-03-13T08:50:14
U0343,S0090,2025-08-11T15:15:00
U0749,S0090,2025-08-11T13:27:04
U0039,S0090,2025-08-10T19:56:48
U0286,S0090,2025-11-23T19:14:49
U0755,S0091,2026-01-06T22:13:36
U0504,S0091,2026-01-06T17:06:58
U0834,S0091,2026-01-07T03:39:38
U0523,S0091,2026-01-06T16:19:10
U0795,S0091,2026-01-07T02:10:05
U0654,S0092,2025-11-15T20:29:37
U0660,S0092,2025-11-16T12:07:43
U0260,S0093,2026-02-03T03:20:11
U0280,S0093,2026-02-05T05:40:26
U0363,S0094,2025-03-10T01:16:41
U0565,S0094,2025-03-10T02:26:19
U0729,S0094,2025-07-15T15:44:35
U0220,S0094,2025-03-09T12:30:40
U0887,S0095,2026-02-15T16:35:07
U0394,S0095,2024-09-30T03:09:41
U0097,S0095,2026-03-12T11:40:50
U0062,S0095,2024-11-12T01:56:06
U0368,S0095,2025-07-23T02:41:57
U0737,S0095,2024-08-19T00:56:05
U0276,S0095,2026-02-18T07:29:42
U0224,S0095,2025-05-09T16:33:36
U0005,S0095,2024-12-10T03:06:08
U0159,S0095,2026-03-28T23:20:28
U0160,S0096,2025-07-11T10:21:08
U0191,S0096,2026-03-01T10:44:28
U0393,S0096,2025-10-26T00:54:36
U0834,S0096,2025-07-10T23:22:22
U0603,S0096,2025-07-23T17:58:06
U0825,S0096,2025-12-18T07:03:25
U0889,S0096,2025-07-10T22:36:24
U0523,S0096,2025-07-11T11:01:57
U0755,S0096,2025-07-10T21:42:05
U0060,S0096,2025-07-11T03:52:25
U0514,S0097,2025-07-01T08:27:24
U0614,S0097,2025-07-01T09:00:51
U0065,S0097,2025-06-30T23:15:19
U0748,S0097,2025-12-19T10:51:29
U0688,S0097,2025-07-01T06:46:31
U0022,S0097,2025-07-01T13:26:54
U0480,S0097,2026-02-05T11:30:08
U0696,S0097,2025-06-30T23:22:02
U0020,S0097,2026-03-10T00:21:16
U0843,S0098,2026-03-06T02:50:14
U0447,S0098,2025-04-05T08:21:30
U0847,S0098,2025-03-17T16:18:10
U0284,S0098,2025-03-17T06:32:48
U0650,S0098,2025-10-30T17:55:34
U0170,S0098,2025-03-17T00:03:40
U0346,S0098,2025-03-16T22:35:07
U0356,S0098,2025-03-17T01:00:00
U0594,S0099,2025-11-28T08:23:03
U0246,S0099,2025-11-28T14:32:37
U0587,S0099,2025-11-28T01:23:29
U0849,S0099,2025-11-28T01:40:51
U0035,S0099,2025-11-28T12:20:37
U0408,S0100,2026-02-28T22:23:20
U0204,S0100,2026-03-08T21:25:03
U0534,S0100,2025-10-07T15:12:03
U0316,S0100,2026-03-06T05:13:38
U0545,S0100,2026-02-16T10:42:09
U0238,S0100,2025-10-07T09:54:24
U0342,S0100,2025-10-07T12:40:11
U0744,S0101,2026-03-25T16:54:34
U0749,S0101,2026-02-23T03:40:40
U0458,S0101,2026-02-22T15:42:12
U0206,S0102,2026-03-06T07:24:32
U0436,S0102,2026-03-06T08:14:16
U0050,S0102,2026-03-06T02:39:14
U0738,S0102,2026-03-06T04:10:58
U0404,S0102,2026-03-05T18:45:13
U0884,S0103,2026-02-13T03:11:29
U0294,S0103,2026-02-27T18:26:47
U0220,S0103,2026-01-14T03:28:19
U0555,S0103,2026-01-13T18:22:17
U0736,S0103,2026-02-18T01:51:37
U0420,S0103,2026-01-13T09:29:00
U0223,S0103,2026-01-14T05:20:53
U0785,S0104,2025-12-08T22:45:38
U0792,S0104,2025-01-21T14:59:56
U0750,S0104,2025-06-10T05:44:48
U0601,S0104,2025-01-21T05:24:11
U0017,S0104,2025-05-25T17:35:11
U0789,S0104,2025-09-22T17:33:30
U0193,S0104,2025-03-24T00:18:55
U0797,S0104,2025-01-21T02:38:06
U0460,S0104,2026-01-26T20:12:07
U0559,S0104,2025-01-21T13:00:20
U0475,S0105,2026-03-17T11:46:59
U0666,S0105,2026-03-17T17:07:33
U0643,S0105,2026-03-17T13:37:54
U0474,S0105,2026-03-17T04:38:59
U0649,S0105,2026-03-17T15:51:34
U0345,S0105,2026-03-17T14:15:15
U0157,S0105,2026-03-17T23:08:42
U0680,S0105,2026-03-17T09:54:44
U0741,S0105,2026-03-17T13:39:02
U0118,S0105,2026-03-17T12:57:44
U0131,S0106,2025-07-05T14:41:28
U0762,S0106,2025-03-18T15:10:07
U0515,S0106,2025-07-26T05:30:25
U0226,S0106,2025-11-09T19:57:29
U0377,S0106,2025-06-17T08:53:39
U0072,S0106,2026-03-03T00:24:38
U0634,S0106,2025-03-19T12:01:52
U0333,S0106,2025-09-22T08:56:13
U0691,S0107,2026-03-16T07:35:47
U0349,S0107,2026-01-31T20:25:05
U0451,S0107,2026-01-31T05:02:46
U0283,S0107,2026-01-31T06:33:44
U0588,S0107,2026-01-31T22:11:38
U0827,S0108,2026-03-22T21:28:13
U0717,S0108,2025-07-26T19:00:20
U0424,S0108,2025-11-06T23:36:52
U0397,S0108,2025-07-27T12:56:28
U0379,S0108,2025-07-27T13:06:28
U0576,S0109,2025-08-21T03:28:36
U0658,S0109,2026-02-14T21:02:29
U0331,S0110,2026-03-16T09:36:21
U0015,S0110,2026-03-15T15:26:37
U0673,S0110,2026-03-16T11:55:33
U0859,S0110,2026-03-16T05:03:04
U0425,S0110,2026-03-16T03:39:03
U0648,S0110,2026-03-15T17:10:11
U0200,S0110,2026-03-16T08:20:45
U0476,S0110,2026-03-16T01:05:10
U0299,S0110,2026-03-15T22:49:04
U0701,S0110,2026-03-15T19:40:17
U0465,S0111,2025-11-15T11:12:22
U0415,S0111,2025-11-15T14:39:09
U0453,S0112,2025-04-23T22:55:20
U0362,S0112,2026-02-21T17:39:18
U0539,S0113,2026-03-25T18:08:40
U0711,S0113,2026-03-26T01:55:53
U0353,S0113,2026-03-25T18:07:02
U0218,S0113,2026-03-26T05:49:46
U0671,S0113,2026-03-26T10:23:56
U0252,S0113,2026-03-25T17:15:12
U0736,S0113,2026-03-25T14:48:16
U0825,S0113,2026-03-26T07:34:24
U0491,S0114,2026-03-06T14:19:24
U0779,S0114,2025-11-22T02:55:28
U0807,S0114,2025-12-08T14:30:45
U0153,S0114,2025-11-22T09:39:08
U0612,S0114,2025-11-22T11:32:42
U0768,S0114,2025-11-22T04:28:34
U0765,S0115,2025-05-26T18:28:23
U0011,S0115,2025-05-26T23:04:16
U0212,S0115,2025-05-27T10:24:26
U0603,S0115,2025-07-23T17:57:43
U0321,S0115,2025-05-27T07:11:22
U0787,S0115,2026-02-02T17:01:35
U0849,S0115,2025-07-07T18:07:41
U0113,S0115,2025-05-27T03:11:48
U0653,S0115,2026-02-17T22:11:16
U0625,S0116,2026-02-09T13:48:11
U0660,S0116,2024-03-20T05:45:12
U0577,S0116,2026-02-04T04:34:38
U0521,S0116,2025-09-09T07:53:11
U0464,S0116,2025-08-19T06:34:55
U0048,S0116,2024-10-11T22:30:19
U0869,S0116,2025-05-08T17:16:55
U0013,S0117,2026-03-07T05:10:38
U0255,S0117,2026-03-18T17:04:22
U0457,S0118,2025-02-18T03:08:54
U0839,S0118,2026-03-15T21:22:39
U0493,S0118,2026-02-25T14:40:28
U0169,S0118,2025-02-18T04:58:10
U0191,S0118,2026-03-01T10:44:44
U0607,S0119,2026-02-10T22:12:56
U0595,S0119,2026-01-08T16:39:22
U0124,S0119,2026-01-08T06:05:04
U0812,S0119,2026-01-08T13:06:22
U0438,S0120,2025-10-20T14:18:01
U0461,S0120,2025-10-20T22:00:01
U0283,S0120,2025-10-20T13:19:14
U0547,S0120,2026-03-01T09:16:03
U0848,S0121,2026-03-02T08:39:33
U0016,S0121,2026-03-02T09:52:59
U0133,S0121,2026-03-02T18:49:37
U0619,S0121,2026-03-02T00:21:08
U0820,S0121,2026-03-14T22:48:44
U0324,S0121,2026-03-02T07:49:21
U0458,S0122,2026-02-18T17:11:12
U0174,S0122,2026-02-10T06:19:20
U0316,S0122,2026-03-06T05:13:28
U0259,S0122,2026-02-10T11:50:47
U0312,S0122,2026-02-10T10:24:21
U0159,S0122,2026-03-28T23:20:48
U0641,S0122,2026-02-10T09:51:07
U0014,S0123,2025-09-22T13:43:20
U0394,S0123,2025-09-22T03:37:31
U0791,S0123,2025-09-22T03:31:46
U0485,S0123,2025-09-22T14:46:56
U0053,S0123,2025-09-22T09:37:15
U0581,S0123,2025-09-21T21:59:11
U0323,S0123,2025-09-22T13:43:11
U0243,S0123,2025-09-22T13:21:20
U0114,S0123,2025-09-22T13:46:06
U0190,S0124,2026-03-05T10:19:40
U0084,S0124,2025-08-23T14:13:01
U0374,S0124,2026-01-01T00:47:32
U0382,S0124,2025-08-23T03:35:33
U0267,S0124,2025-12-26T16:22:30
U0204,S0124,2026-03-08T21:25:41
U0596,S0124,2025-08-23T05:44:37
U0312,S0124,2025-10-28T09:16:10
U0569,S0124,2026-02-23T06:23:50
U0049,S0124,2025-08-23T05:34:12
U0016,S0125,2025-06-09T20:01:52
U0309,S0125,2025-03-21T20:26:06
U0275,S0125,2025-03-21T15:05:39
U0396,S0125,2025-09-21T04:51:46
U0014,S0125,2025-03-22T02:55:07
U0599,S0125,2025-10-16T02:21:42
U0146,S0125,2025-03-22T00:10:54
U0832,S0125,2025-07-09T07:41:06
U0584,S0125,2026-01-19T13:53:09
U0338,S0126,2026-03-06T16:02:40
U0337,S0126,2026-03-06T10:17:42
U0009,S0126,2026-03-06T17:12:43
U0568,S0126,2026-03-06T15:55:24
U0280,S0126,2026-03-06T23:02:50
U0244,S0126,2026-03-06T12:47:59
U0449,S0126,2026-03-13T11:40:57
U0483,S0127,2025-08-14T17:18:00
U0391,S0127,2025-08-14T20:27:10
U0648,S0127,2025-08-14T16:39:18
U0412,S0127,2025-08-14T13:18:56
U0487,S0127,2025-09-04T18:44:15
U0770,S0127,2025-08-15T22:09:43
U0326,S0128,2026-02-05T06:38:43
U0707,S0128,2026-02-05T07:16:06
U0084,S0128,2026-02-04T13:33:46
U0096,S0129,2026-01-22T13:20:03
U0341,S0129,2026-01-22T08:38:23
U0279,S0129,2026-01-22T05:28:48
U0576,S0129,2026-01-22T14:30:56
U0527,S0129,2026-02-25T09:20:44
U0610,S0129,2026-01-22T02:20:34
U0125,S0129,2026-01-22T11:49:30
U0162,S0129,2026-01-22T10:39:38
U0117,S0129,2026-01-22T11:37:56
U0248,S0129,2026-01-22T00:59:59
U0297,S0130,2026-01-26T13:16:57
U0166,S0130,2026-03-12T17:25:48
U0738,S0130,2026-01-26T04:22:09
U0080,S0130,2026-02-10T09:37:54
U0874,S0130,2026-01-26T13:36:50
U0022,S0130,2026-01-25T23:11:07
U0058,S0130,2026-01-26T07:19:01
U0421,S0130,2026-01-25T22:41:32
U0015,S0130,2026-01-26T05:20:48
U0800,S0131,2025-04-19T05:07:32
U0843,S0131,2026-03-06T02:50:15
U0432,S0131,2025-04-19T05:29:08
U0304,S0131,2025-04-19T09:17:07
U0394,S0132,2026-01-23T18:04:18
U0566,S0132,2026-01-24T13:06:51
U0196,S0132,2026-01-23T23:58:30
U0848,S0132,2026-01-23T17:56:44
U0056,S0132,2026-01-24T08:05:49
U0620,S0132,2026-01-24T14:03:00
U0881,S0133,2026-01-23T12:50:05
U0704,S0133,2026-01-23T00:48:56
U0426,S0133,2026-01-23T18:43:38
U0126,S0133,2026-02-06T06:54:01
U0142,S0133,2026-01-22T23:09:17
U0741,S0134,2025-02-13T09:15:28
U0556,S0134,2025-02-13T15:00:52
U0879,S0134,2025-05-08T15:30:10
U0770,S0134,2025-08-15T22:09:38
U0548,S0134,2025-02-13T20:22:51
U0540,S0134,2025-02-13T18:15:09
U0188,S0135,2025-02-28T05:15:39
U0265,S0135,2025-02-28T17:33:18
U0215,S0135,2025-02-28T06:39:20
U0421,S0135,2025-02-27T23:27:08
U0494,S0135,2025-02-28T06:51:06
U0366,S0135,2025-09-04T13:22:31
U0798,S0135,2025-02-28T11:31:02
U0250,S0136,2026-02-15T18:17:50
U0881,S0136,2025-04-03T09:10:28
U0384,S0136,2025-04-03T10:18:08
U0272,S0136,2025-04-02T17:34:14
U0442,S0137,2026-02-27T21:47:40
U0443,S0137,2026-02-28T04:04:13
U0271,S0137,2026-02-28T00:40:52
U0625,S0138,2026-02-09T13:48:09
U0719,S0138,2025-12-14T09:17:23
U0107,S0139,2025-10-22T00:47:29
U0347,S0139,2025-01-26T10:56:20
U0388,S0140,2026-01-14T01:08:51
U0626,S0140,2026-03-10T05:44:56
U0632,S0140,2026-01-13T18:27:23
U0475,S0141,2025-02-22T09:24:39
U0142,S0141,2024-09-11T17:22:51
U0228,S0141,2024-09-12T22:07:22
U0431,S0141,2025-02-23T08:40:16
U0125,S0141,2024-10-19T00:28:45
U0076,S0141,2025-04-23T21:49:51
U0862,S0141,2025-07-12T00:29:03
U0006,S0141,2025-02-09T01:10:23
U0580,S0141,2024-08-26T13:56:12
U0177,S0141,2024-08-27T02:35:44
U0561,S0142,2026-03-02T15:30:39
U0726,S0142,2026-02-10T13:07:48
U0577,S0142,2026-02-04T04:34:34
U0044,S0142,2025-04-09T00:33:10
U0451,S0142,2025-03-07T19:46:14
U0566,S0142,2025-03-08T01:06:12
U0269,S0142,2025-03-07T13:36:07
U0519,S0142,2025-03-07T13:38:27
U0746,S0142,2025-03-08T01:23:21
U0226,S0142,2025-11-09T19:57:49
U0181,S0143,2025-11-10T03:07:34
U0692,S0143,2025-11-10T19:53:41
U0287,S0143,2025-11-10T04:19:44
U0851,S0143,2025-11-10T19:44:43
U0665,S0143,2025-11-10T17:24:42
U0033,S0143,2026-03-22T23:46:48
U0869,S0143,2025-11-10T22:35:48
U0731,S0144,2025-10-17T16:48:29
U0521,S0144,2025-10-18T06:36:40
U0379,S0144,2025-10-18T05:56:26
U0815,S0145,2026-03-21T20:10:59
U0759,S0145,2026-03-21T06:28:07
U0138,S0145,2026-03-21T16:53:59
U0626,S0146,2026-03-12T18:02:30
U0743,S0146,2026-03-13T13:43:47
U0851,S0147,2025-10-06T15:23:41
U0271,S0147,2025-11-22T17:49:19
U0459,S0148,2026-03-20T08:49:09
U0116,S0148,2026-03-20T05:36:51
U0175,S0148,2026-03-20T20:29:56
U0706,S0148,2026-03-23T19:43:49
U0680,S0148,2026-03-20T12:15:13
U0790,S0149,2025-07-14T13:00:19
U0334,S0149,2025-07-30T02:52:12
U0523,S0149,2025-07-14T20:53:54
U0716,S0149,2025-08-16T20:01:03
U0690,S0149,2025-11-08T11:03:33
U0845,S0149,2025-07-15T07:39:20
U0141,S0149,2026-02-25T16:13:36
U0854,S0149,2025-07-15T03:04:54
U0129,S0150,2026-03-29T05:33:44
U0738,S0150,2026-03-29T06:02:47
U0665,S0150,2026-03-29T14:35:35
U0826,S0151,2025-08-13T06:00:21
U0612,S0151,2025-10-09T16:22:20
U0195,S0152,2025-09-24T10:37:39
U0160,S0152,2025-09-24T10:09:33
U0463,S0152,2025-09-24T03:53:32
U0825,S0152,2025-12-18T07:03:23
U0331,S0152,2026-01-06T00:09:07
U0404,S0152,2025-09-24T14:25:01
U0598,S0153,2026-01-16T12:28:11
U0628,S0153,2026-03-26T20:58:21
U0649,S0154,2026-03-29T11:23:02
U0058,S0154,2026-03-29T12:32:42
U0506,S0155,2026-02-21T21:56:41
U0386,S0155,2026-02-17T08:33:39
U0526,S0155,2026-02-17T13:03:27
U0481,S0155,2026-02-17T13:18:19
U0804,S0156,2025-10-21T02:49:51
U0613,S0156,2025-10-20T14:23:57
U0395,S0156,2025-10-20T12:02:25
U0271,S0156,2025-11-22T17:49:46
U0194,S0156,2025-10-20T16:11:25
U0597,S0156,2025-10-21T01:09:52
U0844,S0157,2026-03-29T05:30:05
U0317,S0157,2026-03-29T19:28:57
U0397,S0157,2026-03-29T22:01:41
U0470,S0157,2026-03-29T11:48:33
U0023,S0157,2026-03-29T04:34:03
U0315,S0158,2025-10-30T10:01:01
U0829,S0158,2025-12-17T11:30:17
U0839,S0158,2026-03-15T21:22:44
U0099,S0158,2025-03-22T19:51:55
U0827,S0158,2026-03-22T21:28:49
U0596,S0158,2025-03-23T02:33:43
U0393,S0158,2025-10-26T00:55:10
U0824,S0159,2025-04-24T22:09:06
U0001,S0159,2025-04-24T19:44:28
U0763,S0159,2026-02-10T05:31:40
U0350,S0159,2025-09-12T14:34:58
U0020,S0159,2026-03-10T00:21:32
U0600,S0159,2026-02-10T20:34:23
U0441,S0160,2025-07-26T03:42:04
U0371,S0160,2025-07-26T17:04:20
U0077,S0161,2025-09-12T13:08:36
U0831,S0161,2025-01-04T19:13:07
U0474,S0161,2025-01-05T08:44:37
U0010,S0161,2025-01-05T12:51:53
U0104,S0161,2025-01-04T15:48:26
U0797,S0161,2025-01-04T17:48:16
U0155,S0161,2025-05-08T21:04:43
U0678,S0162,2025-12-07T22:14:53
U0682,S0162,2025-02-26T19:23:56
U0846,S0162,2025-02-27T12:29:24
U0795,S0162,2026-01-04T07:59:35
U0281,S0162,2025-02-27T00:42:04
U0483,S0163,2026-04-01T07:47:57
U0770,S0163,2026-04-01T07:20:47
U0879,S0163,2026-04-01T02:38:18
U0183,S0164,2026-03-21T03:08:42
U0110,S0164,2026-03-20T19:02:34
U0490,S0164,2026-03-20T13:22:10
U0264,S0164,2026-03-20T06:31:16
U0303,S0164,2026-03-21T03:03:27
U0642,S0164,2026-03-20T21:07:45
U0100,S0164,2026-03-21T01:04:01
U0156,S0164,2026-03-20T23:50:24
U0790,S0164,2026-03-20T22:37:51
U0073,S0164,2026-03-21T02:19:31
U0839,S0165,2026-03-15T21:22:36
U0580,S0165,2025-02-12T16:12:57
U0516,S0165,2025-08-30T06:51:00
U0701,S0165,2025-02-12T10:48:36
U0162,S0165,2025-02-12T08:05:13
U0171,S0165,2026-02-17T01:05:38
U0709,S0166,2026-01-13T06:12:32
U0575,S0166,2026-01-12T14:20:40
U0090,S0166,2026-01-12T23:24:51
U0180,S0166,2026-01-13T04:29:08
U0507,S0166,2026-02-17T18:54:21
U0615,S0166,2026-01-12T13:35:09
U0743,S0166,2026-01-13T01:11:35
U0138,S0166,2026-02-26T08:15:35
U0172,S0166,2026-01-13T04:37:28
U0079,S0167,2026-02-28T12:32:23
U0319,S0167,2025-09-23T04:36:55
U0845,S0167,2024-10-12T04:17:45
U0144,S0167,2025-04-08T11:14:36
U0570,S0167,2025-10-06T18:42:59
U0038,S0167,2025-09-09T00:39:22
U0268,S0167,2026-02-16T00:24:26
U0362,S0167,2026-02-21T17:38:40
U0401,S0167,2026-03-15T13:31:09
U0360,S0167,2026-02-26T17:13:25
U0293,S0168,2026-03-04T03:44:32
U0088,S0168,2026-03-05T01:24:15
U0857,S0168,2026-03-04T20:50:02
U0777,S0168,2026-03-04T04:57:21
U0225,S0168,2026-03-04T21:48:00
U0393,S0168,2026-03-04T13:41:45
U0408,S0168,2026-03-04T19:35:32
U0188,S0168,2026-03-04T08:05:23
U0410,S0168,2026-03-04T03:01:46
U0509,S0169,2026-03-31T08:33:21
U0796,S0169,2026-03-31T00:18:16
U0337,S0169,2026-03-31T11:18:07
U0837,S0170,2026-02-15T09:38:55
U0249,S0170,2026-02-04T10:27:52
U0196,S0170,2026-02-05T03:56:02
U0894,S0170,2026-02-05T00:32:31
U0618,S0170,2026-02-04T09:25:13
U0477,S0171,2025-11-15T08:02:50
U0490,S0171,2024-08-31T16:13:06
U0501,S0172,2025-09-28T22:17:01
U0286,S0172,2025-11-23T19:14:28
U0014,S0172,2024-11-15T02:09:04
U0731,S0173,2025-10-15T07:35:43
U0088,S0173,2025-12-07T03:39:15
U0445,S0173,2024-06-21T03:10:42
U0786,S0173,2024-09-20T11:18:51
U0103,S0173,2024-06-21T03:45:18
U0847,S0173,2024-06-20T12:10:17
U0885,S0174,2025-03-16T01:03:49
U0034,S0174,2025-03-16T14:22:19
U0085,S0174,2025-04-25T11:00:48
U0723,S0174,2026-02-17T07:10:22
U0836,S0174,2025-03-16T03:27:17
U0650,S0174,2025-10-30T17:56:09
U0370,S0174,2025-03-16T06:16:36
U0817,S0174,2025-04-23T09:01:37
U0272,S0175,2025-09-18T22:26:55
U0668,S0175,2025-09-18T08:19:35
U0818,S0175,2025-09-18T12:22:19
U0351,S0175,2025-09-18T08:28:16
U0561,S0176,2026-03-21T05:59:57
U0306,S0176,2026-03-21T07:52:18
U0336,S0176,2026-03-20T21:36:38
U0875,S0176,2026-03-20T23:10:52
U0786,S0176,2026-03-20T17:35:18
U0810,S0176,2026-03-21T04:28:57
U0326,S0176,2026-03-21T07:33:57
U0020,S0176,2026-03-21T09:09:34
U0514,S0176,2026-03-21T09:05:40
U0634,S0177,2026-03-06T03:01:57
U0878,S0177,2026-03-05T22:15:50
U0523,S0177,2026-03-05T20:43:42
U0454,S0177,2026-03-05T20:31:25
U0804,S0178,2026-01-14T11:40:53
U0567,S0178,2026-01-15T06:03:06
U0379,S0178,2026-01-14T12:51:50
U0404,S0179,2025-08-19T08:08:14
U0825,S0179,2025-12-18T07:02:44
U0393,S0179,2025-10-26T00:55:05
U0492,S0179,2025-08-18T19:59:38
U0863,S0179,2025-08-18T15:55:51
U0699,S0179,2025-08-19T01:20:06
U0298,S0179,2025-08-18T19:02:45
U0644,S0180,2025-09-15T05:48:33
U0366,S0180,2025-09-15T00:54:27
U0203,S0180,2025-09-14T20:40:07
U0797,S0181,2025-07-28T16:18:19
U0734,S0181,2025-07-29T00:21:08
U0497,S0181,2025-07-29T00:34:34
U0725,S0181,2025-07-28T13:01:21
U0050,S0181,2025-07-28T20:22:56
U0496,S0181,2025-07-28T12:08:31
U0034,S0182,2026-03-14T12:28:47
U0702,S0182,2026-03-13T23:42:58
U0480,S0182,2026-03-14T14:03:22
U0119,S0183,2026-01-27T23:12:30
U0447,S0183,2026-01-27T19:17:35
U0764,S0183,2026-01-28T12:46:04
U0025,S0183,2026-01-28T07:53:50
U0038,S0183,2026-01-27T22:16:20
U0836,S0183,2026-01-28T07:41:38
U0647,S0184,2025-10-22T21:22:36
U0820,S0184,2026-03-14T22:49:02
U0521,S0184,2025-09-09T07:53:00
U0895,S0185,2025-07-23T09:32:07
U0799,S0185,2025-07-27T13:43:44
U0812,S0185,2025-07-23T06:06:17
U0759,S0186,2025-10-05T00:01:27
U0201,S0186,2025-10-04T23:32:00
U0077,S0186,2025-10-05T02:45:37
U0442,S0186,2025-11-09T02:01:19
U0647,S0186,2025-10-22T21:22:18
U0361,S0186,2026-02-05T12:05:07
U0544,S0187,2024-10-18T23:18:10
U0208,S0187,2025-02-14T13:58:39
U0881,S0188,2026-02-21T23:31:11
U0890,S0188,2026-02-22T09:49:00
U0071,S0188,2026-02-21T15:52:21
U0470,S0188,2026-02-21T16:39:58
U0162,S0188,2026-02-22T01:48:15
U0598,S0188,2026-02-21T19:31:27
U0012,S0188,2026-02-21T17:50:15
U0392,S0188,2026-02-22T09:30:46
U0345,S0188,2026-02-22T07:16:44
U0809,S0189,2025-05-09T17:55:16
U0589,S0189,2025-05-09T20:06:39
U0541,S0189,2025-05-09T09:34:52
U0730,S0189,2025-05-09T03:52:11
U0080,S0190,2026-02-10T09:38:12
U0476,S0190,2026-02-02T21:17:06
U0213,S0190,2026-02-07T14:56:29
U0856,S0190,2026-02-02T22:17:45
U0517,S0190,2026-02-03T13:44:32
U0627,S0190,2026-02-03T00:41:44
U0008,S0190,2026-02-03T00:31:42
U0820,S0191,2026-03-14T22:48:48
U0686,S0191,2026-03-04T13:40:36
U0105,S0191,2026-03-05T01:17:49
U0138,S0191,2026-03-05T02:25:27
U0382,S0192,2025-07-26T09:00:09
U0528,S0192,2025-07-26T04:14:31
U0376,S0192,2025-07-26T02:27:27
U0139,S0193,2025-10-08T18:03:06
U0527,S0193,2026-02-25T09:20:34
U0404,S0193,2025-10-08T07:11:06
U0845,S0194,2025-11-21T04:34:37
U0637,S0194,2026-01-04T23:49:14
U0122,S0194,2025-11-21T02:05:15
U0032,S0194,2025-11-21T14:11:48
U0235,S0194,2025-11-21T06:17:47
U0121,S0194,2025-11-21T05:18:08
U0381,S0194,2025-11-20T21:21:40
U0293,S0194,2025-11-21T05:42:52
U0249,S0194,2025-11-21T14:28:56
U0469,S0195,2025-11-17T09:43:41
U0119,S0195,2025-11-17T19:16:37
U0843,S0195,2026-03-06T02:50:45
U0877,S0195,2026-02-26T05:06:27
U0790,S0195,2025-11-17T13:32:33
U0453,S0195,2025-11-17T12:26:16
U0054,S0196,2026-01-12T19:48:00
U0765,S0196,2026-01-13T10:40:12
U0695,S0196,2026-01-13T00:26:07
U0289,S0197,2025-08-01T15:24:42
U0816,S0197,2025-08-01T13:09:57
U0500,S0198,2025-12-26T01:34:06
U0307,S0198,2025-12-26T05:50:55
U0576,S0198,2025-12-26T06:29:50
U0186,S0199,2026-02-15T13:57:46
U0361,S0199,2026-02-15T19:29:12
U0526,S0200,2026-02-18T17:52:15
U0545,S0200,2026-02-18T20:31:12
U0291,S0200,2026-02-18T11:48:15
U0289,S0200,2026-02-18T23:42:50
U0717,S0200,2026-02-18T12:38:30
U0896,S0200,2026-02-18T17:29:58
U0681,S0200,2026-03-10T11:44:22
U0474,S0200,2026-02-19T06:37:40
U0255,S0200,2026-03-18T17:04:48
U0426,S0201,2025-03-28T14:32:18
U0047,S0201,2025-07-05T03:26:41
U0858,S0201,2025-05-15T11:05:03
U0167,S0201,2026-02-12T20:09:29
U0167,S0202,2026-02-12T20:09:28
U0161,S0202,2025-05-30T11:56:20
U0176,S0202,2026-02-26T04:10:14
U0375,S0202,2025-05-30T04:05:48
U0884,S0202,2026-02-13T03:10:36
U0552,S0202,2025-05-30T02:05:02
U0197,S0202,2025-05-30T03:50:30
U0197,S0203,2026-01-10T00:07:56
U0206,S0203,2026-01-09T23:43:42
U0013,S0203,2026-03-07T05:10:33
U0523,S0203,2026-01-09T22:11:39
U0561,S0203,2026-03-02T15:30:51
U0811,S0203,2026-01-09T16:50:27
U0274,S0203,2026-01-09T09:49:01
U0417,S0203,2026-01-10T08:46:56
U0241,S0203,2026-01-09T18:06:45
U0191,S0203,2026-03-01T10:44:12
U0494,S0204,2026-03-28T21:36:07
U0692,S0204,2026-03-28T16:00:11
U0255,S0205,2026-03-18T17:05:07
U0230,S0205,2025-10-15T17:22:58
U0167,S0205,2026-02-12T20:09:25
U0536,S0206,2026-01-07T01:24:42
U0806,S0206,2026-02-21T00:55:02
U0863,S0206,2026-01-07T20:39:13
U0365,S0206,2026-02-12T07:47:10
U0739,S0206,2026-01-07T16:49:43
U0381,S0206,2026-01-07T04:16:28
U0298,S0206,2026-01-07T16:27:46
U0195,S0206,2026-01-07T03:06:08
U0052,S0206,2026-02-21T21:04:01
U0525,S0206,2026-01-07T09:43:26
U0720,S0207,2026-01-19T04:54:43
U0218,S0207,2026-03-26T00:27:47
U0120,S0207,2026-01-19T03:28:35
U0447,S0207,2026-01-18T15:02:56
U0578,S0207,2026-01-18T16:00:43
U0243,S0208,2025-04-24T00:33:47
U0488,S0208,2025-04-24T08:15:27
U0435,S0208,2025-04-24T08:59:19
U0607,S0208,2026-02-10T22:12:54
U0828,S0208,2026-02-19T18:48:29
U0217,S0208,2025-04-23T19:12:04
U0581,S0208,2025-04-23T20:47:19
U0583,S0209,2025-12-17T00:05:12
U0832,S0209,2025-07-09T07:41:47
U0349,S0209,2024-12-01T03:43:17
U0285,S0209,2025-07-20T23:26:25
U0429,S0209,2025-05-29T20:17:08
U0249,S0210,2026-03-08T01:42:42
U0095,S0210,2026-03-08T11:31:14
U0889,S0210,2026-03-07T13:56:33
U0637,S0210,2026-03-08T11:40:28
U0393,S0210,2026-03-08T09:53:50
U0519,S0210,2026-03-07T18:41:14
U0678,S0210,2026-03-07T16:48:32
U0380,S0210,2026-03-07T15:32:42
U0825,S0210,2026-03-08T06:57:56
U0206,S0210,2026-03-07T20:08:58
U0457,S0211,2026-03-20T03:05:57
U0331,S0211,2026-03-19T20:17:48
U0839,S0211,2026-03-19T20:02:20
U0505,S0212,2026-02-05T09:14:38
U0448,S0212,2026-02-05T01:24:38
U0232,S0212,2026-02-05T02:46:52
U0421,S0212,2026-02-05T04:55:56
U0409,S0212,2026-02-05T00:26:19
U0173,S0212,2026-02-04T14:08:58
U0514,S0212,2026-02-04T20:49:05
U0273,S0213,2025-08-09T04:59:59
U0374,S0213,2026-01-01T00:47:48
U0894,S0213,2025-08-28T03:56:51
U0272,S0213,2025-03-10T13:58:45
U0681,S0213,2026-03-10T11:44:52
U0776,S0213,2025-03-10T16:04:10
U0840,S0213,2025-05-04T06:30:56
U0552,S0213,2025-03-10T12:38:57
U0537,S0213,2025-03-11T01:35:10
U0151,S0214,2025-09-09T22:07:11
U0811,S0214,2025-09-09T08:04:10
U0524,S0214,2025-09-09T18:00:07
U0218,S0214,2026-03-26T00:27:03
U0154,S0214,2025-09-10T00:33:26
U0278,S0214,2025-12-26T07:44:05
U0511,S0214,2025-09-09T22:32:19
U0748,S0215,2025-12-19T10:51:09
U0431,S0215,2025-10-03T21:47:38
U0504,S0215,2025-10-03T10:09:49
U0391,S0215,2025-10-03T20:25:18
U0128,S0215,2026-02-02T21:28:44
U0689,S0215,2026-01-29T23:43:01
U0196,S0215,2025-10-03T23:58:23
U0719,S0216,2026-03-17T22:55:37
U0419,S0216,2026-03-18T14:37:50
U0282,S0216,2026-03-18T11:01:08
U0812,S0216,2026-03-18T08:06:52
U0018,S0217,2025-02-22T16:52:21
U0320,S0217,2026-03-06T07:55:06
U0101,S0217,2025-02-22T19:12:00
U0447,S0217,2025-04-05T08:21:26
U0210,S0217,2025-02-22T02:56:39
U0635,S0217,2025-02-22T10:05:52
U0695,S0218,2026-03-08T05:12:45
U0311,S0218,2026-03-08T10:41:16
U0534,S0218,2026-03-08T02:09:26
U0261,S0218,2026-03-08T03:15:34
U0037,S0218,2026-03-08T12:44:36
U0406,S0219,2026-02-08T12:57:23
U0641,S0219,2026-02-08T23:56:00
U0316,S0219,2026-03-06T05:13:45
U0835,S0219,2026-02-09T10:52:34
U0087,S0219,2026-02-09T02:29:14
U0320,S0219,2026-03-06T07:55:50
U0651,S0219,2026-02-09T10:48:46
U0682,S0219,2026-02-08T12:24:59
U0096,S0220,2025-12-02T06:45:13
U0217,S0220,2025-12-02T07:10:41
U0650,S0220,2025-12-01T14:47:02
U0347,S0220,2025-12-01T19:39:27
U0213,S0221,2026-02-07T14:56:24
U0600,S0221,2026-02-10T20:34:30
U0860,S0222,2025-07-26T20:38:16
U0449,S0222,2026-03-13T11:41:11
U0035,S0222,2025-10-31T10:33:36
U0886,S0222,2026-02-04T02:46:22
U0702,S0222,2026-02-03T22:19:35
U0134,S0222,2026-02-26T09:31:47
U0104,S0222,2025-07-26T05:43:49
U0450,S0222,2025-07-26T15:58:55
U0433,S0222,2025-07-26T08:50:54
U0253,S0222,2025-07-26T07:19:12
U0623,S0223,2025-09-25T18:39:46
U0496,S0223,2025-09-25T20:45:22
U0764,S0224,2025-06-13T16:30:09
U0183,S0224,2025-06-08T02:55:02
U0572,S0224,2025-06-16T09:43:45
U0185,S0224,2026-01-27T19:14:53
U0160,S0224,2025-06-08T03:15:28
U0268,S0224,2026-02-16T00:24:20
U0845,S0224,2025-06-07T18:46:42
U0119,S0224,2025-06-12T23:42:34
U0664,S0224,2026-02-28T15:18:21
U0173,S0225,2025-08-02T22:58:03
U0802,S0225,2025-08-02T17:12:11
U0326,S0225,2026-02-04T13:07:56
U0349,S0225,2025-08-03T02:39:13
U0506,S0225,2026-02-21T21:56:52
U0583,S0225,2025-12-17T00:04:53
U0489,S0226,2025-07-04T02:50:14
U0192,S0226,2025-07-04T02:30:25
U0023,S0226,2025-07-03T23:07:40
U0070,S0226,2025-07-03T17:57:44
U0613,S0226,2025-07-03T22:55:41
U0640,S0226,2025-07-04T01:58:52
U0131,S0226,2025-07-05T14:40:46
U0283,S0227,2025-06-20T22:45:46
U0581,S0227,2025-06-20T23:33:08
U0691,S0227,2026-03-16T07:35:37
U0089,S0228,2026-03-12T21:02:43
U0350,S0228,2026-01-30T17:52:12
U0254,S0228,2026-01-31T11:10:44
U0058,S0228,2026-01-30T13:56:45
U0232,S0228,2026-01-31T08:23:05
U0435,S0229,2024-12-26T19:59:59
U0701,S0229,2024-12-26T00:58:29
U0038,S0229,2025-09-09T00:39:04
U0277,S0229,2025-02-11T05:30:54
U0530,S0230,2025-05-02T22:16:55
U0613,S0230,2025-05-02T11:46:39
U0280,S0230,2026-02-05T05:40:42
U0838,S0231,2025-12-10T03:57:53
U0447,S0231,2025-12-10T01:54:39
U0209,S0231,2025-12-09T16:34:35
U0119,S0231,2025-12-10T07:27:19
U0664,S0231,2026-02-28T15:18:49
U0340,S0231,2025-12-10T04:14:49
U0843,S0231,2026-03-06T02:50:56
U0825,S0232,2025-12-18T07:02:57
U0761,S0232,2025-09-02T03:30:08
U0132,S0232,2025-09-02T01:51:50
U0475,S0232,2025-09-02T12:13:04
U0579,S0232,2025-09-02T15:25:22
U0463,S0232,2025-09-02T03:37:37
U0472,S0232,2025-09-02T06:38:48
U0690,S0232,2025-11-08T11:03:56
U0741,S0233,2025-07-19T09:44:35
U0101,S0233,2025-07-19T07:57:21
U0769,S0233,2025-07-19T01:00:57
U0731,S0233,2025-10-15T07:35:34
U0753,S0233,2025-07-19T12:51:26
U0650,S0234,2025-10-30T17:55:49
U0453,S0234,2025-04-23T22:54:39
U0304,S0234,2025-03-31T11:00:08
U0209,S0234,2025-03-31T22:42:37
U0356,S0234,2025-03-31T06:09:12
U0459,S0234,2025-04-07T01:27:33
U0073,S0234,2025-03-31T10:47:17
U0828,S0234,2026-02-19T18:48:34
U0642,S0234,2025-03-31T05:59:24
U0100,S0234,2025-03-31T13:56:47
U0064,S0235,2025-02-07T03:20:37
U0385,S0235,2025-02-07T11:29:46
U0795,S0235,2026-01-04T07:58:47
U0334,S0236,2025-09-07T22:42:55
U0227,S0236,2025-09-07T15:28:04
U0553,S0236,2025-09-08T06:50:26
U0864,S0236,2026-02-12T15:31:23
U0839,S0236,2026-03-15T21:23:12
U0856,S0237,2025-11-08T09:37:26
U0651,S0237,2025-11-20T21:35:59
U0522,S0237,2025-11-08T13:46:52
U0773,S0237,2025-12-04T10:27:52
U0046,S0237,2026-03-29T12:50:52
U0083,S0238,2026-02-21T16:18:36
U0268,S0238,2026-02-21T01:55:43
U0146,S0239,2026-02-13T02:48:07
U0766,S0239,2026-02-12T06:09:30
U0520,S0239,2026-02-12T19:17:15
U0474,S0239,2026-02-12T17:40:42
U0233,S0240,2025-11-09T15:45:06
U0813,S0240,2025-11-05T19:32:18
U0251,S0240,2025-06-28T03:49:24
U0163,S0240,2025-06-27T11:03:20
U0541,S0240,2025-06-28T01:57:21
U0407,S0240,2026-02-07T12:19:22
U0760,S0240,2025-06-27T17:35:12
U0727,S0240,2025-06-27T11:56:28
U0599,S0240,2025-10-16T02:21:37
U0158,S0240,2025-11-27T10:41:06
U0755,S0241,2025-09-24T23:38:19
U0197,S0241,2025-09-25T06:11:31
U0536,S0241,2025-09-25T09:12:14
U0052,S0241,2026-02-21T21:03:55
U0839,S0241,2026-03-15T21:23:14
U0493,S0241,2026-02-25T14:40:22
U0667,S0241,2026-02-14T15:13:13
U0132,S0241,2025-09-25T18:06:56
U0346,S0242,2025-10-02T11:53:25
U0467,S0242,2025-10-08T21:15:15
U0151,S0242,2025-10-02T11:02:14
U0136,S0242,2025-10-02T07:23:54
U0619,S0243,2026-01-07T10:11:08
U0281,S0243,2026-01-07T01:37:30
U0824,S0243,2026-01-07T06:32:49
U0178,S0243,2026-01-08T09:14:47
U0171,S0243,2026-02-17T01:05:24
U0409,S0243,2026-01-06T23:45:54
U0600,S0243,2026-02-10T20:34:09
U0092,S0244,2026-03-09T11:06:54
U0246,S0244,2026-03-09T20:42:06
U0789,S0244,2026-03-09T07:30:26
U0454,S0244,2026-03-09T19:53:54
U0781,S0245,2026-04-01T22:32:54
U0759,S0245,2026-04-01T13:58:06
U0348,S0245,2026-04-01T05:18:50
U0859,S0246,2026-03-15T13:56:12
U0556,S0246,2026-03-15T15:12:13
U0737,S0246,2026-03-15T10:40:59
U0742,S0247,2025-11-16T02:43:50
U0091,S0247,2025-05-10T23:26:42
U0176,S0247,2026-02-26T04:10:21
U0037,S0247,2026-02-22T10:41:19
U0159,S0247,2026-03-28T23:20:29
U0094,S0247,2026-01-08T19:58:10
U0707,S0247,2026-02-05T06:12:01
U0703,S0248,2024-11-15T06:54:56
U0530,S0248,2024-11-14T21:52:52
U0732,S0248,2025-07-12T19:01:57
U0341,S0248,2024-11-14T17:25:47
U0283,S0248,2025-01-22T03:14:31
U0801,S0249,2025-04-04T13:51:41
U0002,S0249,2025-04-04T22:07:15
U0783,S0249,2025-04-04T22:35:30
U0819,S0249,2025-04-04T05:34:08
U0292,S0250,2024-09-21T03:34:57
U0577,S0250,2026-02-04T04:34:11
U0107,S0250,2025-10-22T00:47:06
U0193,S0250,2025-03-24T00:18:35
U0388,S0250,2024-09-20T20:27:53
U0324,S0250,2025-07-08T13:28:01
U0756,S0250,2024-09-20T18:58:17
