startUserId,endCommentId,createdAt
U0199,C00001,2026-01-21T11:32:19
U0248,C00002,2026-03-18T19:51:05
U0516,C00003,2026-03-25T21:54:53
U0222,C00004,2026-03-20T00:10:38
U0093,C00005,2026-01-26T10:54:50
U0762,C00006,2025-10-28T09:39:44
U0410,C00007,2025-12-16T18:46:33
U0781,C00008,2026-03-29T15:50:22
U0072,C00009,2026-03-30T16:23:52
U0226,C00010,2025-12-15T20:12:19
U0391,C00011,2026-03-20T14:45:01
U0345,C00012,2026-03-24T04:57:49
U0306,C00013,2026-01-05T01:23:27
U0630,C00014,2026-03-01T12:41:28
U0020,C00015,2026-03-28T03:49:07
U0405,C00016,2026-03-22T11:57:02
U0177,C00017,2026-02-23T10:48:11
U0299,C00018,2026-03-30T07:18:17
U0490,C00019,2026-02-21T12:38:15
U0848,C00020,2026-03-25T18:53:32
U0069,C00021,2025-11-24T07:05:16
U0636,C00022,2025-10-18T01:38:22
U0051,C00023,2026-03-26T05:37:16
U0175,C00024,2025-12-19T06:41:43
U0063,C00025,2026-02-19T10:46:35
U0142,C00026,2025-12-18T13:54:30
U0151,C00027,2025-12-17T01:34:52
U0491,C00028,2026-03-12T14:30:40
U0763,C00029,2026-02-24T18:28:18
U0224,C00030,2026-01-22T13:18:01
U0011,C00031,2025-08-06T12:40:17
U0797,C00032,2026-04-01T10:22:34
U0792,C00033,2026-03-02T14:18:48
U0156,C00034,2026-03-07T18:03:39
U0527,C00035,2026-04-01T22:17:12
U0686,C00036,2025-12-30T02:57:09
U0284,C00037,2025-12-04T10:42:52
U0130,C00038,2025-08-21T20:06:17
U0818,C00039,2026-01-24T00:56:18
U0221,C00040,2026-03-03T14:56:03
U0562,C00041,2025-06-29T22:12:32
U0065,C00042,2025-07-01T06:31:19
U0130,C00043,2025-12-11T19:33:16
U0459,C00044,2026-03-24T21:51:00
U0138,C00045,2026-03-10T20:39:18
U0282,C00046,2026-01-17T07:58:09
U0231,C00047,2026-03-25T08:59:19
U0176,C00048,2026-03-28T20:45:41
U0085,C00049,2026-01-18T18:06:34
U0822,C00050,2026-03-21T15:54:55
U0857,C00051,2026-03-21T03:45:22
U0694,C00052,2026-03-30T16:12:31
U0553,C00053,2026-03-11T22:37:25
U0658,C00054,2026-03-22T20:59:37
U0790,C00055,2026-03-16T06:26:02
U0720,C00056,2026-01-07T00:13:17
U0658,C00057,2026-03-14T09:30:05
U0613,C00058,2026-02-25T14:02:24
U0286,C00059,2026-03-14T00:29:15
U0410,C00060,2025-03-08T16:30:28
U0705,C00061,2026-02-23T21:25:39
U0208,C00062,2026-03-30T16:31:26
U0273,C00063,2026-03-15T19:44:45
U0012,C00064,2026-03-31T22:52:24
U0445,C00065,2025-06-12T20:30:56
U0348,C00066,2026-03-25T15:05:45
U0462,C00067,2026-01-15T04:03:43
U0455,C00068,2026-02-18T05:11:43
U0222,C00069,2026-03-13T07:30:36
U0224,C00070,2026-03-30T11:37:24
U0326,C00071,2026-03-28T09:46:35
U0278,C00072,2026-01-23T10:09:43
U0005,C00073,2026-03-24T08:19:50
U0150,C00074,2026-03-30T04:19:34
U0837,C00075,2026-03-06T22:02:32
U0792,C00076,2026-03-23T04:49:47
U0648,C00077,2026-01-12T19:09:01
U0356,C00078,2026-03-26T08:05:19
U0071,C00079,2026-04-01T22:32:53
U0160,C00080,2026-03-26T10:14:16
U0292,C00081,2026-03-11T17:51:00
U0236,C00082,2026-03-14T23:01:58
U0343,C00083,2026-02-06T07:23:04
U0686,C00084,2026-02-06T10:54:45
U0594,C00085,2025-08-05T02:40:10
U0887,C00086,2026-03-11T22:41:21
U0176,C00087,2026-03-21T01:14:03
U0570,C00088,2026-04-01T11:18:55
U0439,C00089,2026-04-01T07:23:10
U0387,C00090,2026-02-28T15:53:55
U0671,C00091,2026-03-28T16:43:50
U0283,C00092,2026-03-11T01:33:07
U0900,C00093,2026-03-01T04:40:12
U0668,C00094,2026-03-07T12:11:58
U0730,C00095,2025-10-27T09:53:13
U0651,C00096,2026-01-27T13:43:50
U0627,C00097,2026-03-24T21:43:19
U0474,C00098,2025-12-19T12:30:16
U0343,C00099,2025-05-30T06:29:56
U0534,C00100,2026-03-29T11:32:05
U0786,C00101,2026-02-19T02:08:28
U0117,C00102,2026-02-19T23:46:02
U0519,C00103,2026-04-01T11:12:14
U0217,C00104,2026-02-12T20:36:26
U0487,C00105,2025-12-02T12:55:45
U0434,C00106,2026-02-28T11:43:18
U0436,C00107,2025-10-15T04:35:11
U0455,C00108,2026-02-02T03:54:51
U0076,C00109,2025-12-13T14:42:02
U0866,C00110,2026-03-03T11:24:32
U0557,C00111,2026-03-28T06:32:48
U0425,C00112,2026-03-29T07:56:24
U0335,C00113,2025-12-23T02:53:32
U0611,C00114,2026-03-30T10:29:00
U0632,C00115,2026-03-26T16:30:15
U0227,C00116,2026-01-20T18:41:38
U0593,C00117,2026-02-28T06:31:11
U0409,C00118,2026-01-02T23:47:35
U0323,C00119,2026-01-10T03:41:27
U0775,C00120,2026-01-20T10:22:03
U0298,C00121,2026-03-06T07:21:47
U0548,C00122,2026-03-21T23:32:34
U0570,C00123,2026-01-13T10:26:16
U0367,C00124,2026-04-01T00:21:33
U0223,C00125,2026-02-28T03:09:19
U0257,C00126,2026-03-12T04:00:40
U0268,C00127,2026-02-19T17:29:25
U0641,C00128,2026-01-02T04:27:47
U0351,C00129,2026-03-04T21:14:51
U0006,C00130,2026-02-14T15:36:46
U0520,C00131,2026-04-01T03:45:12
U0142,C00132,2025-03-26T19:16:14
U0269,C00133,2026-01-04T04:50:07
U0493,C00134,2026-03-20T22:56:50
U0706,C00135,2026-03-31T14:47:15
U0780,C00136,2026-01-24T11:55:22
U0197,C00137,2026-01-06T17:02:18
U0072,C00138,2026-03-28T19:43:34
U0097,C00139,2026-03-28T14:21:56
U0107,C00140,2026-03-27T11:28:29
U0080,C00141,2026-03-16T22:56:11
U0818,C00142,2026-03-31T17:44:10
U0853,C00143,2026-03-13T10:54:48
U0289,C00144,2026-01-09T18:06:38
U0178,C00145,2026-03-15T03:50:46
U0607,C00146,2026-04-01T00:50:03
U0526,C00147,2025-05-13T07:53:48
U0728,C00148,2026-03-09T09:17:45
U0046,C00149,2026-03-30T05:57:01
U0606,C00150,2026-01-06T12:50:45
U0271,C00151,2026-02-27T15:36:57
U0415,C00152,2026-03-29T01:50:05
U0134,C00153,2026-02-26T11:16:17
U0176,C00154,2026-04-01T21:48:52
U0032,C00155,2026-03-07T00:24:13
U0681,C00156,2026-03-30T21:00:47
U0397,C00157,2026-03-15T03:34:20
U0235,C00158,2026-01-07T20:16:05
U0601,C00159,2025-05-25T13:13:12
U0195,C00160,2026-03-22T20:49:22
U0709,C00161,2026-03-21T10:59:34
U0454,C00162,2026-02-19T01:34:16
U0711,C00163,2026-01-13T03:34:55
U0585,C00164,2025-09-02T04:54:30
U0179,C00165,2026-03-11T13:51:39
U0653,C00166,2026-03-08T16:34:05
U0434,C00167,2025-10-31T02:52:11
U0824,C00168,2026-02-07T00:19:56
U0439,C00169,2025-12-15T01:13:03
U0422,C00170,2026-03-09T08:42:12
U0603,C00171,2026-03-10T05:22:30
U0569,C00172,2026-03-29T01:14:22
U0452,C00173,2025-11-14T09:36:02
U0214,C00174,2026-03-07T04:54:57
U0203,C00175,2026-03-15T18:30:38
U0526,C00176,2026-03-05T22:38:01
U0257,C00177,2026-03-28T18:35:14
U0893,C00178,2026-02-28T04:37:06
U0535,C00179,2026-03-07T03:02:15
U0649,C00180,2025-03-13T19:14:19
U0292,C00181,2025-03-24T21:50:30
U0580,C00182,2025-12-23T21:23:31
U0226,C00183,2026-01-13T01:11:11
U0158,C00184,2026-03-09T12:56:28
U0504,C00185,2025-12-20T21:28:46
U0709,C00186,2025-08-29T18:56:28
U0544,C00187,2026-01-26T12:27:05
U0548,C00188,2026-04-01T19:35:34
U0652,C00189,2026-03-30T05:23:39
U0071,C00190,2026-01-18T22:05:05
U0360,C00191,2026-02-27T06:25:49
U0706,C00192,2026-03-31T18:00:26
U0109,C00193,2025-12-16T08:21:00
U0059,C00194,2026-01-13T03:21:46
U0608,C00195,2025-11-05T02:50:45
U0071,C00196,2026-03-27T18:12:06
U0800,C00197,2026-03-28T02:51:22
U0342,C00198,2026-03-24T17:48:26
U0207,C00199,2025-11-25T12:28:35
U0847,C00200,2026-03-27T23:12:56
U0234,C00201,2025-12-13T07:45:07
U0374,C00202,2026-03-30T15:43:29
U0791,C00203,2026-03-26T02:55:03
U0354,C00204,2026-03-11T11:38:58
U0797,C00205,2025-05-22T11:56:39
U0665,C00206,2026-03-28T03:59:49
U0219,C00207,2026-02-12T13:31:49
U0037,C00208,2026-03-11T17:28:52
U0164,C00209,2026-02-25T18:04:53
U0522,C00210,2025-09-01T06:15:43
U0245,C00211,2026-03-21T23:25:29
U0092,C00212,2026-02-09T09:23:47
U0494,C00213,2026-02-16T05:50:32
U0493,C00214,2026-03-28T16:59:52
U0796,C00215,2025-11-30T18:19:04
U0418,C00216,2026-01-02T13:54:29
U0199,C00217,2026-02-11T22:39:28
U0139,C00218,2025-10-29T04:22:48
U0027,C00219,2026-01-28T17:55:54
U0602,C00220,2025-12-20T20:58:58
U0609,C00221,2025-11-04T06:20:31
U0124,C00222,2025-12-23T16:53:50
U0074,C00223,2026-03-31T20:09:54
U0143,C00224,2026-03-26T19:37:00
U0699,C00225,2026-03-31T00:40:03
U0356,C00226,2026-01-29T18:37:09
U0636,C00227,2026-02-07T06:23:01
U0809,C00228,2026-03-24T23:16:49
U0878,C00229,2026-01-17T04:52:53
U0439,C00230,2026-03-15T16:01:36
U0224,C00231,2025-08-19T04:12:02
U0088,C00232,2026-01-30T13:52:18
U0496,C00233,2026-03-23T09:09:49
U0693,C00234,2026-03-30T15:14:16
U0187,C00235,2025-06-13T22:09:15
U0685,C00236,2025-09-08T00:56:52
U0740,C00237,2026-02-24T23:30:58
U0176,C00238,2026-03-13T22:22:01
U0789,C00239,2026-01-09T18:23:42
U0771,C00240,2026-03-14T06:40:01
U0552,C00241,2026-03-19T19:19:28
U0543,C00242,2026-03-27T18:06:51
U0345,C00243,2026-03-26T16:27:54
U0755,C00244,2026-03-30T06:44:52
U0208,C00245,2025-07-08T05:11:06
U0527,C00246,2026-03-02T22:00:31
U0046,C00247,2026-04-01T08:13:34
U0440,C00248,2026-03-29T23:39:43
U0455,C00249,2026-03-24T16:51:32
U0572,C00250,2025-09-05T09:30:07
U0338,C00251,2025-12-19T21:28:06
U0295,C00252,2026-01-30T07:36:03
U0331,C00253,2026-03-23T15:37:22
U0733,C00254,2026-02-09T02:56:37
U0001,C00255,2026-03-17T21:34:39
U0031,C00256,2026-01-16T14:06:29
U0376,C00257,2026-03-25T09:12:48
U0241,C00258,2024-11-19T01:36:44
U0182,C00259,2026-02-23T16:23:04
U0553,C00260,2026-03-26T13:54:24
U0726,C00261,2026-03-23T21:00:08
U0652,C00262,2026-04-01T12:11:38
U0528,C00263,2026-03-29T07:04:11
U0475,C00264,2026-03-03T17:06:55
U0741,C00265,2026-03-26T21:53:26
U0441,C00266,2026-03-24T12:13:42
U0090,C00267,2026-03-31T16:42:57
U0262,C00268,2026-03-21T21:47:01
U0615,C00269,2026-02-11T12:39:37
U0312,C00270,2026-03-09T11:45:19
U0466,C00271,2025-10-21T16:37:45
U0075,C00272,2026-02-10T17:22:53
U0536,C00273,2026-04-01T20:44:34
U0375,C00274,2025-11-15T16:39:17
U0581,C00275,2026-03-27T05:37:55
U0769,C00276,2026-03-05T04:57:54
U0357,C00277,2026-01-02T04:10:29
U0735,C00278,2026-02-21T03:23:43
U0049,C00279,2026-03-23T23:27:49
U0400,C00280,2026-03-25T04:30:21
U0816,C00281,2026-03-28T09:10:42
U0695,C00282,2026-03-06T08:59:34
U0628,C00283,2026-04-01T02:31:24
U0023,C00284,2025-12-16T22:08:45
U0328,C00285,2026-01-16T01:23:06
U0730,C00286,2026-03-22T09:31:04
U0314,C00287,2026-03-17T14:30:37
U0115,C00288,2025-12-06T18:42:36
U0458,C00289,2026-03-12T09:10:53
U0536,C00290,2025-07-30T18:02:04
U0236,C00291,2026-01-27T12:09:47
U0191,C00292,2026-04-01T04:15:24
U0284,C00293,2025-05-20T14:39:10
U0308,C00294,2025-12-10T20:13:41
U0368,C00295,2025-10-28T16:24:50
U0108,C00296,2026-04-01T08:39:14
U0248,C00297,2025-12-04T10:32:25
U0239,C00298,2026-04-01T11:47:01
U0498,C00299,2026-02-02T04:40:34
U0174,C00300,2025-12-13T06:38:41
U0112,C00301,2026-02-10T15:16:39
U0417,C00302,2025-09-18T11:58:18
U0666,C00303,2026-03-19T18:46:42
U0802,C00304,2026-03-27T06:00:03
U0235,C00305,2026-03-29T04:35:16
U0216,C00306,2026-04-01T22:52:50
U0037,C00307,2026-02-23T04:52:20
U0173,C00308,2026-01-31T06:20:40
U0105,C00309,2026-01-29T08:47:44
U0128,C00310,2026-03-09T14:24:45
U0065,C00311,2026-03-28T04:46:34
U0730,C00312,2025-11-28T09:38:35
U0739,C00313,2026-03-13T07:05:26
U0295,C00314,2026-03-18T08:32:12
U0203,C00315,2025-09-20T09:26:13
U0525,C00316,2026-02-22T20:58:31
U0713,C00317,2026-02-27T02:58:43
U0787,C00318,2026-03-04T21:51:21
U0360,C00319,2026-03-12T15:27:24
U0332,C00320,2026-04-01T06:18:46
U0178,C00321,2026-01-16T21:01:29
U0685,C00322,2025-12-12T03:14:09
U0586,C00323,2026-01-12T16:31:25
U0717,C00324,2025-10-11T12:08:05
U0890,C00325,2026-02-22T05:09:02
U0248,C00326,2026-01-12T10:14:15
U0836,C00327,2026-04-01T11:21:17
U0015,C00328,2026-01-02T16:38:13
U0795,C00329,2026-02-17T04:44:07
U0529,C00330,2026-03-27T18:23:15
U0488,C00331,2026-03-31T22:17:18
U0710,C00332,2026-03-24T06:41:29
U0241,C00333,2026-03-12T21:10:25
U0428,C00334,2025-10-28T08:07:37
U0150,C00335,2026-03-20T15:24:05
U0665,C00336,2026-03-01T22:16:44
U0222,C00337,2026-02-28T19:56:07
U0254,C00338,2026-03-29T23:17:42
U0297,C00339,2026-02-14T20:50:42
U0884,C00340,2026-02-26T12:14:31
U0700,C00341,2025-12-12T08:24:03
U0459,C00342,2026-01-18T23:02:12
U0748,C00343,2026-03-01T13:08:30
U0292,C00344,2025-05-25T10:37:42
U0192,C00345,2025-06-07T08:23:19
U0330,C00346,2025-11-20T16:17:23
U0405,C00347,2026-02-07T12:42:05
U0778,C00348,2026-03-28T16:14:41
U0604,C00349,2026-04-01T16:27:23
U0109,C00350,2025-05-01T14:07:45
U0481,C00351,2026-03-31T08:52:47
U0342,C00352,2025-11-02T17:23:20
U0745,C00353,2026-03-18T03:15:32
U0620,C00354,2026-01-27T19:14:35
U0220,C00355,2025-11-14T16:31:47
U0282,C00356,2026-04-01T01:04:41
U0649,C00357,2025-10-19T01:51:33
U0744,C00358,2026-03-28T08:41:56
U0601,C00359,2025-12-13T19:39:05
U0770,C00360,2026-02-28T04:29:11
U0606,C00361,2026-02-01T17:43:01
U0540,C00362,2026-01-03T01:06:35
U0794,C00363,2025-11-25T11:07:29
U0576,C00364,2026-01-27T09:14:10
U0598,C00365,2026-03-03T09:31:08
U0635,C00366,2024-07-30T02:32:01
U0558,C00367,2026-02-04T12:11:09
U0818,C00368,2026-03-19T21:40:18
U0035,C00369,2026-03-10T15:34:18
U0017,C00370,2026-03-07T18:48:30
U0898,C00371,2026-03-31T18:55:08
U0246,C00372,2025-09-02T14:59:40
U0124,C00373,2025-09-16T01:57:56
U0311,C00374,2025-10-27T18:20:24
U0529,C00375,2026-04-01T11:12:43
U0310,C00376,2026-03-24T10:36:40
U0423,C00377,2025-07-29T14:19:47
U0496,C00378,2025-11-08T10:59:47
U0327,C00379,2026-03-20T16:46:42
U0743,C00380,2026-03-18T12:37:01
U0151,C00381,2026-03-17T22:26:50
U0759,C00382,2025-12-20T20:43:46
U0097,C00383,2026-03-16T08:28:11
U0888,C00384,2026-01-02T02:17:37
U0291,C00385,2026-03-29T21:07:06
U0298,C00386,2025-10-04T14:23:25
U0384,C00387,2026-03-31T11:31:40
U0677,C00388,2026-03-29T22:41:28
U0223,C00389,2025-11-27T03:03:08
U0260,C00390,2025-06-21T11:12:13
U0376,C00391,2026-02-02T03:11:46
U0764,C00392,2026-03-15T22:57:31
U0805,C00393,2026-03-29T04:38:26
U0027,C00394,2026-03-07T11:16:09
U0286,C00395,2026-03-31T17:39:37
U0072,C00396,2026-03-31T06:47:41
U0397,C00397,2026-03-08T01:34:27
U0008,C00398,2026-01-10T07:36:35
U0152,C00399,2026-02-08T19:03:07
U0265,C00400,2026-03-26T21:44:22
U0125,C00401,2026-02-18T11:02:27
U0053,C00402,2026-03-22T19:53:28
U0343,C00403,2026-03-28T07:08:20
U0689,C00404,2026-03-19T21:18:22
U0333,C00405,2026-03-15T11:12:24
U0348,C00406,2025-11-08T02:51:08
U0151,C00407,2026-01-14T01:56:12
U0691,C00408,2026-03-28T07:54:22
U0574,C00409,2025-02-02T15:33:49
U0878,C00410,2025-12-11T23:06:32
U0082,C00411,2026-03-05T09:56:45
U0115,C00412,2026-03-28T23:36:47
U0684,C00413,2026-02-21T09:31:16
U0418,C00414,2025-09-29T01:07:28
U0162,C00415,2026-02-16T03:03:52
U0034,C00416,2025-12-15T12:27:41
U0248,C00417,2026-03-14T02:13:52
U0881,C00418,2025-01-07T19:56:42
U0507,C00419,2026-03-19T20:39:08
U0383,C00420,2026-02-10T07:15:06
U0605,C00421,2026-03-29T15:48:49
U0643,C00422,2026-03-22T11:32:58
U0638,C00423,2026-02-28T07:23:16
U0323,C00424,2026-01-08T10:05:37
U0594,C00425,2025-12-02T10:54:43
U0357,C00426,2025-11-03T19:46:20
U0015,C00427,2026-04-01T08:40:45
U0238,C00428,2026-03-26T04:32:24
U0264,C00429,2025-11-20T08:02:58
U0637,C00430,2026-03-15T00:03:15
U0873,C00431,2026-02-25T23:00:12
U0155,C00432,2026-03-31T03:44:27
U0109,C00433,2026-03-09T07:24:20
U0217,C00434,2026-02-25T21:52:52
U0797,C00435,2026-01-11T16:15:57
U0318,C00436,2026-04-01T16:48:35
U0057,C00437,2026-03-21T11:29:15
U0135,C00438,2026-03-30T17:01:20
U0101,C00439,2026-02-28T14:20:20
U0806,C00440,2026-03-16T23:45:50
U0472,C00441,2026-01-30T22:03:05
U0484,C00442,2026-03-16T10:41:51
U0768,C00443,2025-11-09T00:17:39
U0032,C00444,2026-01-25T16:06:02
U0126,C00445,2026-03-24T05:33:20
U0586,C00446,2026-02-18T05:17:27
U0226,C00447,2026-03-04T12:55:13
U0058,C00448,2026-02-23T08:20:39
U0665,C00449,2026-03-29T11:24:24
U0423,C00450,2026-03-26T00:14:46
U0040,C00451,2026-01-05T16:55:41
U0785,C00452,2026-01-27T00:03:54
U0520,C00453,2026-02-28T11:07:23
U0383,C00454,2026-02-19T06:04:34
U0066,C00455,2026-03-23T02:47:18
U0473,C00456,2026-03-06T03:53:23
U0583,C00457,2026-01-04T11:56:06
U0637,C00458,2026-01-14T07:28:53
U0685,C00459,2026-03-13T05:54:39
U0670,C00460,2026-03-31T17:13:47
U0800,C00461,2025-01-07T14:33:49
U0283,C00462,2025-12-06T13:27:32
U0864,C00463,2026-03-22T11:52:29
U0515,C00464,2025-12-17T01:36:32
U0792,C00465,2025-10-04T13:05:48
U0871,C00466,2026-03-20T16:53:57
U0693,C00467,2026-03-24T23:06:49
U0144,C00468,2026-03-28T15:57:57
U0414,C00469,2025-04-02T08:33:32
U0768,C00470,2025-11-05T12:07:47
U0091,C00471,2025-08-19T11:37:57
U0613,C00472,2026-01-30T00:40:58
U0097,C00473,2026-03-17T07:57:57
U0237,C00474,2025-07-11T07:19:57
U0899,C00475,2025-12-10T19:44:31
U0890,C00476,2025-02-13T11:29:28
U0688,C00477,2026-03-04T21:23:19
U0420,C00478,2026-02-24T15:24:33
U0486,C00479,2026-03-20T09:29:33
U0799,C00480,2026-03-15T12:14:52
U0069,C00481,2026-03-05T08:19:46
U0727,C00482,2026-02-16T16:46:29
U0236,C00483,2026-03-10T03:56:22
U0302,C00484,2026-03-13T05:19:30
U0805,C00485,2026-02-21T04:04:58
U0164,C00486,2026-01-11T02:13:33
U0656,C00487,2026-03-20T22:18:12
U0517,C00488,2025-11-23T00:16:27
U0053,C00489,2026-03-21T07:42:36
U0428,C00490,2025-09-04T09:11:37
U0311,C00491,2025-09-10T04:05:40
U0638,C00492,2026-02-13T09:36:00
U0239,C00493,2026-03-29T20:21:42
U0521,C00494,2026-03-15T01:20:34
U0088,C00495,2026-03-10T12:36:35
U0274,C00496,2026-02-23T00:22:45
U0777,C00497,2026-02-26T05:17:40
U0716,C00498,2026-03-15T08:26:42
U0676,C00499,2025-12-15T10:51:42
U0339,C00500,2026-03-31T15:18:37
U0634,C00501,2025-12-29T09:14:21
U0491,C00502,2026-03-27T11:18:58
U0509,C00503,2026-03-13T16:30:08
U0297,C00504,2025-05-04T16:09:04
U0815,C00505,2026-01-21T02:11:04
U0243,C00506,2026-03-22T23:57:01
U0286,C00507,2026-01-06T22:28:45
U0615,C00508,2026-03-12T19:24:07
U0858,C00509,2025-07-17T20:49:01
U0634,C00510,2025-09-18T06:23:38
U0153,C00511,2026-03-11T16:28:26
U0485,C00512,2026-03-27T19:42:18
U0482,C00513,2026-03-19T17:45:29
U0831,C00514,2026-03-15T02:05:45
U0604,C00515,2025-12-30T22:59:54
U0660,C00516,2025-08-31T09:37:05
U0112,C00517,2026-03-26T15:13:58
U0778,C00518,2026-03-31T20:41:36
U0802,C00519,2026-03-15T04:28:02
U0201,C00520,2025-11-12T13:34:52
U0135,C00521,2026-04-01T03:21:31
U0079,C00522,2026-03-05T01:43:55
U0884,C00523,2026-03-15T07:28:29
U0883,C00524,2026-03-25T03:46:09
U0362,C00525,2026-04-01T16:25:17
U0791,C00526,2026-02-28T13:08:24
U0847,C00527,2026-03-25T02:51:42
U0302,C00528,2026-03-30T06:37:13
U0882,C00529,2025-06-24T08:04:51
U0764,C00530,2026-03-26T17:50:49
U0561,C00531,2026-03-23T02:36:27
U0330,C00532,2025-10-29T12:08:53
U0880,C00533,2025-08-07T16:21:52
U0697,C00534,2026-03-31T17:48:36
U0264,C00535,2026-03-14T13:55:18
U0681,C00536,2026-03-22T10:40:02
U0849,C00537,2025-10-29T02:26:44
U0457,C00538,2026-03-04T08:26:15
U0097,C00539,2026-03-23T02:40:17
U0893,C00540,2026-03-08T16:18:21
U0163,C00541,2026-02-10T09:42:36
U0422,C00542,2025-10-20T13:12:34
U0684,C00543,2026-03-03T15:55:05
U0460,C00544,2026-02-15T00:18:54
U0497,C00545,2026-03-19T06:20:23
U0570,C00546,2026-02-22T04:10:33
U0539,C00547,2026-03-27T13:34:28
U0389,C00548,2025-09-07T08:41:35
U0242,C00549,2025-12-08T01:46:24
U0815,C00550,2026-01-04T14:17:41
U0573,C00551,2026-03-27T08:32:01
U0023,C00552,2026-01-16T19:21:03
U0273,C00553,2025-12-21T23:06:08
U0867,C00554,2026-02-12T23:41:25
U0855,C00555,2025-01-11T16:08:11
U0199,C00556,2026-01-06T06:52:40
U0013,C00557,2026-03-28T05:00:31
U0601,C00558,2026-03-09T10:49:05
U0509,C00559,2026-02-27T17:50:03
U0851,C00560,2025-11-25T21:59:35
U0020,C00561,2026-03-21T12:47:32
U0205,C00562,2025-07-31T02:38:50
U0440,C00563,2026-04-01T05:04:43
U0448,C00564,2026-03-13T18:53:04
U0279,C00565,2026-03-26T21:39:48
U0581,C00566,2026-03-30T00:47:53
U0292,C00567,2026-03-12T00:06:31
U0198,C00568,2025-10-27T17:55:47
U0543,C00569,2026-02-17T06:31:44
U0403,C00570,2026-03-22T05:18:25
U0448,C00571,2026-03-31T02:17:42
U0508,C00572,2026-01-04T20:05:28
U0293,C00573,2026-01-01T15:50:02
U0504,C00574,2026-03-06T21:51:10
U0687,C00575,2026-03-26T08:37:21
U0597,C00576,2025-10-06T17:26:39
U0338,C00577,2026-03-06T00:40:17
U0042,C00578,2025-08-24T15:22:10
U0510,C00579,2025-03-08T01:12:34
U0647,C00580,2026-03-29T14:49:21
U0456,C00581,2025-12-10T13:51:01
U0120,C00582,2026-02-27T02:21:12
U0551,C00583,2026-03-29T23:13:20
U0348,C00584,2026-03-31T18:58:35
U0460,C00585,2026-03-09T00:06:24
U0703,C00586,2026-03-03T10:18:25
U0490,C00587,2026-02-14T08:52:10
U0661,C00588,2026-03-22T16:35:19
U0568,C00589,2026-03-20T14:37:40
U0101,C00590,2026-03-05T01:45:17
U0777,C00591,2026-01-28T09:54:02
U0503,C00592,2026-03-14T15:58:43
U0706,C00593,2026-03-27T13:34:05
U0877,C00594,2026-03-06T14:00:34
U0581,C00595,2026-03-26T05:24:11
U0532,C00596,2026-03-20T11:08:17
U0265,C00597,2025-01-20T13:21:59
U0741,C00598,2026-02-02T11:37:05
U0897,C00599,2025-07-26T19:18:14
U0654,C00600,2025-09-02T12:33:03
U0788,C00601,2026-03-31T05:46:28
U0289,C00602,2026-01-14T10:23:43
U0405,C00603,2025-07-18T09:13:43
U0203,C00604,2026-01-01T00:59:51
U0093,C00605,2026-03-29T13:49:52
U0295,C00606,2026-02-09T05:36:30
U0626,C00607,2026-03-24T07:28:14
U0266,C00608,2026-02-02T02:09:20
U0417,C00609,2026-02-13T18:55:02
U0010,C00610,2026-01-08T15:39:02
U0217,C00611,2026-03-28T12:51:52
U0508,C00612,2026-03-30T04:09:37
U0657,C00613,2026-04-01T10:37:52
U0230,C00614,2025-11-17T14:11:06
U0802,C00615,2026-02-13T06:10:13
U0115,C00616,2025-12-16T14:20:07
U0311,C00617,2025-04-15T23:14:46
U0677,C00618,2026-02-25T01:08:57
U0075,C00619,2025-12-30T18:17:13
U0158,C00620,2025-12-15T19:28:22
U0321,C00621,2026-01-02T02:54:09
U0100,C00622,2026-03-21T19:19:20
U0114,C00623,2025-12-24T13:21:48
U0009,C00624,2026-03-31T22:02:36
U0373,C00625,2026-01-15T05:02:39
U0438,C00626,2026-03-15T02:34:04
U0314,C00627,2025-10-05T18:09:45
U0822,C00628,2026-03-15T18:02:00
U0343,C00629,2026-03-21T18:10:31
U0328,C00630,2026-02-12T21:22:28
U0568,C00631,2026-03-27T09:59:52
U0618,C00632,2026-01-20T19:09:50
U0785,C00633,2026-03-31T03:56:27
U0104,C00634,2025-10-30T13:41:32
U0018,C00635,2026-03-10T03:22:13
U0671,C00636,2025-12-31T23:49:39
U0416,C00637,2026-03-31T03:14:27
U0083,C00638,2025-09-04T13:01:07
U0765,C00639,2025-11-23T03:54:00
U0699,C00640,2025-06-01T15:45:02
U0663,C00641,2026-04-01T06:50:02
U0886,C00642,2026-03-14T08:28:13
U0204,C00643,2026-03-12T20:19:47
U0085,C00644,2025-10-17T09:00:29
U0288,C00645,2026-03-06T22:45:42
U0100,C00646,2025-07-25T21:16:27
U0230,C00647,2026-02-18T06:04:45
U0678,C00648,2026-03-31T16:02:58
U0305,C00649,2025-12-31T21:58:08
U0763,C00650,2026-02-10T20:53:18
U0725,C00651,2026-01-16T11:10:31
U0841,C00652,2026-03-22T20:21:30
U0489,C00653,2025-11-25T04:44:28
U0750,C00654,2026-01-02T05:46:27
U0823,C00655,2026-01-21T11:40:40
U0651,C00656,2026-02-04T02:06:29
U0079,C00657,2026-03-07T01:28:28
U0014,C00658,2026-03-04T19:06:40
U0782,C00659,2026-04-01T21:33:18
U0189,C00660,2025-06-29T21:19:30
U0183,C00661,2026-03-29T09:11:44
U0749,C00662,2026-03-09T08:52:04
U0175,C00663,2026-03-26T04:55:50
U0218,C00664,2026-04-01T09:02:49
U0506,C00665,2026-03-23T03:32:00
U0770,C00666,2025-08-21T20:03:09
U0736,C00667,2026-03-18T23:27:12
U0693,C00668,2026-03-28T21:42:22
U0047,C00669,2025-12-30T06:14:54
U0527,C00670,2026-03-20T21:54:22
U0126,C00671,2026-02-09T12:55:48
U0110,C00672,2026-03-27T16:07:42
U0687,C00673,2025-10-04T01:02:21
U0264,C00674,2025-09-23T01:22:53
U0403,C00675,2026-03-08T23:23:10
U0102,C00676,2026-03-17T06:08:51
U0810,C00677,2025-01-23T19:51:31
U0453,C00678,2026-02-27T08:44:37
U0289,C00679,2026-03-10T14:37:27
U0763,C00680,2026-03-30T03:48:17
U0033,C00681,2026-03-29T06:03:58
U0505,C00682,2026-03-21T14:24:10
U0773,C00683,2025-12-22T01:24:33
U0242,C00684,2026-01-09T15:14:55
U0421,C00685,2026-01-01T17:47:19
U0772,C00686,2026-01-10T15:14:51
U0652,C00687,2025-12-31T22:20:39
U0766,C00688,2025-12-14T19:52:22
U0383,C00689,2026-01-02T18:35:01
U0393,C00690,2026-03-15T23:37:08
U0660,C00691,2025-11-11T01:46:06
U0014,C00692,2026-02-05T06:11:28
U0859,C00693,2026-02-14T08:58:51
U0106,C00694,2026-02-27T07:15:53
U0488,C00695,2025-08-25T18:47:26
U0778,C00696,2025-07-02T13:22:54
U0373,C00697,2025-04-27T21:07:42
U0292,C00698,2025-07-19T13:31:26
U0897,C00699,2026-03-30T13:40:06
U0314,C00700,2026-03-14T06:39:37
U0456,C00701,2026-03-31T17:40:21
U0092,C00702,2026-03-26T21:04:21
U0657,C00703,2026-03-30T17:18:26
U0198,C00704,2026-02-28T07:21:19
U0171,C00705,2026-03-26T19:56:26
U0363,C00706,2025-08-08T20:23:35
U0668,C00707,2026-03-02T04:23:25
U0412,C00708,2025-12-03T23:40:18
U0495,C00709,2025-12-06T07:45:30
U0362,C00710,2026-03-04T02:25:20
U0518,C00711,2026-04-01T07:41:52
U0702,C00712,2026-03-12T22:25:40
U0554,C00713,2026-03-21T04:04:47
U0742,C00714,2025-12-06T18:45:13
U0061,C00715,2026-02-07T17:35:12
U0432,C00716,2026-03-06T21:37:36
U0363,C00717,2026-01-08T09:41:17
U0325,C00718,2026-03-02T16:09:05
U0861,C00719,2026-02-09T11:43:15
U0334,C00720,2025-10-08T07:59:12
U0382,C00721,2026-01-24T21:57:06
U0321,C00722,2026-03-27T07:04:49
U0152,C00723,2025-09-21T02:44:05
U0709,C00724,2026-02-04T09:21:28
U0255,C00725,2026-03-27T18:16:39
U0852,C00726,2026-03-31T17:31:25
U0561,C00727,2026-03-23T11:30:29
U0163,C00728,2025-10-05T06:15:14
U0015,C00729,2026-03-27T11:12:04
U0135,C00730,2026-03-26T02:26:11
U0357,C00731,2025-11-21T00:10:59
U0639,C00732,2026-03-13T01:08:46
U0706,C00733,2026-03-28T19:30:45
U0444,C00734,2025-12-28T09:09:26
U0362,C00735,2026-03-13T06:00:12
U0470,C00736,2026-04-01T18:35:49
U0024,C00737,2026-03-02T17:43:54
U0011,C00738,2026-04-01T06:22:19
U0142,C00739,2026-04-01T07:38:48
U0397,C00740,2026-01-26T01:35:44
U0224,C00741,2026-03-27T15:56:34
U0487,C00742,2026-03-29T03:58:26
U0346,C00743,2026-03-16T21:52:36
U0883,C00744,2026-03-17T00:52:42
U0767,C00745,2026-03-10T22:45:30
U0405,C00746,2025-05-09T08:48:33
U0442,C00747,2026-03-21T08:59:06
U0143,C00748,2026-03-15T08:07:53
U0800,C00749,2025-12-18T19:37:56
U0412,C00750,2025-11-09T20:13:51
U0044,C00751,2026-03-22T01:15:26
U0166,C00752,2026-03-19T13:58:09
U0202,C00753,2026-02-28T15:08:42
U0372,C00754,2026-02-02T04:11:37
U0214,C00755,2026-02-04T22:27:26
U0221,C00756,2026-03-31T13:36:15
U0282,C00757,2026-03-22T12:14:43
U0220,C00758,2025-07-23T16:05:02
U0484,C00759,2026-03-14T01:09:38
U0697,C00760,2026-03-30T21:50:55
U0549,C00761,2026-02-01T13:11:26
U0721,C00762,2026-03-09T01:44:39
U0117,C00763,2026-04-01T13:44:05
U0613,C00764,2025-10-13T03:07:58
U0006,C00765,2026-03-21T07:21:41
U0102,C00766,2026-03-14T17:37:27
U0286,C00767,2026-01-04T22:05:15
U0361,C00768,2026-02-22T08:21:18
U0064,C00769,2026-01-29T07:02:13
U0069,C00770,2025-09-30T07:15:33
U0265,C00771,2026-03-30T20:15:36
U0393,C00772,2026-03-28T08:29:43
U0183,C00773,2026-03-17T13:04:15
U0632,C00774,2025-12-19T07:35:57
U0524,C00775,2026-03-21T22:42:17
U0632,C00776,2026-03-24T07:18:13
U0435,C00777,2025-12-16T21:58:18
U0407,C00778,2026-03-15T19:33:09
U0386,C00779,2025-04-20T08:37:10
U0432,C00780,2025-12-08T12:53:11
U0520,C00781,2026-03-26T05:01:22
U0627,C00782,2026-02-01T08:52:18
U0656,C00783,2026-03-19T13:28:30
U0880,C00784,2026-01-28T23:14:49
U0446,C00785,2026-03-18T08:02:25
U0640,C00786,2026-03-28T03:05:01
U0658,C00787,2026-03-03T04:36:29
U0690,C00788,2026-03-30T14:50:06
U0202,C00789,2025-10-23T09:25:16
U0794,C00790,2025-10-05T06:11:16
U0428,C00791,2025-03-21T07:07:01
U0271,C00792,2026-02-28T14:20:01
U0101,C00793,2026-03-24T12:46:02
U0618,C00794,2026-03-20T08:15:27
U0099,C00795,2026-01-06T00:13:43
U0856,C00796,2026-03-05T01:47:55
U0193,C00797,2026-02-18T15:00:48
U0146,C00798,2026-03-18T04:32:14
U0244,C00799,2026-03-10T16:34:10
U0369,C00800,2026-03-13T07:08:22
U0046,C00801,2026-03-31T11:37:17
U0877,C00802,2026-03-31T04:57:37
U0098,C00803,2026-03-29T13:57:57
U0111,C00804,2025-11-21T22:04:29
U0489,C00805,2026-03-03T15:22:30
U0153,C00806,2026-02-21T10:42:53
U0452,C00807,2026-03-05T07:16:51
U0467,C00808,2026-03-01T16:12:57
U0680,C00809,2025-10-10T05:44:19
U0099,C00810,2026-01-22T06:29:07
U0621,C00811,2025-09-29T07:16:02
U0123,C00812,2025-06-04T14:25:02
U0828,C00813,2026-02-22T04:32:55
U0355,C00814,2026-01-12T07:27:09
U0066,C00815,2025-10-22T23:33:37
U0015,C00816,2026-02-15T04:17:27
U0596,C00817,2025-12-11T04:37:49
U0259,C00818,2026-02-12T06:08:42
U0191,C00819,2026-03-21T12:43:52
U0203,C00820,2026-02-21T14:40:18
U0339,C00821,2026-02-25T03:04:08
U0462,C00822,2025-11-01T14:23:11
U0317,C00823,2025-10-21T18:34:08
U0034,C00824,2026-02-05T10:23:45
U0259,C00825,2026-01-27T10:40:49
U0497,C00826,2026-03-27T20:51:16
U0123,C00827,2026-03-19T09:34:35
U0775,C00828,2025-12-06T05:01:16
U0025,C00829,2025-09-15T00:02:20
U0427,C00830,2026-01-31T04:19:29
U0662,C00831,2026-03-18T06:04:39
U0424,C00832,2025-11-19T18:02:34
U0260,C00833,2026-02-05T20:45:42
U0089,C00834,2026-03-14T00:07:48
U0605,C00835,2026-03-29T02:04:24
U0020,C00836,2026-04-01T16:28:02
U0722,C00837,2025-08-14T10:31:57
U0855,C00838,2024-09-27T04:16:21
U0121,C00839,2026-03-29T21:29:49
U0419,C00840,2026-03-18T11:32:49
U0822,C00841,2026-03-21T06:57:11
U0402,C00842,2026-02-26T08:08:21
U0517,C00843,2025-11-20T22:38:07
U0755,C00844,2026-02-15T12:47:02
U0854,C00845,2025-04-13T16:03:01
U0789,C00846,2026-01-20T07:08:13
U0161,C00847,2026-01-25T13:29:00
U0226,C00848,2026-03-15T11:19:30
U0324,C00849,2026-02-22T16:24:07
U0315,C00850,2026-01-24T03:51:58
U0784,C00851,2025-08-03T19:56:29
U0673,C00852,2026-03-02T14:51:20
U0611,C00853,2026-03-27T10:22:23
U0630,C00854,2026-01-30T19:16:39
U0069,C00855,2025-12-30T12:08:31
U0900,C00856,2026-03-18T10:18:48
U0631,C00857,2025-10-12T06:03:16
U0514,C00858,2026-01-12T20:32:57
U0823,C00859,2026-03-16T07:43:45
U0501,C00860,2026-01-11T21:29:01
U0395,C00861,2025-04-28T20:06:47
U0064,C00862,2026-01-08T23:35:16
U0881,C00863,2026-03-16T10:17:19
U0819,C00864,2026-03-26T06:56:26
U0227,C00865,2025-08-13T20:26:53
U0429,C00866,2026-03-25T00:14:51
U0139,C00867,2026-01-30T08:28:05
U0019,C00868,2025-12-05T22:29:11
U0733,C00869,2026-03-31T20:55:09
U0554,C00870,2025-11-05T23:15:58
U0450,C00871,2026-03-29T20:59:42
U0380,C00872,2026-02-21T03:22:30
U0292,C00873,2026-03-25T00:59:49
U0170,C00874,2026-01-23T16:22:53
U0498,C00875,2025-11-22T18:53:09
U0205,C00876,2026-03-28T01:28:42
U0667,C00877,2026-03-28T05:31:44
U0652,C00878,2026-03-07T14:03:15
U0764,C00879,2026-03-17T16:05:25
U0146,C00880,2025-01-08T09:49:24
U0441,C00881,2026-04-01T05:25:28
U0820,C00882,2026-03-19T23:24:51
U0075,C00883,2025-09-20T20:30:26
U0783,C00884,2025-08-08T08:53:39
U0026,C00885,2025-12-11T09:17:52
U0569,C00886,2026-03-16T22:56:45
U0050,C00887,2025-11-24T04:49:30
U0559,C00888,2026-02-07T17:17:42
U0815,C00889,2026-01-23T02:23:37
U0064,C00890,2025-04-03T11:21:47
U0517,C00891,2026-03-26T22:54:38
U0218,C00892,2026-03-29T22:37:16
U0485,C00893,2026-03-16T04:58:48
U0250,C00894,2026-03-23T08:46:28
U0840,C00895,2026-02-23T10:08:13
U0545,C00896,2026-03-11T10:43:36
U0753,C00897,2026-03-26T09:54:31
U0750,C00898,2026-01-04T16:04:04
U0368,C00899,2026-03-09T08:15:01
U0638,C00900,2026-03-01T01:18:49
U0174,C00901,2026-01-22T20:50:12
U0464,C00902,2026-03-15T03:38:14
U0265,C00903,2026-03-17T11:01:21
U0460,C00904,2026-03-11T10:16:06
U0249,C00905,2026-01-04T02:03:25
U0701,C00906,2026-02-26T00:12:27
U0753,C00907,2025-11-02T01:21:04
U0140,C00908,2025-12-18T21:21:01
U0800,C00909,2025-05-14T23:50:15
U0149,C00910,2025-11-09T10:01:35
U0752,C00911,2026-03-13T13:25:49
U0137,C00912,2025-12-24T03:03:52
U0653,C00913,2026-03-23T13:22:49
U0825,C00914,2026-03-31T14:31:34
U0756,C00915,2026-03-29T09:03:32
U0463,C00916,2026-02-16T02:54:09
U0883,C00917,2026-03-03T21:26:56
U0826,C00918,2026-03-27T00:52:05
U0462,C00919,2026-01-15T19:22:34
U0466,C00920,2026-01-27T09:48:17
U0144,C00921,2026-02-12T17:13:35
U0064,C00922,2025-09-08T08:08:38
U0247,C00923,2025-10-03T10:48:46
U0578,C00924,2026-01-24T01:09:25
U0257,C00925,2026-03-13T17:25:36
U0566,C00926,2026-03-28T09:12:54
U0450,C00927,2024-07-09T22:58:56
U0746,C00928,2026-03-23T01:41:38
U0706,C00929,2026-03-31T09:16:59
U0328,C00930,2026-02-25T03:38:11
U0611,C00931,2026-03-29T10:21:15
U0029,C00932,2026-02-14T03:12:57
U0055,C00933,2026-03-22T19:11:12
U0025,C00934,2026-03-05T17:36:28
U0434,C00935,2026-03-17T07:32:49
U0442,C00936,2026-03-14T00:43:06
U0603,C00937,2026-01-07T10:05:15
U0219,C00938,2025-12-15T23:16:14
U0444,C00939,2025-10-18T16:52:17
U0100,C00940,2025-08-01T11:32:19
U0089,C00941,2026-03-29T11:12:11
U0132,C00942,2025-01-11T20:23:58
U0067,C00943,2025-12-04T20:32:58
U0268,C00944,2026-03-05T07:47:01
U0252,C00945,2026-03-24T01:52:59
U0044,C00946,2026-02-11T09:21:40
U0258,C00947,2025-04-19T05:14:12
U0430,C00948,2026-03-22T05:40:48
U0562,C00949,2025-05-30T02:36:54
U0024,C00950,2026-01-24T17:31:27
U0419,C00951,2026-03-06T05:10:52
U0072,C00952,2026-03-27T07:34:36
U0739,C00953,2025-12-11T05:49:18
U0192,C00954,2025-10-03T09:38:26
U0833,C00955,2026-03-21T13:32:21
U0896,C00956,2026-03-26T01:52:00
U0754,C00957,2026-03-29T05:57:58
U0131,C00958,2025-09-13T23:20:22
U0610,C00959,2026-02-13T16:40:40
U0465,C00960,2026-03-19T17:15:59
U0076,C00961,2026-01-31T22:53:10
U0696,C00962,2024-10-17T16:30:09
U0441,C00963,2025-10-30T12:37:42
U0167,C00964,2026-02-17T19:28:03
U0262,C00965,2026-03-28T23:41:52
U0465,C00966,2026-03-28T19:37:55
U0296,C00967,2025-10-18T09:22:48
U0429,C00968,2025-10-12T19:36:25
U0364,C00969,2026-01-14T21:40:36
U0018,C00970,2026-02-22T10:01:04
U0760,C00971,2026-03-06T22:52:21
U0106,C00972,2025-11-01T05:41:39
U0329,C00973,2025-12-05T14:40:10
U0522,C00974,2026-03-29T07:36:56
U0544,C00975,2026-03-10T03:06:02
U0041,C00976,2026-03-11T23:39:23
U0418,C00977,2025-12-09T13:45:27
U0025,C00978,2025-08-08T20:53:00
U0582,C00979,2026-02-02T19:24:10
U0828,C00980,2026-03-18T18:39:16
U0554,C00981,2026-03-31T10:47:28
U0070,C00982,2026-03-20T18:16:39
U0236,C00983,2026-02-15T09:38:12
U0448,C00984,2026-02-12T09:07:57
U0159,C00985,2026-04-01T22:21:59
U0747,C00986,2026-03-04T05:07:05
U0410,C00987,2026-02-22T10:49:06
U0569,C00988,2026-03-31T02:30:26
U0490,C00989,2026-03-20T07:57:23
U0184,C00990,2025-08-23T16:37:03
U0145,C00991,2026-03-15T21:20:50
U0667,C00992,2026-03-05T16:13:56
U0391,C00993,2026-03-15T14:09:18
U0028,C00994,2026-02-09T18:44:56
U0625,C00995,2026-03-02T06:05:50
U0513,C00996,2026-03-29T07:16:48
U0079,C00997,2026-03-11T17:15:02
U0891,C00998,2026-03-31T08:42:53
U0350,C00999,2025-12-28T20:40:33
U0708,C01000,2026-01-31T16:02:08
U0878,C01001,2025-04-06T13:15:04
U0725,C01002,2025-11-30T00:49:24
U0834,C01003,2025-09-17T14:49:23
U0275,C01004,2026-02-25T07:04:10
U0663,C01005,2026-03-28T01:44:53
U0430,C01006,2026-03-29T22:49:48
U0093,C01007,2026-04-01T19:59:04
U0565,C01008,2025-11-01T02:53:50
U0039,C01009,2025-05-28T04:34:07
U0148,C01010,2026-03-14T08:34:15
U0324,C01011,2025-08-06T19:51:11
U0105,C01012,2025-12-15T18:50:35
U0136,C01013,2025-11-03T03:34:31
U0684,C01014,2025-06-25T01:28:39
U0317,C01015,2025-10-26T05:56:01
U0431,C01016,2026-03-09T01:29:07
U0485,C01017,2026-03-28T20:16:19
U0073,C01018,2025-05-09T06:20:50
U0109,C01019,2025-12-22T08:09:55
U0550,C01020,2026-01-14T05:14:24
U0300,C01021,2026-03-19T17:37:12
U0457,C01022,2025-11-08T22:55:06
U0636,C01023,2025-02-18T20:04:44
U0822,C01024,2026-03-15T16:18:15
U0869,C01025,2026-03-11T16:53:43
U0300,C01026,2025-12-30T15:07:41
U0342,C01027,2025-06-30T15:45:08
U0540,C01028,2026-03-23T21:07:06
U0027,C01029,2026-03-14T21:25:15
U0671,C01030,2025-12-05T15:35:37
U0068,C01031,2026-03-02T19:31:02
U0586,C01032,2026-01-03T03:37:25
U0382,C01033,2025-12-18T02:53:18
U0652,C01034,2025-12-31T23:16:25
U0226,C01035,2025-12-21T21:05:50
U0323,C01036,2026-01-14T03:37:19
U0779,C01037,2026-03-24T19:28:01
U0399,C01038,2026-01-21T04:43:11
U0406,C01039,2026-03-13T00:52:37
U0546,C01040,2026-04-01T10:38:17
U0385,C01041,2025-07-19T12:16:05
U0628,C01042,2026-03-29T02:45:49
U0470,C01043,2026-02-26T06:36:20
U0473,C01044,2026-03-19T20:42:54
U0825,C01045,2026-02-21T23:35:20
U0267,C01046,2026-03-10T07:43:53
U0509,C01047,2026-01-14T02:22:47
U0078,C01048,2025-11-11T20:59:37
U0355,C01049,2026-04-01T11:47:07
U0029,C01050,2025-12-17T13:52:56
U0166,C01051,2026-03-29T10:46:54
U0202,C01052,2026-03-11T16:22:16
U0099,C01053,2026-02-25T16:55:45
U0873,C01054,2026-03-18T02:49:14
U0871,C01055,2026-04-01T10:38:13
U0002,C01056,2026-03-27T09:10:13
U0489,C01057,2025-12-02T21:14:00
U0590,C01058,2026-03-26T12:41:40
U0866,C01059,2026-03-02T04:11:55
U0811,C01060,2026-03-31T12:45:47
U0228,C01061,2026-02-21T02:49:27
U0489,C01062,2025-03-10T10:55:50
U0004,C01063,2026-01-08T00:46:49
U0188,C01064,2026-03-18T16:27:07
U0750,C01065,2026-01-20T16:45:41
U0579,C01066,2026-03-27T22:57:22
U0790,C01067,2025-12-30T15:22:09
U0151,C01068,2026-03-13T21:21:41
U0279,C01069,2026-01-06T03:40:48
U0139,C01070,2026-03-12T02:08:18
U0568,C01071,2025-11-15T03:11:13
U0084,C01072,2026-03-07T06:12:27
U0689,C01073,2026-02-13T00:58:23
U0529,C01074,2026-03-27T10:53:32
U0462,C01075,2026-03-30T11:52:42
U0040,C01076,2025-05-01T06:13:19
U0299,C01077,2026-02-07T19:54:40
U0615,C01078,2026-03-27T21:05:27
U0797,C01079,2025-12-24T09:11:42
U0837,C01080,2026-03-22T17:16:52
U0633,C01081,2026-02-01T01:36:48
U0871,C01082,2026-03-30T23:14:58
U0615,C01083,2025-06-21T02:50:21
U0590,C01084,2025-03-22T08:16:05
U0731,C01085,2026-01-24T14:23:25
U0245,C01086,2025-04-03T17:05:10
U0867,C01087,2025-10-29T04:29:29
U0353,C01088,2026-03-08T05:34:49
U0626,C01089,2026-03-22T00:33:31
U0778,C01090,2026-03-03T12:35:12
U0875,C01091,2026-02-02T13:17:53
U0118,C01092,2026-01-31T18:10:30
U0335,C01093,2025-12-12T18:42:33
U0557,C01094,2025-11-04T08:06:13
U0841,C01095,2026-02-13T20:40:06
U0067,C01096,2025-05-25T17:06:36
U0673,C01097,2026-03-09T04:33:26
U0402,C01098,2026-03-23T16:53:29
U0274,C01099,2025-09-30T21:36:14
U0744,C01100,2026-03-28T21:28:53
U0530,C01101,2025-11-03T13:28:06
U0060,C01102,2026-04-01T04:25:54
U0714,C01103,2026-04-01T07:49:24
U0823,C01104,2026-02-10T08:05:33
U0245,C01105,2026-03-29T11:17:34
U0686,C01106,2026-03-18T01:31:45
U0482,C01107,2025-10-29T19:38:16
U0772,C01108,2026-02-13T05:19:12
U0068,C01109,2025-11-21T07:22:11
U0143,C01110,2025-10-05T01:59:12
U0642,C01111,2025-12-09T02:30:33
U0395,C01112,2026-03-15T13:44:27
U0239,C01113,2026-04-01T16:23:56
U0119,C01114,2025-09-15T01:37:51
U0318,C01115,2026-01-22T08:29:41
U0560,C01116,2026-03-31T09:53:42
U0162,C01117,2026-01-01T13:48:40
U0855,C01118,2025-10-27T17:16:04
U0876,C01119,2026-03-25T08:08:32
U0869,C01120,2025-12-12T07:45:13
U0577,C01121,2026-03-17T06:09:33
U0884,C01122,2026-03-12T18:34:26
U0570,C01123,2026-03-14T00:33:28
U0864,C01124,2026-03-08T01:16:44
U0097,C01125,2026-03-13T04:48:49
U0334,C01126,2025-08-11T03:05:22
U0688,C01127,2026-01-15T04:06:11
U0823,C01128,2026-02-15T10:18:06
U0863,C01129,2026-03-28T20:20:28
U0296,C01130,2026-03-07T07:10:39
U0117,C01131,2024-12-26T15:41:08
U0481,C01132,2026-01-23T13:18:53
U0442,C01133,2026-01-29T20:57:24
U0680,C01134,2025-09-23T12:15:31
U0619,C01135,2026-02-13T09:56:50
U0596,C01136,2025-12-18T07:55:46
U0157,C01137,2026-04-01T03:12:06
U0391,C01138,2026-03-23T14:51:10
U0362,C01139,2026-03-22T17:54:44
U0443,C01140,2025-09-01T01:05:30
U0267,C01141,2026-02-09T13:30:18
U0787,C01142,2026-02-25T11:42:55
U0737,C01143,2026-02-28T13:41:41
U0335,C01144,2025-10-01T22:18:32
U0664,C01145,2026-03-01T05:11:36
U0287,C01146,2026-03-21T03:01:51
U0849,C01147,2025-12-16T21:39:33
U0070,C01148,2025-12-02T06:06:45
U0377,C01149,2026-03-22T20:20:07
U0842,C01150,2026-03-25T14:00:05
U0548,C01151,2025-11-17T16:13:46
U0438,C01152,2025-10-12T21:23:11
U0881,C01153,2026-02-25T16:39:03
U0423,C01154,2026-03-21T09:33:53
U0460,C01155,2026-02-17T08:55:34
U0529,C01156,2026-03-29T13:34:47
U0621,C01157,2026-03-31T01:48:54
U0394,C01158,2026-02-24T14:50:22
U0879,C01159,2026-03-19T11:20:15
U0397,C01160,2026-02-28T05:17:54
U0648,C01161,2026-02-11T21:41:48
U0498,C01162,2026-02-14T00:42:40
U0503,C01163,2026-03-18T09:34:21
U0424,C01164,2026-01-04T06:18:36
U0291,C01165,2026-03-23T16:12:38
U0425,C01166,2026-03-25T19:53:55
U0518,C01167,2025-10-10T09:20:40
U0241,C01168,2025-03-26T17:55:23
U0554,C01169,2026-03-08T16:15:59
U0897,C01170,2025-11-07T00:32:59
U0418,C01171,2026-02-15T15:53:57
U0290,C01172,2025-06-13T14:25:11
U0039,C01173,2025-11-26T01:09:41
U0027,C01174,2026-03-10T10:18:13
U0335,C01175,2026-01-20T06:24:40
U0611,C01176,2026-03-31T23:57:02
U0875,C01177,2025-03-31T05:38:36
U0664,C01178,2026-03-24T19:58:42
U0053,C01179,2025-09-26T11:24:44
U0221,C01180,2026-02-26T06:46:17
U0623,C01181,2025-08-15T06:23:47
U0853,C01182,2025-11-01T13:49:22
U0342,C01183,2026-03-16T16:58:18
U0364,C01184,2026-03-30T17:06:36
U0369,C01185,2026-03-22T06:36:08
U0204,C01186,2026-03-22T17:26:45
U0629,C01187,2025-06-18T20:39:08
U0215,C01188,2026-02-27T03:00:41
U0830,C01189,2026-03-30T11:03:43
U0526,C01190,2026-02-17T09:09:30
U0883,C01191,2026-03-17T07:28:47
U0502,C01192,2026-03-27T02:30:03
U0329,C01193,2025-06-24T12:37:14
U0665,C01194,2025-08-15T00:09:28
U0098,C01195,2025-09-15T10:19:00
U0225,C01196,2025-12-18T14:29:08
U0774,C01197,2026-02-28T16:04:44
U0243,C01198,2025-01-24T04:32:41
U0883,C01199,2026-03-27T17:01:37
U0481,C01200,2025-10-22T17:19:57
U0776,C01201,2025-09-29T17:41:44
U0266,C01202,2026-02-03T21:05:01
U0187,C01203,2026-02-28T20:47:12
U0779,C01204,2026-03-21T21:19:16
U0540,C01205,2026-01-06T22:00:58
U0622,C01206,2025-08-06T10:07:50
U0814,C01207,2026-03-24T07:01:09
U0591,C01208,2026-03-14T11:13:10
U0265,C01209,2026-02-12T10:41:33
U0814,C01210,2026-03-30T19:07:40
U0174,C01211,2026-01-09T02:38:37
U0480,C01212,2026-03-22T18:32:59
U0424,C01213,2026-01-01T03:41:37
U0738,C01214,2026-03-27T08:35:50
U0785,C01215,2026-01-02T17:59:26
U0175,C01216,2025-10-20T15:30:30
U0816,C01217,2026-02-27T08:30:58
U0622,C01218,2026-02-17T04:39:02
U0670,C01219,2026-03-26T15:20:23
U0455,C01220,2026-02-10T17:34:05
U0448,C01221,2026-03-17T22:47:34
U0591,C01222,2025-10-06T02:29:07
U0736,C01223,2026-02-19T14:40:43
U0459,C01224,2025-12-24T16:16:10
U0102,C01225,2026-03-27T05:04:09
U0664,C01226,2026-03-04T00:03:05
U0257,C01227,2026-03-27T18:59:35
U0459,C01228,2025-11-16T00:19:02
U0116,C01229,2026-03-12T17:04:54
U0337,C01230,2025-06-29T01:43:01
U0604,C01231,2026-02-23T23:42:33
U0006,C01232,2025-10-14T08:05:07
U0386,C01233,2026-02-12T20:03:39
U0164,C01234,2026-04-01T12:00:30
U0164,C01235,2026-03-22T21:16:15
U0838,C01236,2025-11-20T09:08:44
U0868,C01237,2026-03-08T00:47:21
U0227,C01238,2025-01-28T00:23:25
U0402,C01239,2026-01-22T09:22:00
U0542,C01240,2026-03-15T12:39:45
U0828,C01241,2026-03-18T21:21:29
U0032,C01242,2025-12-14T18:13:05
U0741,C01243,2025-07-28T14:42:18
U0642,C01244,2026-03-10T13:58:27
U0863,C01245,2025-06-12T12:29:38
U0034,C01246,2025-11-23T11:17:06
U0564,C01247,2026-02-22T23:25:18
U0673,C01248,2026-02-21T18:22:56
U0481,C01249,2025-02-08T12:32:32
U0791,C01250,2026-01-20T10:14:20
U0662,C01251,2026-03-22T13:14:05
U0391,C01252,2026-01-10T02:47:25
U0522,C01253,2025-11-10T07:45:08
U0856,C01254,2026-03-16T14:46:33
U0018,C01255,2026-02-28T20:53:18
U0818,C01256,2026-03-24T03:52:21
U0757,C01257,2025-07-30T03:48:16
U0180,C01258,2026-03-30T11:29:38
U0771,C01259,2026-02-28T16:39:33
U0500,C01260,2026-02-19T09:27:34
U0223,C01261,2026-04-01T16:20:07
U0612,C01262,2025-10-16T08:13:38
U0077,C01263,2026-03-18T03:39:08
U0369,C01264,2025-11-13T20:25:42
U0088,C01265,2026-02-02T21:47:59
U0671,C01266,2026-01-27T08:10:53
U0547,C01267,2026-03-12T10:02:27
U0145,C01268,2026-03-08T23:50:28
U0355,C01269,2026-03-17T09:03:11
U0810,C01270,2026-03-21T10:12:28
U0878,C01271,2026-04-01T05:55:51
U0828,C01272,2026-03-21T12:35:27
U0748,C01273,2026-03-31T07:06:37
U0692,C01274,2026-01-31T05:36:10
U0568,C01275,2026-02-01T00:13:07
U0001,C01276,2026-03-30T16:40:45
U0018,C01277,2026-03-02T07:06:43
U0233,C01278,2026-02-05T11:29:21
U0817,C01279,2026-03-29T10:29:34
U0694,C01280,2026-03-29T06:52:28
U0264,C01281,2025-09-15T21:27:42
U0437,C01282,2026-02-03T06:03:11
U0601,C01283,2026-03-15T03:06:58
U0412,C01284,2025-11-13T16:59:15
U0267,C01285,2026-01-20T04:48:13
U0033,C01286,2026-03-31T21:33:31
U0127,C01287,2025-12-08T03:17:03
U0580,C01288,2025-09-14T14:14:51
U0286,C01289,2026-01-07T13:20:53
U0032,C01290,2025-11-28T05:30:06
U0551,C01291,2026-02-09T14:34:43
U0333,C01292,2026-03-28T12:27:53
U0349,C01293,2025-11-22T03:16:22
U0769,C01294,2026-04-01T05:40:01
U0517,C01295,2026-03-22T01:17:09
U0428,C01296,2026-03-14T08:08:05
U0390,C01297,2024-10-28T05:31:13
U0650,C01298,2026-01-02T14:27:22
U0184,C01299,2026-03-04T22:59:33
U0034,C01300,2026-03-17T11:53:31
U0384,C01301,2026-03-30T01:59:39
U0316,C01302,2026-03-27T02:39:02
U0100,C01303,2026-03-13T00:34:31
U0251,C01304,2026-03-19T11:36:23
U0549,C01305,2026-03-29T07:06:21
U0054,C01306,2026-03-31T21:28:04
U0678,C01307,2026-04-01T11:31:22
U0761,C01308,2025-12-13T14:53:55
U0028,C01309,2026-02-28T07:33:58
U0077,C01310,2026-02-09T09:06:03
U0367,C01311,2025-08-09T05:02:16
U0327,C01312,2026-02-24T11:54:09
U0040,C01313,2026-03-05T07:19:32
U0391,C01314,2026-02-09T23:21:50
U0864,C01315,2026-03-16T22:13:02
U0707,C01316,2026-02-16T07:11:20
U0158,C01317,2026-03-01T08:17:10
U0255,C01318,2026-03-23T05:38:19
U0390,C01319,2026-02-21T08:27:40
U0052,C01320,2026-03-31T16:57:29
U0039,C01321,2026-03-03T14:15:53
U0168,C01322,2026-01-24T10:43:34
U0435,C01323,2026-03-27T19:01:50
U0020,C01324,2026-03-21T08:13:11
U0482,C01325,2026-03-17T04:11:25
U0159,C01326,2026-03-31T17:54:16
U0460,C01327,2026-02-02T01:57:50
U0055,C01328,2026-03-02T04:51:43
U0410,C01329,2026-03-25T18:58:12
U0834,C01330,2024-12-23T14:56:13
U0226,C01331,2026-03-11T17:49:38
U0720,C01332,2026-03-02T01:04:57
U0894,C01333,2026-03-28T06:30:59
U0593,C01334,2026-03-07T15:58:50
U0845,C01335,2025-10-21T01:27:34
U0051,C01336,2024-08-18T08:59:03
U0872,C01337,2026-03-19T18:16:42
U0810,C01338,2026-03-07T21:32:02
U0117,C01339,2025-09-02T05:53:17
U0763,C01340,2026-02-25T23:35:32
U0371,C01341,2026-03-04T16:08:06
U0257,C01342,2026-03-09T13:31:45
U0476,C01343,2026-03-03T05:50:36
U0231,C01344,2026-03-30T17:49:47
U0358,C01345,2025-11-14T15:19:23
U0764,C01346,2025-12-29T12:40:54
U0776,C01347,2025-06-01T18:47:43
U0212,C01348,2025-08-05T04:06:03
U0391,C01349,2025-04-28T22:27:47
U0261,C01350,2026-03-12T14:12:32
U0722,C01351,2025-11-01T14:21:43
U0201,C01352,2026-03-23T12:11:56
U0035,C01353,2026-03-11T04:13:09
U0069,C01354,2026-03-11T18:49:57
U0116,C01355,2025-10-19T19:32:36
U0274,C01356,2026-03-20T03:27:25
U0179,C01357,2026-03-29T09:17:49
U0118,C01358,2025-11-08T11:13:56
U0768,C01359,2026-03-30T13:49:55
U0452,C01360,2025-12-09T22:03:38
U0374,C01361,2026-03-22T17:17:18
U0336,C01362,2026-03-28T23:11:16
U0349,C01363,2026-03-29T03:59:09
U0046,C01364,2026-03-30T04:07:36
U0028,C01365,2026-01-31T18:49:25
U0721,C01366,2026-03-29T22:39:00
U0312,C01367,2026-01-03T18:11:00
U0625,C01368,2026-02-18T12:35:21
U0101,C01369,2025-01-02T20:10:03
U0266,C01370,2026-03-23T10:03:13
U0068,C01371,2026-03-30T14:38:48
U0203,C01372,2026-03-25T19:18:47
U0140,C01373,2026-03-15T08:41:53
U0618,C01374,2026-03-29T15:04:06
U0003,C01375,2025-12-04T12:20:46
U0235,C01376,2025-11-02T19:30:23
U0516,C01377,2026-03-28T14:52:22
U0315,C01378,2026-03-31T07:35:27
U0605,C01379,2026-03-28T02:02:32
U0111,C01380,2026-02-05T07:20:46
U0345,C01381,2026-03-22T05:18:57
U0334,C01382,2026-03-18T14:23:57
U0838,C01383,2025-11-17T01:08:56
U0034,C01384,2025-06-10T21:08:57
U0572,C01385,2026-03-25T04:29:46
U0653,C01386,2026-02-24T03:23:26
U0579,C01387,2025-09-15T22:58:31
U0890,C01388,2025-06-09T14:57:00
U0150,C01389,2026-02-22T12:23:54
U0487,C01390,2026-03-17T07:23:48
U0648,C01391,2026-03-06T10:29:54
U0769,C01392,2025-10-27T16:00:30
U0257,C01393,2026-03-18T04:25:28
U0067,C01394,2026-01-18T14:50:57
U0116,C01395,2025-12-25T07:22:24
U0166,C01396,2026-04-01T14:05:18
U0020,C01397,2026-03-21T21:33:09
U0784,C01398,2026-02-05T02:25:15
U0757,C01399,2026-02-11T08:13:04
U0492,C01400,2026-02-23T23:20:43
U0828,C01401,2026-03-19T10:22:08
U0732,C01402,2026-02-13T18:45:33
U0005,C01403,2026-02-01T01:57:22
U0056,C01404,2025-08-19T10:28:56
U0565,C01405,2026-01-20T16:03:03
U0771,C01406,2026-01-31T00:58:29
U0145,C01407,2026-03-25T03:53:35
U0633,C01408,2025-12-24T07:17:31
U0587,C01409,2026-01-09T01:48:46
U0358,C01410,2026-01-15T21:45:54
U0611,C01411,2026-03-23T07:09:51
U0882,C01412,2025-07-01T05:21:21
U0751,C01413,2026-01-31T00:29:11
U0677,C01414,2026-02-08T01:04:12
U0038,C01415,2025-10-24T14:21:46
U0173,C01416,2026-01-23T08:58:54
U0617,C01417,2026-02-25T07:59:14
U0029,C01418,2025-10-11T16:04:26
U0239,C01419,2026-04-01T15:40:19
U0465,C01420,2026-03-30T14:50:50
U0094,C01421,2026-04-01T13:55:13
U0706,C01422,2026-04-01T16:03:17
U0278,C01423,2026-03-30T04:02:13
U0785,C01424,2026-03-18T08:52:14
U0526,C01425,2026-03-29T14:30:57
U0372,C01426,2026-03-30T23:09:00
U0785,C01427,2025-12-21T01:27:37
U0152,C01428,2026-01-22T20:19:08
U0822,C01429,2026-03-22T18:34:50
U0688,C01430,2025-12-18T15:42:55
U0363,C01431,2026-03-29T04:16:03
U0486,C01432,2026-03-19T18:57:11
U0015,C01433,2026-01-28T03:58:09
U0105,C01434,2025-01-28T06:58:25
U0719,C01435,2026-03-30T05:31:40
U0800,C01436,2026-01-06T22:20:25
U0225,C01437,2025-07-26T23:54:46
U0053,C01438,2025-11-06T07:44:51
U0023,C01439,2026-03-21T15:44:46
U0126,C01440,2026-02-23T23:51:42
U0654,C01441,2025-07-11T10:21:46
U0164,C01442,2026-03-18T00:06:52
U0842,C01443,2026-03-17T03:01:32
U0588,C01444,2026-03-31T22:10:28
U0147,C01445,2026-02-21T22:55:03
U0735,C01446,2026-03-31T08:34:52
U0694,C01447,2026-03-27T08:06:49
U0246,C01448,2025-12-22T05:41:29
U0218,C01449,2026-03-27T21:38:48
U0316,C01450,2026-03-27T20:55:01
U0262,C01451,2026-03-15T11:53:04
U0017,C01452,2026-02-10T03:41:17
U0738,C01453,2025-08-25T08:17:59
U0842,C01454,2026-03-29T00:34:31
U0771,C01455,2026-02-13T10:25:05
U0067,C01456,2026-04-01T16:37:55
U0153,C01457,2026-03-27T00:56:43
U0692,C01458,2025-09-09T05:04:14
U0864,C01459,2026-03-18T07:56:24
U0443,C01460,2025-04-20T18:01:14
U0525,C01461,2025-05-20T15:30:18
U0687,C01462,2025-11-01T21:28:53
U0898,C01463,2026-04-01T16:32:16
U0884,C01464,2026-03-10T22:40:28
U0370,C01465,2025-08-08T06:13:44
U0513,C01466,2026-03-25T23:19:56
U0272,C01467,2026-03-27T03:08:58
U0182,C01468,2026-03-31T09:51:40
U0481,C01469,2026-03-24T16:20:06
U0525,C01470,2026-03-23T17:56:29
U0529,C01471,2026-03-29T22:21:02
U0067,C01472,2025-12-30T05:20:09
U0105,C01473,2026-03-25T10:15:20
U0549,C01474,2026-01-03T18:03:02
U0182,C01475,2026-04-01T03:53:12
U0657,C01476,2026-03-31T10:11:21
U0076,C01477,2025-10-16T18:57:15
U0094,C01478,2026-02-11T06:17:56
U0092,C01479,2026-03-27T05:57:13
U0773,C01480,2026-01-05T23:23:02
U0336,C01481,2025-08-05T22:11:42
U0595,C01482,2026-03-02T21:59:19
U0717,C01483,2025-10-22T11:03:51
U0649,C01484,2026-01-31T18:26:37
U0138,C01485,2026-03-01T05:00:35
U0681,C01486,2026-03-18T20:22:19
U0321,C01487,2024-11-18T22:24:39
U0147,C01488,2025-10-04T14:27:12
U0517,C01489,2024-12-16T20:21:26
U0392,C01490,2025-11-18T19:35:34
U0020,C01491,2026-03-17T15:24:36
U0095,C01492,2026-04-01T20:38:25
U0062,C01493,2026-03-16T01:48:58
U0307,C01494,2025-06-22T12:21:21
U0741,C01495,2025-01-03T06:19:50
U0441,C01496,2026-03-30T04:12:35
U0531,C01497,2026-03-02T10:31:56
U0407,C01498,2026-03-20T07:06:31
U0388,C01499,2026-02-21T15:22:32
U0735,C01500,2026-03-29T08:51:18
U0891,C01501,2026-02-27T20:53:22
U0478,C01502,2026-03-10T04:19:02
U0240,C01503,2026-01-08T06:33:03
U0427,C01504,2026-02-18T07:41:38
U0192,C01505,2026-02-07T01:38:40
U0478,C01506,2026-01-30T06:53:57
U0595,C01507,2026-02-28T01:05:47
U0413,C01508,2026-01-15T16:22:00
U0170,C01509,2026-02-08T15:15:12
U0403,C01510,2026-03-02T13:06:44
U0223,C01511,2025-11-20T05:54:55
U0176,C01512,2026-03-06T03:39:08
U0215,C01513,2025-11-04T04:56:38
U0270,C01514,2026-03-27T20:02:19
U0590,C01515,2025-02-07T09:35:23
U0728,C01516,2025-10-24T06:40:18
U0743,C01517,2026-02-02T20:05:18
U0115,C01518,2026-03-11T13:48:50
U0622,C01519,2026-03-30T04:35:04
U0181,C01520,2026-03-30T07:02:18
U0227,C01521,2025-11-22T15:35:04
U0756,C01522,2025-09-27T16:02:53
U0292,C01523,2026-03-30T14:21:56
U0009,C01524,2026-04-01T16:13:44
U0183,C01525,2026-03-19T22:41:02
U0790,C01526,2025-11-13T21:28:05
U0459,C01527,2025-08-13T18:13:35
U0050,C01528,2025-11-06T10:10:15
U0718,C01529,2026-02-04T11:27:04
U0512,C01530,2026-03-11T17:58:47
U0712,C01531,2026-01-07T19:55:24
U0030,C01532,2025-05-17T22:00:11
U0029,C01533,2025-08-10T00:33:46
U0487,C01534,2026-03-27T12:03:15
U0853,C01535,2026-03-28T16:18:02
U0075,C01536,2025-11-14T18:53:19
U0513,C01537,2026-03-17T21:37:44
U0877,C01538,2026-03-25T19:33:58
U0426,C01539,2026-02-22T05:41:41
U0839,C01540,2026-03-27T17:29:15
U0413,C01541,2026-03-08T10:54:52
U0752,C01542,2026-03-20T05:59:04
U0808,C01543,2025-03-28T11:23:08
U0086,C01544,2025-08-06T09:44:01
U0225,C01545,2025-08-28T18:15:02
U0298,C01546,2026-03-22T17:52:21
U0261,C01547,2026-02-11T03:32:54
U0520,C01548,2026-02-23T04:23:46
U0763,C01549,2026-02-12T09:26:12
U0404,C01550,2026-03-10T00:34:46
U0620,C01551,2026-04-01T16:12:07
U0699,C01552,2025-06-13T08:00:30
U0627,C01553,2026-01-04T22:34:46
U0839,C01554,2026-03-24T10:31:27
U0812,C01555,2025-12-27T15:39:12
U0178,C01556,2026-03-21T13:51:11
U0422,C01557,2026-03-09T16:11:06
U0169,C01558,2026-03-23T14:29:59
U0337,C01559,2026-01-28T21:08:03
U0348,C01560,2026-01-10T15:56:41
U0805,C01561,2026-03-18T23:51:28
U0798,C01562,2026-03-16T07:05:56
U0452,C01563,2026-02-11T13:42:12
U0317,C01564,2025-11-26T07:27:35
U0472,C01565,2026-03-31T16:16:31
U0401,C01566,2026-03-19T03:18:58
U0384,C01567,2025-08-02T05:39:27
U0700,C01568,2025-12-24T10:12:42
U0771,C01569,2026-02-09T15:43:07
U0275,C01570,2026-03-16T10:43:07
U0644,C01571,2026-03-06T22:14:49
U0285,C01572,2026-02-21T06:06:34
U0764,C01573,2026-02-08T16:40:51
U0349,C01574,2025-08-11T20:56:13
U0420,C01575,2026-03-16T04:08:01
U0392,C01576,2025-12-20T22:26:27
U0474,C01577,2025-05-04T03:20:06
U0094,C01578,2026-02-02T09:15:08
U0478,C01579,2026-02-25T21:11:26
U0842,C01580,2025-12-13T02:37:25
U0402,C01581,2026-03-15T13:26:49
U0785,C01582,2026-03-13T04:36:58
U0668,C01583,2026-02-24T01:28:05
U0162,C01584,2025-04-03T19:52:03
U0790,C01585,2025-12-12T19:11:49
U0273,C01586,2026-04-01T19:37:08
U0612,C01587,2025-12-07T10:04:16
U0048,C01588,2025-08-18T12:45:03
U0363,C01589,2026-03-22T05:33:59
U0713,C01590,2026-03-03T01:32:27
U0868,C01591,2026-03-29T22:52:50
U0491,C01592,2026-03-20T20:12:03
U0474,C01593,2026-03-21T02:30:50
U0400,C01594,2026-01-13T23:48:44
U0688,C01595,2026-03-06T11:03:38
U0429,C01596,2025-06-21T12:04:11
U0706,C01597,2026-03-25T22:14:34
U0592,C01598,2025-11-20T10:14:55
U0699,C01599,2026-03-24T04:27:51
U0190,C01600,2026-03-11T10:23:53
U0453,C01601,2026-01-15T04:17:51
U0450,C01602,2026-03-04T19:30:55
U0087,C01603,2026-03-05T04:53:59
U0532,C01604,2026-03-07T06:13:01
U0440,C01605,2026-03-18T18:12:52
U0395,C01606,2026-02-15T00:14:20
U0582,C01607,2026-03-04T08:14:07
U0816,C01608,2025-06-14T09:22:01
U0144,C01609,2026-03-31T08:53:20
U0673,C01610,2025-10-06T20:05:15
U0383,C01611,2026-03-31T13:39:55
U0046,C01612,2026-04-01T22:50:15
U0275,C01613,2025-11-06T03:57:14
U0211,C01614,2026-02-27T03:49:28
U0541,C01615,2025-08-05T10:29:39
U0517,C01616,2026-01-01T01:55:58
U0128,C01617,2026-02-11T13:03:38
U0620,C01618,2026-03-30T11:40:01
U0772,C01619,2026-02-20T08:54:38
U0896,C01620,2026-01-03T17:06:52
U0190,C01621,2026-03-12T11:40:44
U0482,C01622,2025-09-15T18:38:25
U0712,C01623,2025-08-05T20:08:12
U0415,C01624,2026-03-29T04:13:45
U0475,C01625,2025-09-10T20:50:29
U0276,C01626,2026-03-30T11:30:17
U0151,C01627,2026-02-11T15:09:26
U0078,C01628,2025-08-05T18:04:04
U0712,C01629,2025-12-25T18:28:21
U0119,C01630,2026-01-27T12:22:57
U0553,C01631,2026-04-01T06:32:20
U0839,C01632,2026-03-18T09:40:54
U0038,C01633,2026-04-01T07:45:05
U0811,C01634,2026-01-31T01:46:07
U0099,C01635,2024-11-04T20:52:39
U0535,C01636,2026-03-10T08:42:30
U0187,C01637,2026-02-08T15:06:22
U0145,C01638,2026-03-14T13:37:17
U0455,C01639,2026-04-01T07:00:19
U0013,C01640,2026-03-29T20:38:49
U0188,C01641,2026-03-04T22:17:02
U0793,C01642,2026-04-01T04:27:59
U0549,C01643,2026-02-18T11:17:19
U0035,C01644,2026-04-01T10:52:01
U0549,C01645,2025-11-03T10:17:05
U0401,C01646,2026-03-30T12:50:39
U0653,C01647,2026-03-28T09:15:07
U0452,C01648,2025-03-25T17:57:51
U0289,C01649,2026-02-26T09:19:18
U0201,C01650,2026-03-20T16:29:27
U0171,C01651,2026-03-11T01:47:05
U0335,C01652,2025-11-22T06:26:59
U0173,C01653,2026-03-16T03:49:33
U0452,C01654,2025-10-04T16:41:12
U0661,C01655,2026-03-29T03:53:18
U0832,C01656,2026-03-20T15:40:35
U0209,C01657,2026-01-05T00:49:16
U0252,C01658,2026-03-30T13:17:04
U0811,C01659,2025-09-04T04:26:08
U0843,C01660,2026-03-24T13:51:03
U0146,C01661,2026-03-29T12:57:46
U0128,C01662,2026-03-29T00:52:38
U0524,C01663,2026-01-26T13:02:29
U0885,C01664,2026-03-30T01:21:18
U0898,C01665,2026-04-01T03:57:56
U0023,C01666,2025-04-07T17:37:01
U0887,C01667,2026-03-28T13:44:31
U0402,C01668,2026-01-30T00:58:30
U0887,C01669,2026-02-27T02:40:20
U0345,C01670,2026-03-29T05:59:12
U0150,C01671,2026-02-28T06:50:14
U0669,C01672,2025-11-17T01:23:45
U0523,C01673,2026-03-29T06:47:00
U0308,C01674,2026-04-01T01:57:08
U0496,C01675,2025-10-16T02:23:04
U0017,C01676,2026-02-27T21:45:13
U0742,C01677,2026-03-28T09:17:31
U0583,C01678,2026-03-25T03:08:54
U0679,C01679,2025-12-21T19:19:53
U0619,C01680,2025-09-10T03:39:40
U0049,C01681,2026-04-01T03:39:15
U0470,C01682,2026-03-01T14:21:23
U0490,C01683,2026-04-01T11:33:40
U0348,C01684,2025-12-27T23:24:07
U0394,C01685,2026-03-10T14:30:17
U0391,C01686,2025-11-24T21:42:43
U0436,C01687,2026-03-11T10:50:42
U0589,C01688,2026-02-14T08:16:32
U0380,C01689,2026-01-27T16:03:16
U0787,C01690,2026-02-12T02:42:52
U0178,C01691,2026-02-11T14:50:05
U0536,C01692,2026-02-07T05:12:36
U0447,C01693,2026-02-17T19:45:07
U0597,C01694,2026-01-25T11:32:23
U0372,C01695,2026-02-11T10:59:05
U0059,C01696,2025-12-23T19:44:20
U0837,C01697,2026-03-24T10:52:19
U0527,C01698,2026-03-04T03:01:15
U0453,C01699,2026-02-23T12:54:34
U0378,C01700,2026-03-23T01:21:12
U0009,C01701,2026-03-23T01:00:43
U0536,C01702,2025-07-03T04:46:40
U0394,C01703,2025-10-02T05:41:25
U0098,C01704,2026-03-07T09:50:43
U0402,C01705,2026-03-18T03:56:49
U0034,C01706,2026-02-21T09:51:19
U0151,C01707,2026-03-20T13:53:36
U0725,C01708,2025-12-27T02:42:29
U0455,C01709,2026-02-17T08:07:54
U0788,C01710,2025-12-01T03:26:11
U0028,C01711,2026-03-23T23:14:15
U0396,C01712,2025-11-04T00:20:33
U0399,C01713,2026-03-14T20:40:21
U0395,C01714,2026-03-27T02:21:13
U0594,C01715,2025-07-21T03:04:02
U0007,C01716,2026-03-27T05:33:06
U0028,C01717,2026-03-07T07:18:48
U0278,C01718,2026-03-11T11:09:08
U0815,C01719,2025-11-10T03:37:53
U0858,C01720,2026-01-29T05:44:35
U0337,C01721,2026-04-01T19:45:21
U0220,C01722,2025-12-25T22:50:56
U0811,C01723,2025-12-07T15:42:50
U0833,C01724,2026-03-26T18:52:26
U0151,C01725,2026-01-29T22:43:55
U0713,C01726,2026-03-23T12:34:04
U0538,C01727,2026-02-02T18:53:02
U0528,C01728,2025-04-16T04:27:44
U0046,C01729,2026-04-01T07:01:12
U0095,C01730,2026-03-28T03:28:26
U0570,C01731,2026-03-25T22:08:45
U0595,C01732,2026-02-21T11:36:01
U0386,C01733,2026-03-02T03:53:48
U0751,C01734,2026-01-01T09:45:36
U0211,C01735,2026-03-28T06:16:18
U0123,C01736,2026-03-31T01:06:23
U0821,C01737,2025-10-15T00:46:14
U0651,C01738,2026-03-13T11:02:34
U0865,C01739,2026-03-15T12:07:28
U0583,C01740,2026-01-02T12:29:31
U0135,C01741,2026-03-23T06:46:11
U0087,C01742,2026-02-19T15:12:30
U0329,C01743,2026-03-16T22:43:11
U0838,C01744,2025-07-20T17:13:32
U0272,C01745,2025-10-17T04:24:06
U0303,C01746,2025-12-02T06:24:03
U0711,C01747,2026-03-10T07:05:05
U0835,C01748,2025-11-28T20:17:16
U0128,C01749,2026-03-21T18:00:39
U0063,C01750,2025-12-21T03:01:10
U0001,C01751,2025-03-13T06:04:37
U0315,C01752,2026-01-05T07:55:35
U0798,C01753,2026-02-04T13:32:44
U0171,C01754,2026-03-08T21:22:10
U0146,C01755,2025-07-17T01:44:36
U0607,C01756,2026-02-16T03:56:57
U0133,C01757,2025-12-23T18:24:06
U0879,C01758,2026-03-02T13:29:01
U0745,C01759,2025-10-03T17:50:46
U0348,C01760,2025-12-30T14:30:58
U0588,C01761,2025-12-04T15:07:17
U0572,C01762,2025-12-26T14:56:07
U0099,C01763,2025-05-30T06:42:20
U0438,C01764,2026-02-03T23:13:12
U0052,C01765,2026-03-12T13:33:17
U0606,C01766,2026-01-18T15:49:38
U0469,C01767,2026-04-01T09:55:24
U0853,C01768,2026-03-05T16:25:30
U0638,C01769,2025-09-29T01:32:20
U0879,C01770,2026-03-27T20:57:43
U0688,C01771,2026-03-28T23:12:25
U0753,C01772,2026-04-01T11:46:13
U0865,C01773,2026-03-15T10:55:53
U0357,C01774,2026-03-08T13:24:12
U0329,C01775,2026-04-01T12:30:58
U0529,C01776,2026-03-26T17:04:36
U0519,C01777,2026-02-09T01:54:09
U0368,C01778,2025-08-12T11:57:16
U0763,C01779,2026-02-16T01:29:58
U0027,C01780,2026-01-27T10:22:47
U0374,C01781,2026-03-03T07:09:54
U0543,C01782,2026-02-26T00:04:17
U0826,C01783,2025-03-15T21:40:19
U0587,C01784,2025-11-12T11:53:57
U0150,C01785,2026-03-24T23:51:25
U0781,C01786,2026-02-28T03:41:53
U0018,C01787,2026-01-02T07:48:40
U0622,C01788,2025-10-23T15:52:34
U0648,C01789,2025-10-04T10:45:39
U0336,C01790,2026-03-13T10:46:39
U0653,C01791,2026-03-12T02:45:46
U0448,C01792,2026-02-24T07:36:43
U0174,C01793,2026-03-07T17:46:09
U0673,C01794,2026-01-18T19:43:36
U0473,C01795,2026-03-27T06:38:06
U0659,C01796,2026-02-04T12:14:39
U0595,C01797,2025-10-19T09:17:56
U0079,C01798,2026-03-16T17:02:40
U0709,C01799,2026-01-19T03:38:53
U0421,C01800,2026-03-28T13:58:15
U0452,C01801,2026-01-14T05:14:20
U0500,C01802,2026-03-03T17:04:02
U0795,C01803,2026-02-18T16:58:34
U0050,C01804,2026-02-11T00:35:04
U0424,C01805,2026-03-27T17:48:59
U0186,C01806,2026-03-31T08:42:25
U0094,C01807,2026-03-25T01:13:43
U0206,C01808,2025-10-29T12:09:59
U0755,C01809,2026-02-27T09:20:34
U0657,C01810,2026-04-01T05:43:49
U0668,C01811,2026-01-18T00:11:55
U0530,C01812,2025-12-14T21:51:41
U0524,C01813,2026-03-09T07:17:54
U0163,C01814,2025-05-04T16:03:46
U0093,C01815,2026-03-22T11:23:33
U0125,C01816,2025-12-31T05:16:07
U0868,C01817,2026-03-11T20:57:36
U0147,C01818,2025-12-17T04:39:26
U0598,C01819,2026-02-05T04:34:50
U0608,C01820,2026-03-23T20:47:30
U0169,C01821,2025-11-05T11:23:23
U0468,C01822,2026-01-30T04:35:11
U0668,C01823,2026-03-26T00:27:07
U0142,C01824,2026-04-01T19:01:36
U0040,C01825,2025-06-20T14:53:01
U0335,C01826,2026-03-25T12:45:35
U0252,C01827,2026-03-22T16:52:45
U0777,C01828,2026-02-05T21:05:58
U0752,C01829,2026-03-31T20:32:46
U0754,C01830,2026-02-04T10:03:49
U0822,C01831,2026-03-24T02:07:40
U0658,C01832,2026-03-16T04:16:24
U0189,C01833,2026-03-01T17:26:28
U0386,C01834,2026-02-03T22:08:07
U0328,C01835,2025-05-19T18:51:11
U0838,C01836,2025-10-17T00:00:45
U0033,C01837,2026-03-29T18:24:35
U0276,C01838,2026-02-24T03:40:24
U0533,C01839,2026-03-12T08:33:36
U0669,C01840,2026-03-20T10:01:50
U0254,C01841,2025-11-01T19:08:11
U0230,C01842,2026-03-23T15:35:35
U0452,C01843,2025-12-27T23:01:13
U0325,C01844,2026-03-30T18:36:34
U0422,C01845,2025-01-30T06:40:30
U0517,C01846,2026-03-02T20:18:38
U0273,C01847,2026-03-24T00:56:48
U0412,C01848,2025-09-13T18:45:21
U0749,C01849,2025-04-06T02:48:08
U0576,C01850,2026-03-24T18:27:18
U0642,C01851,2026-03-07T19:50:11
U0440,C01852,2026-01-23T01:13:09
U0801,C01853,2026-03-24T06:27:30
U0026,C01854,2026-03-25T05:18:26
U0887,C01855,2026-03-08T15:08:22
U0086,C01856,2025-11-01T08:39:08
U0538,C01857,2025-10-17T09:51:03
U0168,C01858,2026-02-17T08:02:07
U0207,C01859,2026-03-31T07:31:20
U0043,C01860,2025-10-26T13:18:45
U0081,C01861,2026-03-30T07:08:46
U0264,C01862,2025-09-11T23:28:08
U0167,C01863,2026-02-16T16:09:09
U0571,C01864,2026-03-03T12:27:02
U0777,C01865,2026-03-17T06:39:50
U0325,C01866,2026-04-01T08:19:30
U0645,C01867,2025-09-15T15:29:58
U0219,C01868,2026-02-28T04:44:31
U0755,C01869,2026-03-07T13:06:09
U0369,C01870,2026-03-07T03:00:54
U0295,C01871,2026-02-19T06:13:09
U0898,C01872,2026-04-01T08:51:14
U0587,C01873,2025-11-07T18:49:58
U0247,C01874,2026-02-14T15:20:31
U0634,C01875,2026-03-17T00:15:05
U0188,C01876,2025-11-11T09:59:25
U0807,C01877,2026-01-02T15:15:57
U0889,C01878,2025-06-06T03:57:51
U0776,C01879,2025-12-11T11:42:56
U0692,C01880,2025-10-19T07:54:44
U0188,C01881,2026-03-19T20:25:48
U0214,C01882,2025-11-22T18:29:27
U0074,C01883,2026-03-17T01:21:07
U0880,C01884,2025-08-20T17:41:36
U0581,C01885,2026-03-01T04:20:29
U0321,C01886,2026-03-30T18:18:01
U0774,C01887,2026-01-02T13:59:16
U0424,C01888,2026-03-16T06:00:48
U0231,C01889,2026-01-29T02:42:14
U0631,C01890,2026-02-21T16:57:59
U0440,C01891,2026-01-29T09:29:47
U0837,C01892,2026-03-25T23:48:20
U0588,C01893,2026-02-11T11:30:47
U0476,C01894,2025-03-02T04:56:31
U0726,C01895,2026-02-12T00:50:50
U0154,C01896,2024-07-15T03:45:54
U0140,C01897,2026-03-28T22:07:26
U0829,C01898,2026-01-03T18:40:51
U0757,C01899,2026-03-31T20:57:06
U0440,C01900,2026-02-21T07:16:31
U0251,C01901,2025-08-06T20:42:47
U0397,C01902,2026-03-16T12:38:14
U0711,C01903,2026-02-04T17:50:12
U0091,C01904,2026-03-19T10:15:57
U0495,C01905,2025-11-01T11:34:43
U0864,C01906,2026-03-18T21:43:37
U0571,C01907,2026-02-02T03:51:38
U0794,C01908,2025-10-17T11:31:27
U0876,C01909,2026-02-08T07:08:46
U0498,C01910,2025-10-11T13:43:50
U0011,C01911,2024-12-29T12:09:28
U0032,C01912,2026-03-03T15:33:22
U0287,C01913,2025-10-19T09:16:37
U0528,C01914,2026-02-10T14:30:02
U0823,C01915,2026-03-05T16:37:56
U0599,C01916,2026-03-31T09:31:05
U0437,C01917,2026-03-29T17:26:08
U0504,C01918,2025-12-16T10:37:13
U0236,C01919,2026-03-12T11:47:53
U0897,C01920,2026-02-28T23:36:40
U0549,C01921,2026-03-08T21:45:58
U0211,C01922,2026-03-19T04:39:58
U0772,C01923,2025-07-12T14:33:10
U0647,C01924,2025-12-31T09:48:19
U0830,C01925,2026-03-02T08:01:54
U0054,C01926,2026-03-07T12:06:05
U0124,C01927,2025-12-25T10:47:00
U0703,C01928,2026-02-03T23:31:24
U0663,C01929,2025-10-06T15:43:02
U0420,C01930,2025-02-28T15:47:14
U0064,C01931,2025-08-09T22:30:40
U0776,C01932,2026-03-13T02:21:30
U0303,C01933,2025-09-15T03:24:03
U0326,C01934,2026-02-17T08:23:34
U0714,C01935,2026-04-01T05:52:30
U0244,C01936,2026-02-24T12:43:55
U0843,C01937,2026-03-27T14:42:58
U0677,C01938,2024-07-15T23:26:35
U0192,C01939,2026-03-15T13:34:05
U0515,C01940,2026-02-09T04:39:38
U0512,C01941,2025-06-15T16:23:43
U0068,C01942,2026-02-23T08:26:39
U0365,C01943,2026-03-16T01:55:31
U0348,C01944,2025-08-18T05:07:00
U0185,C01945,2026-02-10T15:27:27
U0263,C01946,2025-02-17T23:09:51
U0731,C01947,2026-02-28T12:20:18
U0189,C01948,2026-04-01T03:50:23
U0827,C01949,2026-04-01T05:50:36
U0582,C01950,2026-02-05T07:55:58
U0536,C01951,2025-08-16T04:25:52
U0677,C01952,2026-03-27T04:58:33
U0549,C01953,2026-01-17T00:40:38
U0056,C01954,2026-03-18T23:26:43
U0695,C01955,2026-03-31T09:41:07
U0665,C01956,2026-01-19T00:53:56
U0657,C01957,2026-04-01T22:01:29
U0339,C01958,2026-03-17T11:51:58
U0273,C01959,2026-01-28T09:43:26
U0535,C01960,2026-04-01T15:18:52
U0584,C01961,2026-03-17T13:41:49
U0123,C01962,2026-03-26T14:31:32
U0770,C01963,2026-03-31T21:45:34
U0622,C01964,2025-10-29T11:57:31
U0864,C01965,2026-03-10T09:56:34
U0600,C01966,2026-03-05T17:13:22
U0387,C01967,2026-03-17T15:43:01
U0225,C01968,2026-03-06T02:33:12
U0016,C01969,2026-03-30T04:15:05
U0273,C01970,2026-03-28T22:36:23
U0858,C01971,2025-10-06T11:04:15
U0084,C01972,2025-12-07T22:32:46
U0687,C01973,2026-03-29T12:13:02
U0243,C01974,2025-10-02T01:03:30
U0076,C01975,2025-11-06T17:24:16
U0023,C01976,2026-02-19T04:28:16
U0374,C01977,2026-03-11T07:59:23
U0541,C01978,2026-01-27T15:06:49
U0672,C01979,2026-03-29T05:53:40
U0129,C01980,2025-05-23T22:33:02
U0579,C01981,2025-12-21T04:05:31
U0360,C01982,2026-03-17T02:58:17
U0755,C01983,2025-04-08T05:58:10
U0274,C01984,2026-03-13T05:29:34
U0227,C01985,2026-02-20T00:20:20
U0302,C01986,2026-02-19T03:02:49
U0613,C01987,2025-10-05T15:51:29
U0823,C01988,2026-03-28T22:29:47
U0860,C01989,2025-11-15T11:35:52
U0615,C01990,2025-08-30T13:28:40
U0073,C01991,2026-01-19T01:25:11
U0782,C01992,2026-04-01T20:38:42
U0534,C01993,2026-01-10T18:05:55
U0480,C01994,2026-03-31T07:13:26
U0119,C01995,2026-03-04T04:29:51
U0699,C01996,2025-09-05T23:43:01
U0889,C01997,2025-12-06T06:57:26
U0556,C01998,2025-11-24T11:54:00
U0151,C01999,2025-09-21T20:04:18
U0074,C02000,2026-03-24T14:09:31
U0528,C02001,2025-06-04T23:22:01
U0701,C02002,2025-11-07T15:14:12
U0524,C02003,2026-03-19T05:24:48
U0190,C02004,2026-03-27T16:38:37
U0421,C02005,2026-03-04T01:09:04
U0794,C02006,2025-08-17T17:08:45
U0429,C02007,2026-03-20T16:44:01
U0878,C02008,2025-04-04T22:00:43
U0231,C02009,2026-04-01T05:54:50
U0233,C02010,2026-02-24T16:11:57
U0782,C02011,2026-02-22T02:43:43
U0007,C02012,2026-03-18T20:00:43
U0256,C02013,2026-03-26T18:53:37
U0695,C02014,2026-03-11T05:02:46
U0104,C02015,2026-02-18T11:48:01
U0755,C02016,2026-03-18T14:38:41
U0050,C02017,2026-03-20T08:00:55
U0815,C02018,2026-03-31T19:44:49
U0554,C02019,2025-10-19T12:51:02
U0343,C02020,2026-01-23T22:22:56
U0666,C02021,2026-01-25T14:06:56
U0507,C02022,2026-03-09T00:28:58
U0495,C02023,2025-12-11T08:13:55
U0470,C02024,2026-03-31T13:41:36
U0484,C02025,2026-03-31T15:17:04
U0572,C02026,2025-07-02T05:56:04
U0642,C02027,2026-02-19T04:06:43
U0149,C02028,2025-12-12T18:47:14
U0445,C02029,2026-01-14T16:22:59
U0119,C02030,2026-01-29T22:33:00
U0370,C02031,2025-12-12T17:01:18
U0617,C02032,2026-03-29T15:45:45
U0501,C02033,2026-01-27T20:13:37
U0723,C02034,2026-02-26T12:27:15
U0311,C02035,2025-08-14T05:33:22
U0794,C02036,2026-03-23T16:16:36
U0066,C02037,2025-12-19T12:29:51
U0775,C02038,2026-01-25T18:25:25
U0481,C02039,2025-12-16T01:36:06
U0296,C02040,2026-03-18T05:46:23
U0628,C02041,2026-03-29T15:17:00
U0238,C02042,2026-02-21T21:47:25
U0299,C02043,2026-03-16T23:05:37
U0066,C02044,2026-03-29T14:30:49
U0123,C02045,2026-02-27T19:53:26
U0044,C02046,2026-03-26T17:40:38
U0057,C02047,2025-12-17T07:44:29
U0002,C02048,2025-08-25T03:09:31
U0701,C02049,2026-01-11T16:06:44
U0565,C02050,2025-05-10T15:16:52
U0567,C02051,2026-02-08T10:00:07
U0006,C02052,2026-03-26T12:43:37
U0725,C02053,2026-04-01T17:14:00
U0706,C02054,2026-03-30T10:28:15
U0243,C02055,2025-11-23T07:42:59
U0659,C02056,2026-02-05T18:37:50
U0351,C02057,2025-08-29T05:47:22
U0541,C02058,2025-09-06T21:13:07
U0630,C02059,2026-02-03T13:30:53
U0234,C02060,2025-10-13T19:46:02
U0103,C02061,2026-01-27T04:02:31
U0706,C02062,2026-04-01T16:49:12
U0834,C02063,2025-11-20T15:30:54
U0830,C02064,2025-12-24T10:56:54
U0570,C02065,2026-03-28T17:01:18
U0535,C02066,2026-01-12T12:34:10
U0647,C02067,2026-02-20T02:39:06
U0040,C02068,2025-12-10T13:48:08
U0696,C02069,2026-03-02T10:14:35
U0020,C02070,2026-03-10T02:14:55
U0792,C02071,2026-03-17T23:04:39
U0419,C02072,2026-03-16T03:04:44
U0621,C02073,2025-12-03T18:17:05
U0400,C02074,2026-02-23T19:44:01
U0832,C02075,2026-03-26T20:01:03
U0209,C02076,2025-12-05T18:14:33
U0177,C02077,2026-03-11T15:35:37
U0871,C02078,2026-03-11T12:05:28
U0145,C02079,2026-02-24T07:38:24
U0052,C02080,2026-03-20T16:37:08
U0553,C02081,2025-12-08T08:55:17
U0546,C02082,2026-04-01T08:12:40
U0128,C02083,2026-02-19T15:49:41
U0040,C02084,2026-03-29T05:13:03
U0475,C02085,2026-03-17T17:14:02
U0572,C02086,2026-03-31T00:20:54
U0087,C02087,2025-11-16T23:35:35
U0361,C02088,2026-03-02T22:06:46
U0734,C02089,2026-02-22T05:58:33
U0049,C02090,2025-11-30T05:04:30
U0530,C02091,2026-03-12T01:53:08
U0872,C02092,2026-03-28T18:34:55
U0204,C02093,2026-03-19T22:08:58
U0564,C02094,2025-08-01T05:00:26
U0613,C02095,2026-01-27T21:31:52
U0461,C02096,2026-03-17T17:24:45
U0818,C02097,2026-03-03T21:49:02
U0472,C02098,2026-03-01T07:23:25
U0060,C02099,2026-03-23T06:20:51
U0231,C02100,2026-03-15T16:15:12
U0147,C02101,2026-03-04T01:26:31
U0459,C02102,2026-01-29T17:56:37
U0416,C02103,2025-12-19T15:37:28
U0656,C02104,2025-11-25T07:17:29
U0051,C02105,2026-03-28T22:43:02
U0666,C02106,2026-01-21T19:11:30
U0199,C02107,2026-02-22T08:49:49
U0051,C02108,2026-03-20T13:31:58
U0363,C02109,2025-10-07T22:21:42
U0598,C02110,2026-03-02T10:23:20
U0166,C02111,2026-03-19T13:31:15
U0013,C02112,2026-03-11T02:08:56
U0343,C02113,2026-03-21T05:32:03
U0564,C02114,2025-09-27T18:00:47
U0686,C02115,2025-10-25T16:56:54
U0431,C02116,2026-03-29T10:36:25
U0261,C02117,2025-06-15T11:18:32
U0696,C02118,2026-01-13T18:52:26
U0058,C02119,2025-09-08T22:39:38
U0289,C02120,2026-03-30T10:04:56
U0460,C02121,2026-02-06T21:21:17
U0344,C02122,2026-01-28T06:43:55
U0038,C02123,2026-01-21T03:48:54
U0835,C02124,2026-01-29T12:30:25
U0660,C02125,2026-03-03T21:32:09
U0718,C02126,2025-12-11T16:58:35
U0111,C02127,2025-07-19T09:59:26
U0129,C02128,2026-03-02T19:54:11
U0512,C02129,2026-01-15T18:07:53
U0564,C02130,2025-11-07T11:28:05
U0766,C02131,2026-02-11T14:07:08
U0805,C02132,2026-03-01T17:48:07
U0288,C02133,2026-03-14T13:36:25
U0032,C02134,2025-09-26T14:49:48
U0816,C02135,2025-07-02T02:39:09
U0352,C02136,2026-03-31T19:11:33
U0432,C02137,2026-03-25T09:53:42
U0258,C02138,2026-03-07T21:52:54
U0112,C02139,2025-06-23T21:12:51
U0377,C02140,2025-11-04T05:06:28
U0357,C02141,2025-11-27T15:27:28
U0306,C02142,2026-02-26T22:12:34
U0406,C02143,2026-02-26T15:07:16
U0366,C02144,2025-10-23T19:17:05
U0149,C02145,2026-01-08T22:55:21
U0542,C02146,2026-03-15T23:02:06
U0573,C02147,2026-03-04T07:30:15
U0294,C02148,2026-03-13T09:26:15
U0384,C02149,2025-12-12T13:43:15
U0398,C02150,2026-01-17T13:35:59
U0226,C02151,2026-01-18T20:49:53
U0346,C02152,2026-03-13T07:38:20
U0774,C02153,2026-02-23T05:10:58
U0895,C02154,2025-12-24T00:21:01
U0631,C02155,2026-01-16T14:11:30
U0285,C02156,2026-02-24T19:22:59
U0572,C02157,2026-02-22T03:22:47
U0533,C02158,2026-03-12T14:01:19
U0248,C02159,2026-03-14T03:27:00
U0797,C02160,2026-01-25T03:20:23
U0691,C02161,2026-03-22T09:28:11
U0086,C02162,2026-02-16T02:54:27
U0002,C02163,2026-03-25T22:57:21
U0193,C02164,2026-02-07T06:16:29
U0684,C02165,2025-11-02T20:51:50
U0467,C02166,2026-03-01T11:55:43
U0006,C02167,2026-01-09T04:46:30
U0889,C02168,2026-02-07T23:25:34
U0800,C02169,2026-03-17T21:26:08
U0607,C02170,2026-03-25T14:26:52
U0116,C02171,2026-03-03T01:30:19
U0036,C02172,2025-12-05T17:00:25
U0855,C02173,2026-03-29T15:03:52
U0360,C02174,2026-03-21T05:52:22
U0238,C02175,2026-01-26T13:43:13
U0244,C02176,2026-01-06T17:35:52
U0495,C02177,2025-06-09T15:32:29
U0788,C02178,2026-03-19T04:37:03
U0219,C02179,2025-07-23T10:37:58
U0024,C02180,2026-02-09T03:16:15
U0725,C02181,2026-03-02T16:17:37
U0047,C02182,2025-08-18T16:23:31
U0028,C02183,2026-02-17T07:53:42
U0401,C02184,2026-03-19T09:26:45
U0400,C02185,2026-03-28T02:06:08
U0278,C02186,2026-03-30T09:41:35
U0135,C02187,2026-03-20T21:15:58
U0069,C02188,2025-09-16T19:30:13
U0163,C02189,2026-01-06T07:24:27
U0864,C02190,2026-03-13T22:59:21
U0634,C02191,2026-03-23T22:46:05
U0535,C02192,2026-03-24T18:56:02
U0064,C02193,2025-11-20T16:40:11
U0134,C02194,2026-03-31T14:46:51
U0122,C02195,2026-02-24T16:10:49
U0326,C02196,2026-03-05T09:02:38
U0675,C02197,2026-02-17T08:48:17
U0355,C02198,2025-11-27T21:15:09
U0053,C02199,2025-10-24T08:53:35
U0261,C02200,2025-10-18T10:12:32
